Date, MSCI EM P/B Ratio
2022-10-31,1.2785
2022-10-28,1.2766
2022-10-27,1.2992
2022-10-26,1.2852
2022-10-25,1.2742
2022-10-24,1.2715
2022-10-21,1.3052
2022-10-20,1.3047
2022-10-19,1.3086
2022-10-18,1.3285
2022-10-17,1.3084
2022-10-14,1.3047
2022-10-13,1.2914
2022-10-12,1.3077
2022-10-11,1.3061
2022-10-10,1.337
2022-10-07,1.3566
2022-10-06,1.3751
2022-10-05,1.3735
2022-10-04,1.3495
2022-10-03,1.3232
2022-09-30,1.3223
2022-09-29,1.3118
2022-09-28,1.3159
2022-09-27,1.34
2022-09-26,1.335
2022-09-23,1.361
2022-09-22,1.3867
2022-09-21,1.4004
2022-09-20,1.4216
2022-09-19,1.4067
2022-09-16,1.4186
2022-09-15,1.4405
2022-09-14,1.4463
2022-09-13,1.4728
2022-09-12,1.4711
2022-09-09,1.4579
2022-09-08,1.4383
2022-09-07,1.4372
2022-09-06,1.4507
2022-09-05,1.4542
2022-09-02,1.4606
2022-09-01,1.4677
2022-08-31,1.4901
2022-08-30,1.4862
2022-08-29,1.4845
2022-08-26,1.5067
2022-08-25,1.5021
2022-08-24,1.4748
2022-08-23,1.4813
2022-08-22,1.4848
2022-08-19,1.4991
2022-08-18,1.5112
2022-08-17,1.5202
2022-08-16,1.5182
2022-08-15,1.5193
2022-08-12,1.5221
2022-08-11,1.5184
2022-08-10,1.4927
2022-08-09,1.4994
2022-08-08,1.4997
2022-08-05,1.5013
2022-08-04,1.4889
2022-08-03,1.4757
2022-08-02,1.4735
2022-08-01,1.4895
2022-07-29,1.4877
2022-07-28,1.4942
2022-07-27,1.482
2022-07-26,1.482
2022-07-25,1.4778
2022-07-22,1.4827
2022-07-21,1.4834
2022-07-20,1.4771
2022-07-19,1.4672
2022-07-18,1.468
2022-07-15,1.4401
2022-07-14,1.4455
2022-07-13,1.453
2022-07-12,1.4482
2022-07-11,1.469
2022-07-08,1.4966
2022-07-07,1.4887
2022-07-06,1.4688
2022-07-05,1.4845
2022-07-04,1.4865
2022-07-01,1.4864
2022-06-30,1.4987
2022-06-29,1.4495
2022-06-28,1.4736
2022-06-27,1.4701
2022-06-24,1.4466
2022-06-23,1.4242
2022-06-22,1.4156
2022-06-21,1.4489
2022-06-20,1.4253
2022-06-17,1.4314
2022-06-16,1.4362
2022-06-15,1.4543
2022-06-14,1.4516
2022-06-13,1.4491
2022-06-10,1.5035
2022-06-09,1.5213
2022-06-08,1.5276
2022-06-07,1.5096
2022-06-06,1.5244
2022-06-03,1.5093
2022-06-02,1.5103
2022-06-01,1.6096
2022-05-31,1.609
2022-05-30,1.5886
2022-05-27,1.5559
2022-05-26,1.5257
2022-05-25,1.5207
2022-05-24,1.52
2022-05-23,1.5437
2022-05-20,1.5497
2022-05-19,1.5137
2022-05-18,1.5466
2022-05-17,1.5402
2022-05-16,1.5059
2022-05-13,1.5
2022-05-12,1.4744
2022-05-11,1.5113
2022-05-10,1.5046
2022-05-09,1.5131
2022-05-06,1.5396
2022-05-05,1.59
2022-05-04,1.5922
2022-05-03,1.5967
2022-05-02,1.6027
2022-04-29,1.6102
2022-04-28,1.5765
2022-04-27,1.5574
2022-04-26,1.5706
2022-04-25,1.561
2022-04-22,1.6068
2022-04-21,1.6244
2022-04-20,1.6373
2022-04-19,1.638
2022-04-18,1.653
2022-04-15,1.6629
2022-04-14,1.6715
2022-04-13,1.6738
2022-04-12,1.6596
2022-04-11,1.661
2022-04-08,1.677
2022-04-07,1.6815
2022-04-06,1.7058
2022-04-05,1.7294
2022-04-04,1.7347
2022-04-01,1.7124
2022-03-31,1.7063
2022-03-30,1.7634
2022-03-29,1.7439
2022-03-28,1.7258
2022-03-25,1.727
2022-03-24,1.7454
2022-03-23,1.7512
2022-03-22,1.7369
2022-03-21,1.7121
2022-03-18,1.7239
2022-03-17,1.7207
2022-03-16,1.6592
2022-03-15,1.576
2022-03-14,1.6194
2022-03-11,1.6665
2022-03-10,1.6913
2022-03-09,1.5739
2022-03-08,1.5817
2022-03-07,1.598
2022-03-04,1.6523
2022-03-03,1.6922
2022-03-02,1.6861
2022-03-01,1.6977
2022-02-28,1.691
2022-02-25,1.692
2022-02-24,1.6673
2022-02-23,1.7423
2022-02-22,1.7434
2022-02-21,1.7619
2022-02-18,1.7796
2022-02-17,1.7957
2022-02-16,1.7976
2022-02-15,1.7756
2022-02-14,1.7619
2022-02-11,1.7911
2022-02-10,1.8064
2022-02-09,1.7898
2022-02-08,1.7605
2022-02-07,1.7598
2022-02-04,1.763
2022-02-03,1.7473
2022-02-02,1.7515
2022-02-01,1.7497
2022-01-31,1.7414
2022-01-28,1.7168
2022-01-27,1.7181
2022-01-26,1.7483
2022-01-25,1.7469
2022-01-24,1.7646
2022-01-21,1.7973
2022-01-20,1.8138
2022-01-19,1.7909
2022-01-18,1.7932
2022-01-17,1.8117
2022-01-14,1.8164
2022-01-13,1.8246
2022-01-12,1.8304
2022-01-11,1.7953
2022-01-10,1.7798
2022-01-07,1.7708
2022-01-06,1.7578
2022-01-05,1.766
2022-01-04,1.7836
2022-01-03,1.7815
2021-12-31,1.7799
2021-12-30,1.8072
2021-12-29,1.8007
2021-12-28,1.8142
2021-12-27,1.8063
2021-12-24,1.8045
2021-12-23,1.8021
2021-12-22,1.7878
2021-12-21,1.7798
2021-12-20,1.7566
2021-12-17,1.7954
2021-12-16,1.8092
2021-12-15,1.7934
2021-12-14,1.8047
2021-12-13,1.8172
2021-12-10,1.8291
2021-12-09,1.8427
2021-12-08,1.8327
2021-12-07,1.8247
2021-12-06,1.7928
2021-12-03,1.8086
2021-12-02,1.8256
2021-12-01,1.8128
2021-11-30,1.7861
2021-11-29,1.7933
2021-11-26,1.8008
2021-11-25,1.846
2021-11-24,1.8437
2021-11-23,1.847
2021-11-22,1.8561
2021-11-19,1.869
2021-11-18,1.8757
2021-11-17,1.8949
2021-11-16,1.9008
2021-11-15,1.8961
2021-11-12,1.8944
2021-11-11,1.8883
2021-11-10,1.8775
2021-11-09,1.8774
2021-11-08,1.8707
2021-11-05,1.8614
2021-11-04,1.8678
2021-11-03,1.8603
2021-11-02,1.8623
2021-11-01,1.8616
2021-10-29,1.8659
2021-10-28,1.8822
2021-10-27,1.891
2021-10-26,1.912
2021-10-25,1.9129
2021-10-22,1.9063
2021-10-21,1.9074
2021-10-20,1.9198
2021-10-19,1.9099
2021-10-18,1.8925
2021-10-15,1.8941
2021-10-14,1.8699
2021-10-13,1.859
2021-10-12,1.8471
2021-10-11,1.8638
2021-10-08,1.8526
2021-10-07,1.8471
2021-10-06,1.8097
2021-10-05,1.8229
2021-10-04,1.8236
2021-10-01,1.836
2021-09-30,1.8438
2021-09-29,1.8682
2021-09-28,1.8837
2021-09-27,1.8933
2021-09-24,1.8897
2021-09-23,1.8998
2021-09-22,1.8779
2021-09-21,1.8828
2021-09-20,1.8792
2021-09-17,1.9107
2021-09-16,1.9085
2021-09-15,1.9262
2021-09-14,1.9376
2021-09-13,1.9451
2021-09-10,1.9562
2021-09-09,1.9423
2021-09-08,1.9619
2021-09-07,1.9809
2021-09-06,1.9795
2021-09-03,1.9667
2021-09-02,1.9605
2021-09-01,1.9612
2021-08-31,1.9408
2021-08-30,1.9086
2021-08-27,1.8876
2021-08-26,1.8777
2021-08-25,1.8865
2021-08-24,1.8799
2021-08-23,1.8316
2021-08-20,1.8055
2021-08-19,1.8207
2021-08-18,1.8645
2021-08-17,1.8585
2021-08-16,1.8844
2021-08-13,1.8966
2021-08-12,1.9127
2021-08-11,1.9208
2021-08-10,1.9246
2021-08-09,1.9143
2021-08-06,1.9127
2021-08-05,1.9241
2021-08-04,1.9311
2021-08-03,1.9156
2021-08-02,1.9138
2021-07-30,1.8929
2021-07-29,1.9166
2021-07-28,1.875
2021-07-27,1.855
2021-07-26,1.8936
2021-07-23,1.9406
2021-07-22,1.9653
2021-07-21,1.9442
2021-07-20,1.9378
2021-07-19,1.9491
2021-07-16,1.9829
2021-07-15,1.997
2021-07-14,1.9689
2021-07-13,1.9734
2021-07-12,1.9555
2021-07-09,1.9419
2021-07-08,1.9372
2021-07-07,1.9709
2021-07-06,1.9833
2021-07-05,1.9957
2021-07-02,1.994
2021-07-01,2.0124
2021-06-30,2.0222
2021-06-29,2.0793
2021-06-28,2.0855
2021-06-25,2.0851
2021-06-24,2.0663
2021-06-23,2.0553
2021-06-22,2.0345
2021-06-21,2.037
2021-06-18,2.051
2021-06-17,2.0575
2021-06-16,2.0667
2021-06-15,2.0799
2021-06-14,2.0844
2021-06-11,2.0853
2021-06-10,2.0786
2021-06-09,2.0702
2021-06-08,2.079
2021-06-07,2.0849
2021-06-04,2.0817
2021-06-03,2.0888
2021-06-02,2.094
2021-06-01,2.0991
2021-05-31,2.0763
2021-05-28,2.0565
2021-05-27,1.9905
2021-05-26,1.987
2021-05-25,2.0096
2021-05-24,1.9791
2021-05-21,1.9874
2021-05-20,1.9855
2021-05-19,1.9825
2021-05-18,1.9889
2021-05-17,1.9592
2021-05-14,1.9519
2021-05-13,1.9263
2021-05-12,1.9644
2021-05-11,1.9846
2021-05-10,2.0124
2021-05-07,2.0148
2021-05-06,2.0012
2021-05-05,1.9899
2021-05-04,1.9936
2021-05-03,2.0005
2021-04-30,2.0118
2021-04-29,2.0369
2021-04-28,2.0363
2021-04-27,2.0336
2021-04-26,2.0303
2021-04-23,2.0176
2021-04-22,2.0002
2021-04-21,1.9909
2021-04-20,2.0106
2021-04-19,2.0123
2021-04-16,2.0141
2021-04-15,2.0015
2021-04-14,1.9959
2021-04-13,1.9748
2021-04-12,1.9714
2021-04-09,1.9846
2021-04-08,2.0014
2021-04-07,1.997
2021-04-06,2.0093
2021-04-05,1.9961
2021-04-02,1.9959
2021-04-01,1.9919
2021-03-31,1.9628
2021-03-30,1.9988
2021-03-29,1.982
2021-03-26,1.978
2021-03-25,1.9491
2021-03-24,1.9639
2021-03-23,2.0047
2021-03-22,2.0229
2021-03-19,2.0212
2021-03-18,2.0377
2021-03-17,2.0305
2021-03-16,2.0421
2021-03-15,2.0272
2021-03-12,2.0418
2021-03-11,2.0559
2021-03-10,2.0037
2021-03-09,1.9877
2021-03-08,1.9745
2021-03-05,2.0193
2021-03-04,2.0305
2021-03-03,2.0817
2021-03-02,2.0538
2021-03-01,2.0536
2021-02-26,2.0013
2021-02-25,2.0746
2021-02-24,2.061
2021-02-23,2.0962
2021-02-22,2.0938
2021-02-19,2.1418
2021-02-18,2.1356
2021-02-17,2.161
2021-02-16,2.1595
2021-02-15,2.1549
2021-02-12,2.1404
2021-02-11,2.1391
2021-02-10,2.1336
2021-02-09,2.1111
2021-02-08,2.0988
2021-02-05,2.0891
2021-02-04,2.0782
2021-02-03,2.0851
2021-02-02,2.0661
2021-02-01,2.036
2021-01-29,1.9933
2021-01-28,2.0206
2021-01-27,2.0525
2021-01-26,2.0687
2021-01-25,2.1016
2021-01-22,2.075
2021-01-21,2.0971
2021-01-20,2.0887
2021-01-19,2.059
2021-01-18,2.0256
2021-01-15,2.0268
2021-01-14,2.0426
2021-01-13,2.0354
2021-01-12,2.0183
2021-01-11,2.0104
2021-01-08,1.9889
2021-01-07,1.9479
2021-01-06,1.9373
2021-01-05,1.9325
2021-01-04,1.9123
2021-01-01,1.8934
2020-12-31,1.8927
2020-12-30,2.0362
2020-12-29,2.0024
2020-12-28,1.9775
2020-12-25,1.9818
2020-12-24,1.9792
2020-12-23,1.9857
2020-12-22,1.9718
2020-12-21,1.9846
2020-12-18,2.0027
2020-12-17,2.0071
2020-12-16,1.9948
2020-12-15,1.9696
2020-12-14,1.9699
2020-12-11,1.9811
2020-12-10,1.9751
2020-12-09,1.9774
2020-12-08,1.9758
2020-12-07,1.9721
2020-12-04,1.9684
2020-12-03,1.9483
2020-12-02,1.9316
2020-12-01,1.937
2020-11-30,1.8507
2020-11-27,1.8923
2020-11-26,1.8934
2020-11-25,1.8743
2020-11-24,1.8843
2020-11-23,1.8769
2020-11-20,1.8602
2020-11-19,1.8451
2020-11-18,1.8572
2020-11-17,1.848
2020-11-16,1.8528
2020-11-13,1.8265
2020-11-12,1.8162
2020-11-11,1.8118
2020-11-10,1.8123
2020-11-09,1.8337
2020-11-06,1.8097
2020-11-05,1.797
2020-11-04,1.7446
2020-11-03,1.7236
2020-11-02,1.7123
2020-10-30,1.6953
2020-10-29,1.7193
2020-10-28,1.7212
2020-10-27,1.7403
2020-10-26,1.7373
2020-10-23,1.7432
2020-10-22,1.7443
2020-10-21,1.7468
2020-10-20,1.7405
2020-10-19,1.7307
2020-10-16,1.724
2020-10-15,1.7184
2020-10-14,1.7419
2020-10-13,1.7429
2020-10-12,1.7443
2020-10-09,1.7228
2020-10-08,1.7156
2020-10-07,1.6981
2020-10-06,1.6936
2020-10-05,1.6753
2020-10-02,1.661
2020-10-01,1.6668
2020-09-30,1.6621
2020-09-29,1.7186
2020-09-28,1.7191
2020-09-25,1.7053
2020-09-24,1.7
2020-09-23,1.7315
2020-09-22,1.7398
2020-09-21,1.7515
2020-09-18,1.782
2020-09-17,1.7803
2020-09-16,1.7961
2020-09-15,1.7898
2020-09-14,1.7752
2020-09-11,1.753
2020-09-10,1.7454
2020-09-09,1.7451
2020-09-08,1.7478
2020-09-07,1.7592
2020-09-04,1.7654
2020-09-03,1.7807
2020-09-02,1.7961
2020-09-01,1.7993
2020-08-31,1.7562
2020-08-28,1.7854
2020-08-27,1.7794
2020-08-26,1.7819
2020-08-25,1.7759
2020-08-24,1.7637
2020-08-21,1.7405
2020-08-20,1.7207
2020-08-19,1.7509
2020-08-18,1.7603
2020-08-17,1.7513
2020-08-14,1.741
2020-08-13,1.746
2020-08-12,1.7433
2020-08-11,1.7377
2020-08-10,1.7289
2020-08-07,1.7353
2020-08-06,1.7623
2020-08-05,1.7565
2020-08-04,1.7349
2020-08-03,1.7149
2020-07-31,1.7181
2020-07-30,1.7223
2020-07-29,1.7303
2020-07-28,1.7225
2020-07-27,1.7086
2020-07-24,1.6875
2020-07-23,1.7159
2020-07-22,1.7181
2020-07-21,1.7294
2020-07-20,1.6949
2020-07-17,1.6794
2020-07-16,1.6635
2020-07-15,1.6987
2020-07-14,1.6863
2020-07-13,1.7053
2020-07-10,1.7009
2020-07-09,1.7203
2020-07-08,1.703
2020-07-07,1.6751
2020-07-06,1.688
2020-07-03,1.6453
2020-07-02,1.6297
2020-07-01,1.5942
2020-06-30,1.5837
2020-06-29,1.6188
2020-06-26,1.627
2020-06-25,1.6331
2020-06-24,1.6447
2020-06-23,1.6538
2020-06-22,1.6283
2020-06-19,1.628
2020-06-18,1.6196
2020-06-17,1.6186
2020-06-16,1.6131
2020-06-15,1.5719
2020-06-12,1.6024
2020-06-11,1.6162
2020-06-10,1.6455
2020-06-09,1.6443
2020-06-08,1.6385
2020-06-05,1.6295
2020-06-04,1.6063
2020-06-03,1.6067
2020-06-02,1.5719
2020-06-01,1.5473
2020-05-29,1.4651
2020-05-28,1.4547
2020-05-27,1.4588
2020-05-26,1.4574
2020-05-25,1.4327
2020-05-22,1.4234
2020-05-21,1.4628
2020-05-20,1.4678
2020-05-19,1.4568
2020-05-18,1.4348
2020-05-15,1.4172
2020-05-14,1.4162
2020-05-13,1.4309
2020-05-12,1.4295
2020-05-11,1.4405
2020-05-08,1.436
2020-05-07,1.4091
2020-05-06,1.4145
2020-05-05,1.4101
2020-05-04,1.3946
2020-05-01,1.4403
2020-04-30,1.4561
2020-04-29,1.4484
2020-04-28,1.4194
2020-04-27,1.4069
2020-04-24,1.3818
2020-04-23,1.4013
2020-04-22,1.3957
2020-04-21,1.3805
2020-04-20,1.414
2020-04-17,1.4157
2020-04-16,1.3898
2020-04-15,1.3952
2020-04-14,1.4074
2020-04-13,1.3873
2020-04-10,1.3963
2020-04-09,1.3952
2020-04-08,1.3749
2020-04-07,1.3805
2020-04-06,1.3381
2020-04-03,1.3051
2020-04-02,1.313
2020-04-01,1.2993
2020-03-31,1.3325
2020-03-30,1.2325
2020-03-27,1.2513
2020-03-26,1.2655
2020-03-25,1.2423
2020-03-24,1.191
2020-03-23,1.1236
2020-03-20,1.194
2020-03-19,1.1314
2020-03-18,1.1694
2020-03-17,1.2248
2020-03-16,1.2368
2020-03-13,1.3243
2020-03-12,1.3087
2020-03-11,1.406
2020-03-10,1.4279
2020-03-09,1.4041
2020-03-06,1.4963
2020-03-05,1.5396
2020-03-04,1.54
2020-03-03,1.5259
2020-03-02,1.5093
2020-02-28,1.4871
2020-02-27,1.5199
2020-02-26,1.5395
2020-02-25,1.56
2020-02-24,1.5581
2020-02-21,1.598
2020-02-20,1.6169
2020-02-19,1.629
2020-02-18,1.6173
2020-02-17,1.6349
2020-02-14,1.6324
2020-02-13,1.6324
2020-02-12,1.6378
2020-02-11,1.6222
2020-02-10,1.6024
2020-02-07,1.611
2020-02-06,1.6292
2020-02-05,1.6088
2020-02-04,1.6027
2020-02-03,1.5649
2020-01-31,1.5679
2020-01-30,1.5831
2020-01-29,1.621
2020-01-28,1.6258
2020-01-27,1.6285
2020-01-24,1.652
2020-01-23,1.6573
2020-01-22,1.6738
2020-01-21,1.6629
2020-01-20,1.691
2020-01-17,1.6926
2020-01-16,1.6838
2020-01-15,1.6802
2020-01-14,1.6896
2020-01-13,1.6887
2020-01-10,1.6729
2020-01-09,1.6721
2020-01-08,1.6406
2020-01-07,1.6479
2020-01-06,1.6424
2020-01-03,1.6576
2020-01-02,1.6652
2020-01-01,1.6442
2019-12-31,1.6442
2019-12-30,1.7132
2019-12-27,1.7133
2019-12-26,1.7037
2019-12-25,1.6987
2019-12-24,1.6986
2019-12-23,1.7031
2019-12-20,1.6968
2019-12-19,1.6946
2019-12-18,1.6994
2019-12-17,1.6883
2019-12-16,1.6631
2019-12-13,1.6656
2019-12-12,1.6386
2019-12-11,1.619
2019-12-10,1.6053
2019-12-09,1.6085
2019-12-06,1.6059
2019-12-05,1.5961
2019-12-04,1.5851
2019-12-03,1.5863
2019-12-02,1.5907
2019-11-29,1.5939
2019-11-28,1.6089
2019-11-27,1.6133
2019-11-26,1.5699
2019-11-25,1.5772
2019-11-22,1.5712
2019-11-21,1.5632
2019-11-20,1.5765
2019-11-19,1.5831
2019-11-18,1.5775
2019-11-15,1.5708
2019-11-14,1.5604
2019-11-13,1.5618
2019-11-12,1.5816
2019-11-11,1.5763
2019-11-08,1.5974
2019-11-07,1.6063
2019-11-06,1.6006
2019-11-05,1.6034
2019-11-04,1.5955
2019-11-01,1.5694
2019-10-31,1.5609
2019-10-30,1.5589
2019-10-29,1.5642
2019-10-28,1.5628
2019-10-25,1.5512
2019-10-24,1.5556
2019-10-23,1.5449
2019-10-22,1.5501
2019-10-21,1.5416
2019-10-18,1.5335
2019-10-17,1.5406
2019-10-16,1.533
2019-10-15,1.5252
2019-10-14,1.5261
2019-10-11,1.516
2019-10-10,1.4907
2019-10-09,1.4843
2019-10-08,1.4859
2019-10-07,1.4881
2019-10-04,1.4922
2019-10-03,1.4847
2019-10-02,1.48
2019-10-01,1.4938
2019-09-30,1.496
2019-09-27,1.4931
2019-09-26,1.5051
2019-09-25,1.4996
2019-09-24,1.5094
2019-09-23,1.5148
2019-09-20,1.5243
2019-09-19,1.5184
2019-09-18,1.5262
2019-09-17,1.5184
2019-09-16,1.541
2019-09-13,1.5321
2019-09-12,1.5228
2019-09-11,1.5208
2019-09-10,1.5146
2019-09-09,1.5194
2019-09-06,1.5145
2019-09-05,1.5091
2019-09-04,1.4892
2019-09-03,1.4595
2019-09-02,1.4775
2019-08-30,1.4809
2019-08-29,1.4575
2019-08-28,1.4488
2019-08-27,1.4384
2019-08-26,1.4274
2019-08-23,1.45
2019-08-22,1.455
2019-08-21,1.4652
2019-08-20,1.4593
2019-08-19,1.4576
2019-08-16,1.4458
2019-08-15,1.4336
2019-08-14,1.4429
2019-08-13,1.4424
2019-08-12,1.4504
2019-08-09,1.4632
2019-08-08,1.4651
2019-08-07,1.4477
2019-08-06,1.4461
2019-08-05,1.4487
2019-08-02,1.4963
2019-08-01,1.5257
2019-07-31,1.5439
2019-07-30,1.5535
2019-07-29,1.558
2019-07-26,1.56
2019-07-25,1.57
2019-07-24,1.5705
2019-07-23,1.5715
2019-07-22,1.5688
2019-07-19,1.5756
2019-07-18,1.5663
2019-07-17,1.5693
2019-07-16,1.5779
2019-07-15,1.5764
2019-07-12,1.5643
2019-07-11,1.574
2019-07-10,1.5613
2019-07-09,1.5526
2019-07-08,1.5561
2019-07-05,1.5779
2019-07-04,1.5857
2019-07-03,1.5786
2019-07-02,1.5805
2019-07-01,1.584
2019-06-28,1.5773
2019-06-27,1.5786
2019-06-26,1.5666
2019-06-25,1.5642
2019-06-24,1.5752
2019-06-21,1.5767
2019-06-20,1.5764
2019-06-19,1.5557
2019-06-18,1.531
2019-06-17,1.5097
2019-06-14,1.5177
2019-06-13,1.5267
2019-06-12,1.5346
2019-06-11,1.543
2019-06-10,1.5281
2019-06-07,1.5069
2019-06-06,1.4992
2019-06-05,1.5022
2019-06-04,1.5044
2019-06-03,1.5072
2019-05-31,1.497
2019-05-30,1.4932
2019-05-29,1.4703
2019-05-28,1.4461
2019-05-27,1.4495
2019-05-24,1.4454
2019-05-23,1.442
2019-05-22,1.4614
2019-05-21,1.4624
2019-05-20,1.4538
2019-05-17,1.4581
2019-05-16,1.4811
2019-05-15,1.4881
2019-05-14,1.4835
2019-05-13,1.4884
2019-05-10,1.5139
2019-05-09,1.5017
2019-05-08,1.5343
2019-05-07,1.5451
2019-05-06,1.5544
2019-05-03,1.5823
2019-05-02,1.578
2019-05-01,1.5804
2019-04-30,1.5776
2019-04-29,1.5832
2019-04-26,1.5746
2019-04-25,1.5704
2019-04-24,1.5852
2019-04-23,1.5935
2019-04-22,1.5923
2019-04-19,1.597
2019-04-18,1.5979
2019-04-17,1.6031
2019-04-16,1.5983
2019-04-15,1.5877
2019-04-12,1.5898
2019-04-11,1.5899
2019-04-10,1.6031
2019-04-09,1.6009
2019-04-08,1.5915
2019-04-05,1.5878
2019-04-04,1.5805
2019-04-03,1.5789
2019-04-02,1.5662
2019-04-01,1.5639
2019-03-29,1.594
2019-03-28,1.5728
2019-03-27,1.5707
2019-03-26,1.5805
2019-03-25,1.5743
2019-03-22,1.5943
2019-03-21,1.6103
2019-03-20,1.6075
2019-03-19,1.6122
2019-03-18,1.6098
2019-03-15,1.5898
2019-03-14,1.5773
2019-03-13,1.5812
2019-03-12,1.5831
2019-03-11,1.5676
2019-03-08,1.548
2019-03-07,1.5695
2019-03-06,1.588
2019-03-05,1.5876
2019-03-04,1.5841
2019-03-01,1.5824
2019-02-28,1.578
2019-02-27,1.5951
2019-02-26,1.6007
2019-02-25,1.6056
2019-02-22,1.59
2019-02-21,1.5796
2019-02-20,1.5787
2019-02-19,1.5576
2019-02-18,1.5581
2019-02-15,1.5494
2019-02-14,1.5597
2019-02-13,1.5664
2019-02-12,1.5638
2019-02-11,1.5548
2019-02-08,1.5555
2019-02-07,1.5639
2019-02-06,1.5755
2019-02-05,1.579
2019-02-04,1.5731
2019-02-01,1.5767
2019-01-31,1.5758
2019-01-30,1.5567
2019-01-29,1.5462
2019-01-28,1.5458
2019-01-25,1.5518
2019-01-24,1.5324
2019-01-23,1.5196
2019-01-22,1.5169
2019-01-21,1.5265
2019-01-18,1.5292
2019-01-17,1.5165
2019-01-16,1.5138
2019-01-15,1.5111
2019-01-14,1.4908
2019-01-11,1.5026
2019-01-10,1.501
2019-01-09,1.4944
2019-01-08,1.4649
2019-01-07,1.4716
2019-01-04,1.4509
2019-01-03,1.4267
2019-01-02,1.4375
2019-01-01,1.4526
2018-12-31,1.4522
2018-12-28,1.4652
2018-12-27,1.4489
2018-12-26,1.4457
2018-12-25,1.4427
2018-12-24,1.4466
2018-12-21,1.4585
2018-12-20,1.4624
2018-12-19,1.4743
2018-12-18,1.467
2018-12-17,1.4729
2018-12-14,1.4795
2018-12-13,1.5023
2018-12-12,1.4901
2018-12-11,1.4661
2018-12-10,1.4625
2018-12-07,1.4967
2018-12-06,1.4905
2018-12-05,1.5222
2018-12-04,1.5453
2018-12-03,1.5479
2018-11-30,1.4968
2018-11-29,1.5068
2018-11-28,1.4911
2018-11-27,1.4748
2018-11-26,1.4703
2018-11-23,1.4589
2018-11-22,1.472
2018-11-21,1.4665
2018-11-20,1.464
2018-11-19,1.4912
2018-11-16,1.4863
2018-11-15,1.4763
2018-11-14,1.4576
2018-11-13,1.4535
2018-11-12,1.4536
2018-11-09,1.4682
2018-11-08,1.5006
2018-11-07,1.5031
2018-11-06,1.4941
2018-11-05,1.4943
2018-11-02,1.506
2018-11-01,1.4608
2018-10-31,1.4386
2018-10-30,1.4088
2018-10-29,1.4088
2018-10-26,1.4149
2018-10-25,1.4269
2018-10-24,1.4374
2018-10-23,1.4448
2018-10-22,1.4811
2018-10-19,1.4621
2018-10-18,1.4648
2018-10-17,1.4846
2018-10-16,1.486
2018-10-15,1.4625
2018-10-12,1.4808
2018-10-11,1.4362
2018-10-10,1.4867
2018-10-09,1.497
2018-10-08,1.4985
2018-10-05,1.5058
2018-10-04,1.5198
2018-10-03,1.5613
2018-10-02,1.5574
2018-10-01,1.5771
2018-09-28,1.5872
2018-09-27,1.5933
2018-09-26,1.5835
2018-09-25,1.5753
2018-09-24,1.5787
2018-09-21,1.5964
2018-09-20,1.5724
2018-09-19,1.5612
2018-09-18,1.5449
2018-09-17,1.5375
2018-09-14,1.5593
2018-09-13,1.5453
2018-09-12,1.523
2018-09-11,1.5179
2018-09-10,1.5279
2018-09-07,1.55
2018-09-06,1.5437
2018-09-05,1.5461
2018-09-04,1.5745
2018-09-03,1.5847
2018-08-31,1.6
2018-08-30,1.6054
2018-08-29,1.6241
2018-08-28,1.6209
2018-08-27,1.6185
2018-08-24,1.5856
2018-08-23,1.5858
2018-08-22,1.5903
2018-08-21,1.5814
2018-08-20,1.5649
2018-08-17,1.5482
2018-08-16,1.5451
2018-08-15,1.5464
2018-08-14,1.5722
2018-08-13,1.5757
2018-08-10,1.6053
2018-08-09,1.6313
2018-08-08,1.6345
2018-08-07,1.6326
2018-08-06,1.6224
2018-08-03,1.6239
2018-08-02,1.6143
2018-08-01,1.6471
2018-07-31,1.6457
2018-07-30,1.6484
2018-07-27,1.652
2018-07-26,1.6491
2018-07-25,1.6482
2018-07-24,1.6327
2018-07-23,1.619
2018-07-20,1.6153
2018-07-19,1.606
2018-07-18,1.6149
2018-07-17,1.6207
2018-07-16,1.6166
2018-07-13,1.6288
2018-07-12,1.6151
2018-07-11,1.6123
2018-07-10,1.6275
2018-07-09,1.6285
2018-07-06,1.6042
2018-07-05,1.594
2018-07-04,1.5972
2018-07-03,1.5977
2018-07-02,1.601
2018-06-29,1.5556
2018-06-28,1.5177
2018-06-27,1.5307
2018-06-26,1.5548
2018-06-25,1.5591
2018-06-22,1.5858
2018-06-21,1.5729
2018-06-20,1.5919
2018-06-19,1.5791
2018-06-18,1.6099
2018-06-15,1.6207
2018-06-14,1.6394
2018-06-13,1.6532
2018-06-12,1.6616
2018-06-11,1.6617
2018-06-08,1.6519
2018-06-07,1.6765
2018-06-06,1.676
2018-06-05,1.6681
2018-06-04,1.6715
2018-06-01,1.6453
2018-05-31,1.6207
2018-05-30,1.603
2018-05-29,1.6255
2018-05-28,1.6424
2018-05-25,1.6421
2018-05-24,1.6414
2018-05-23,1.6398
2018-05-22,1.6515
2018-05-21,1.6407
2018-05-18,1.642
2018-05-17,1.6541
2018-05-16,1.6679
2018-05-15,1.6589
2018-05-14,1.6864
2018-05-11,1.6853
2018-05-10,1.6685
2018-05-09,1.6513
2018-05-08,1.6498
2018-05-07,1.6482
2018-05-04,1.6437
2018-05-03,1.6433
2018-05-02,1.6611
2018-05-01,1.6787
2018-04-30,1.6824
2018-04-27,1.6705
2018-04-26,1.6512
2018-04-25,1.6472
2018-04-24,1.662
2018-04-23,1.6707
2018-04-20,1.6833
2018-04-19,1.7109
2018-04-18,1.698
2018-04-17,1.683
2018-04-16,1.6789
2018-04-13,1.6895
2018-04-12,1.7015
2018-04-11,1.6977
2018-04-10,1.6995
2018-04-09,1.6798
2018-04-06,1.6782
2018-04-05,1.6854
2018-04-04,1.6688
2018-04-03,1.69
2018-04-02,1.6929
2018-03-30,1.7601
2018-03-29,1.7581
2018-03-28,1.7463
2018-03-27,1.7819
2018-03-26,1.7779
2018-03-23,1.7603
2018-03-22,1.7986
2018-03-21,1.8154
2018-03-20,1.8171
2018-03-19,1.8068
2018-03-16,1.8205
2018-03-15,1.8273
2018-03-14,1.8306
2018-03-13,1.8385
2018-03-12,1.8372
2018-03-09,1.8114
2018-03-08,1.794
2018-03-07,1.7916
2018-03-06,1.7958
2018-03-05,1.7684
2018-03-02,1.7759
2018-03-01,1.7914
2018-02-28,1.7934
2018-02-27,1.8239
2018-02-26,1.8363
2018-02-23,1.8306
2018-02-22,1.8061
2018-02-21,1.8199
2018-02-20,1.7975
2018-02-19,1.8098
2018-02-16,1.8077
2018-02-15,1.8125
2018-02-14,1.7826
2018-02-13,1.7448
2018-02-12,1.7321
2018-02-09,1.712
2018-02-08,1.7462
2018-02-07,1.7708
2018-02-06,1.7676
2018-02-05,1.8158
2018-02-02,1.8493
2018-02-01,1.8747
2018-01-31,1.8851
2018-01-30,1.8738
2018-01-29,1.9059
2018-01-26,1.9139
2018-01-25,1.9016
2018-01-24,1.8902
2018-01-23,1.8829
2018-01-22,1.8627
2018-01-19,1.8533
2018-01-18,1.8465
2018-01-17,1.8376
2018-01-16,1.8302
2018-01-15,1.8208
2018-01-12,1.819
2018-01-11,1.8008
2018-01-10,1.7987
2018-01-09,1.8111
2018-01-08,1.816
2018-01-05,1.8064
2018-01-04,1.7949
2018-01-03,1.7814
2018-01-02,1.7723
2018-01-01,1.7405
2017-12-29,1.8116
2017-12-28,1.8038
2017-12-27,1.7907
2017-12-26,1.7812
2017-12-25,1.7849
2017-12-22,1.7845
2017-12-21,1.7755
2017-12-20,1.7719
2017-12-19,1.7694
2017-12-18,1.7687
2017-12-15,1.7481
2017-12-14,1.7534
2017-12-13,1.7482
2017-12-12,1.7401
2017-12-11,1.7522
2017-12-08,1.7393
2017-12-07,1.7209
2017-12-06,1.722
2017-12-05,1.7507
2017-12-04,1.756
2017-12-01,1.7451
2017-11-30,1.737
2017-11-29,1.7742
2017-11-28,1.7802
2017-11-27,1.7785
2017-11-24,1.7948
2017-11-23,1.7923
2017-11-22,1.7998
2017-11-21,1.7895
2017-11-20,1.7686
2017-11-17,1.7683
2017-11-16,1.7499
2017-11-15,1.728
2017-11-14,1.7369
2017-11-13,1.7425
2017-11-10,1.7511
2017-11-09,1.7631
2017-11-08,1.762
2017-11-07,1.767
2017-11-06,1.7566
2017-11-03,1.7516
2017-11-02,1.7535
2017-11-01,1.7554
2017-10-31,1.7382
2017-10-30,1.7361
2017-10-27,1.7229
2017-10-26,1.7214
2017-10-25,1.7313
2017-10-24,1.7302
2017-10-23,1.7349
2017-10-20,1.7401
2017-10-19,1.7358
2017-10-18,1.7527
2017-10-17,1.7503
2017-10-16,1.7612
2017-10-13,1.7513
2017-10-12,1.7446
2017-10-11,1.7371
2017-10-10,1.7305
2017-10-09,1.711
2017-10-06,1.7153
2017-10-05,1.7122
2017-10-04,1.7147
2017-10-03,1.7055
2017-10-02,1.6836
2017-09-29,1.7364
2017-09-28,1.7199
2017-09-27,1.7289
2017-09-26,1.7265
2017-09-25,1.7468
2017-09-22,1.7695
2017-09-21,1.7789
2017-09-20,1.7842
2017-09-19,1.779
2017-09-18,1.7849
2017-09-15,1.7672
2017-09-14,1.7626
2017-09-13,1.7637
2017-09-12,1.7649
2017-09-11,1.7601
2017-09-08,1.7496
2017-09-07,1.749
2017-09-06,1.7332
2017-09-05,1.7384
2017-09-04,1.7364
2017-09-01,1.7488
2017-08-31,1.7421
2017-08-30,1.7431
2017-08-29,1.7327
2017-08-28,1.7415
2017-08-25,1.7383
2017-08-24,1.7347
2017-08-23,1.7226
2017-08-22,1.7175
2017-08-21,1.7054
2017-08-18,1.6953
2017-08-17,1.7033
2017-08-16,1.6992
2017-08-15,1.6875
2017-08-14,1.6911
2017-08-11,1.6694
2017-08-10,1.6911
2017-08-09,1.7124
2017-08-08,1.7292
2017-08-07,1.723
2017-08-04,1.7107
2017-08-03,1.7073
2017-08-02,1.7254
2017-08-01,1.7223
2017-07-31,1.7185
2017-07-28,1.7027
2017-07-27,1.7147
2017-07-26,1.7014
2017-07-25,1.7006
2017-07-24,1.7048
2017-07-21,1.7014
2017-07-20,1.6972
2017-07-19,1.6995
2017-07-18,1.6883
2017-07-17,1.6886
2017-07-14,1.6783
2017-07-13,1.6723
2017-07-12,1.6618
2017-07-11,1.6317
2017-07-10,1.618
2017-07-07,1.6068
2017-07-06,1.6129
2017-07-05,1.6189
2017-07-04,1.6118
2017-07-03,1.6268
2017-06-30,1.6158
2017-06-29,1.6515
2017-06-28,1.6443
2017-06-27,1.6551
2017-06-26,1.6603
2017-06-23,1.6475
2017-06-22,1.6399
2017-06-21,1.6341
2017-06-20,1.639
2017-06-19,1.6482
2017-06-16,1.6292
2017-06-15,1.6361
2017-06-14,1.6503
2017-06-13,1.6402
2017-06-12,1.6413
2017-06-09,1.6567
2017-06-08,1.6557
2017-06-07,1.6518
2017-06-06,1.6524
2017-06-05,1.6566
2017-06-02,1.6518
2017-06-01,1.641
2017-05-31,1.6297
2017-05-30,1.6399
2017-05-29,1.6449
2017-05-26,1.6464
2017-05-25,1.6448
2017-05-24,1.6271
2017-05-23,1.6292
2017-05-22,1.6316
2017-05-19,1.6095
2017-05-18,1.6026
2017-05-17,1.6353
2017-05-16,1.6486
2017-05-15,1.6398
2017-05-12,1.6271
2017-05-11,1.6229
2017-05-10,1.6106
2017-05-09,1.6039
2017-05-08,1.5969
2017-05-05,1.585
2017-05-04,1.589
2017-05-03,1.599
2017-05-02,1.6023
2017-05-01,1.5902
2017-04-28,1.5856
2017-04-27,1.5836
2017-04-26,1.5932
2017-04-25,1.5924
2017-04-24,1.5757
2017-04-21,1.5593
2017-04-20,1.5523
2017-04-19,1.5441
2017-04-18,1.5547
2017-04-17,1.559
2017-04-14,1.5561
2017-04-13,1.5617
2017-04-12,1.5551
2017-04-11,1.5488
2017-04-10,1.5539
2017-04-07,1.561
2017-04-06,1.5609
2017-04-05,1.5707
2017-04-04,1.5631
2017-04-03,1.5681
2017-03-31,1.554
2017-03-30,1.6695
2017-03-29,1.6739
2017-03-28,1.6729
2017-03-27,1.6676
2017-03-24,1.6711
2017-03-23,1.6696
2017-03-22,1.6633
2017-03-21,1.6794
2017-03-20,1.6773
2017-03-17,1.6667
2017-03-16,1.6603
2017-03-15,1.6255
2017-03-14,1.6186
2017-03-13,1.619
2017-03-10,1.5954
2017-03-09,1.5855
2017-03-08,1.6103
2017-03-07,1.613
2017-03-06,1.6102
2017-03-03,1.6
2017-03-02,1.614
2017-03-01,1.6183
2017-02-28,1.609
2017-02-27,1.6174
2017-02-24,1.6232
2017-02-23,1.6364
2017-02-22,1.6358
2017-02-21,1.6253
2017-02-20,1.6198
2017-02-17,1.6122
2017-02-16,1.6277
2017-02-15,1.6207
2017-02-14,1.6053
2017-02-13,1.6089
2017-02-10,1.5973
2017-02-09,1.5922
2017-02-08,1.584
2017-02-07,1.5809
2017-02-06,1.5901
2017-02-03,1.5809
2017-02-02,1.5742
2017-02-01,1.5708
2017-01-31,1.5599
2017-01-30,1.5627
2017-01-27,1.5707
2017-01-26,1.575
2017-01-25,1.567
2017-01-24,1.5601
2017-01-23,1.5491
2017-01-20,1.5344
2017-01-19,1.534
2017-01-18,1.5467
2017-01-17,1.5368
2017-01-16,1.528
2017-01-13,1.5439
2017-01-12,1.5465
2017-01-11,1.5209
2017-01-10,1.5243
2017-01-09,1.5073
2017-01-06,1.516
2017-01-05,1.5176
2017-01-04,1.4944
2017-01-03,1.4898
2017-01-02,1.4817
2016-12-30,1.4512
2016-12-29,1.4424
2016-12-28,1.4316
2016-12-27,1.4213
2016-12-26,1.4158
2016-12-23,1.4144
2016-12-22,1.4177
2016-12-21,1.4327
2016-12-20,1.4317
2016-12-19,1.4309
2016-12-16,1.4398
2016-12-15,1.4446
2016-12-14,1.4692
2016-12-13,1.4785
2016-12-12,1.4655
2016-12-09,1.476
2016-12-08,1.4808
2016-12-07,1.4625
2016-12-06,1.4531
2016-12-05,1.44
2016-12-02,1.4347
2016-12-01,1.4422
2016-11-30,1.4465
2016-11-29,1.4382
2016-11-28,1.4462
2016-11-25,1.4328
2016-11-24,1.4258
2016-11-23,1.4344
2016-11-22,1.4379
2016-11-21,1.4209
2016-11-18,1.4123
2016-11-17,1.4177
2016-11-16,1.4194
2016-11-15,1.4092
2016-11-14,1.4084
2016-11-11,1.4175
2016-11-10,1.4683
2016-11-09,1.4785
2016-11-08,1.5122
2016-11-07,1.5009
2016-11-04,1.4735
2016-11-03,1.4836
2016-11-02,1.4876
2016-11-01,1.5078
2016-10-31,1.5128
2016-10-28,1.5092
2016-10-27,1.5119
2016-10-26,1.5243
2016-10-25,1.5339
2016-10-24,1.5335
2016-10-21,1.5233
2016-10-20,1.5291
2016-10-19,1.5301
2016-10-18,1.5192
2016-10-17,1.4945
2016-10-14,1.5034
2016-10-13,1.4895
2016-10-12,1.5085
2016-10-11,1.5146
2016-10-10,1.5352
2016-10-07,1.5292
2016-10-06,1.5331
2016-10-05,1.525
2016-10-04,1.5309
2016-10-03,1.5254
2016-09-30,1.5086
2016-09-29,1.5764
2016-09-28,1.5753
2016-09-27,1.5723
2016-09-26,1.5616
2016-09-23,1.5841
2016-09-22,1.5925
2016-09-21,1.5625
2016-09-20,1.551
2016-09-19,1.5482
2016-09-16,1.5269
2016-09-15,1.533
2016-09-14,1.5226
2016-09-13,1.5298
2016-09-12,1.5293
2016-09-09,1.5633
2016-09-08,1.598
2016-09-07,1.603
2016-09-06,1.5937
2016-09-05,1.5707
2016-09-02,1.5536
2016-09-01,1.5359
2016-08-31,1.5333
2016-08-30,1.5451
2016-08-29,1.534
2016-08-26,1.5487
2016-08-25,1.5429
2016-08-24,1.5347
2016-08-23,1.5566
2016-08-22,1.5516
2016-08-19,1.5613
2016-08-18,1.57
2016-08-17,1.5621
2016-08-16,1.5728
2016-08-15,1.5708
2016-08-12,1.563
2016-08-11,1.5584
2016-08-10,1.5522
2016-08-09,1.5458
2016-08-08,1.5366
2016-08-05,1.5238
2016-08-04,1.5072
2016-08-03,1.4903
2016-08-02,1.506
2016-08-01,1.5172
2016-07-29,1.4998
2016-07-28,1.502
2016-07-27,1.5011
2016-07-26,1.4933
2016-07-25,1.4906
2016-07-22,1.4904
2016-07-21,1.4923
2016-07-20,1.4934
2016-07-19,1.4918
2016-07-18,1.495
2016-07-15,1.4942
2016-07-14,1.4896
2016-07-13,1.4747
2016-07-12,1.4667
2016-07-11,1.4609
2016-07-08,1.4225
2016-07-07,1.4238
2016-07-06,1.4069
2016-07-05,1.4292
2016-07-04,1.4487
2016-07-01,1.4431
2016-06-30,1.4348
2016-06-29,1.4285
2016-06-28,1.3976
2016-06-27,1.3793
2016-06-24,1.4027
2016-06-23,1.4536
2016-06-22,1.4393
2016-06-21,1.432
2016-06-20,1.4257
2016-06-17,1.4014
2016-06-16,1.3895
2016-06-15,1.4019
2016-06-14,1.3929
2016-06-13,1.4023
2016-06-10,1.4287
2016-06-09,1.4555
2016-06-08,1.4658
2016-06-07,1.4558
2016-06-06,1.4378
2016-06-03,1.4168
2016-06-02,1.4037
2016-06-01,1.4025
2016-05-31,1.3484
2016-05-30,1.3506
2016-05-27,1.3531
2016-05-26,1.3437
2016-05-25,1.3382
2016-05-24,1.3177
2016-05-23,1.3212
2016-05-20,1.313
2016-05-19,1.306
2016-05-18,1.3278
2016-05-17,1.3418
2016-05-16,1.3375
2016-05-13,1.3297
2016-05-12,1.3504
2016-05-11,1.3497
2016-05-10,1.3449
2016-05-09,1.338
2016-05-06,1.3447
2016-05-05,1.3513
2016-05-04,1.3577
2016-05-03,1.3733
2016-05-02,1.3948
2016-04-29,1.4052
2016-04-28,1.4109
2016-04-27,1.4116
2016-04-26,1.4088
2016-04-25,1.4008
2016-04-22,1.4115
2016-04-21,1.4309
2016-04-20,1.424
2016-04-19,1.4315
2016-04-18,1.4136
2016-04-15,1.4186
2016-04-14,1.4151
2016-04-13,1.4144
2016-04-12,1.3935
2016-04-11,1.3795
2016-04-08,1.3652
2016-04-07,1.3568
2016-04-06,1.3512
2016-04-05,1.361
2016-04-04,1.3886
2016-04-01,1.3844
2016-03-31,1.4024
2016-03-30,1.4576
2016-03-29,1.4192
2016-03-28,1.4164
2016-03-25,1.4139
2016-03-24,1.4142
2016-03-23,1.4306
2016-03-22,1.4457
2016-03-21,1.4431
2016-03-18,1.4457
2016-03-17,1.4225
2016-03-16,1.3747
2016-03-15,1.3768
2016-03-14,1.4021
2016-03-11,1.3928
2016-03-10,1.379
2016-03-09,1.3717
2016-03-08,1.3745
2016-03-07,1.3895
2016-03-04,1.3792
2016-03-03,1.3589
2016-03-02,1.3432
2016-03-01,1.311
2016-02-29,1.2851
2016-02-26,1.288
2016-02-25,1.2801
2016-02-24,1.282
2016-02-23,1.2989
2016-02-22,1.3047
2016-02-19,1.2867
2016-02-18,1.3014
2016-02-17,1.2789
2016-02-16,1.2714
2016-02-15,1.269
2016-02-12,1.2398
2016-02-11,1.2445
2016-02-10,1.2714
2016-02-09,1.2685
2016-02-08,1.2766
2016-02-05,1.2919
2016-02-04,1.2938
2016-02-03,1.2544
2016-02-02,1.2673
2016-02-01,1.2908
2016-01-29,1.2948
2016-01-28,1.2581
2016-01-27,1.2501
2016-01-26,1.233
2016-01-25,1.2474
2016-01-22,1.2425
2016-01-21,1.1974
2016-01-20,1.206
2016-01-19,1.2444
2016-01-18,1.2216
2016-01-15,1.2354
2016-01-14,1.2587
2016-01-13,1.269
2016-01-12,1.258
2016-01-11,1.2561
2016-01-08,1.2902
2016-01-07,1.2854
2016-01-06,1.3223
2016-01-05,1.3361
2016-01-04,1.3367
2016-01-01,1.3815
2015-12-31,1.3814
2015-12-30,1.3627
2015-12-29,1.3773
2015-12-28,1.3788
2015-12-25,1.3855
2015-12-24,1.3851
2015-12-23,1.3844
2015-12-22,1.3689
2015-12-21,1.3641
2015-12-18,1.3589
2015-12-17,1.3781
2015-12-16,1.3652
2015-12-15,1.3454
2015-12-14,1.3265
2015-12-11,1.3338
2015-12-10,1.359
2015-12-09,1.3697
2015-12-08,1.3688
2015-12-07,1.3917
2015-12-04,1.4023
2015-12-03,1.4166
2015-12-02,1.4218
2015-12-01,1.4235
2015-11-30,1.3533
2015-11-27,1.3761
2015-11-26,1.3973
2015-11-25,1.3956
2015-11-24,1.3983
2015-11-23,1.4021
2015-11-20,1.4075
2015-11-19,1.395
2015-11-18,1.3708
2015-11-17,1.373
2015-11-16,1.3524
2015-11-13,1.3669
2015-11-12,1.3882
2015-11-11,1.3881
2015-11-10,1.3854
2015-11-09,1.4006
2015-11-06,1.419
2015-11-05,1.435
2015-11-04,1.4476
2015-11-03,1.4324
2015-11-02,1.4141
2015-10-30,1.4106
2015-10-29,1.4081
2015-10-28,1.4299
2015-10-27,1.4357
2015-10-26,1.4387
2015-10-23,1.449
2015-10-22,1.4262
2015-10-21,1.429
2015-10-20,1.4359
2015-10-19,1.4456
2015-10-16,1.4464
2015-10-15,1.4444
2015-10-14,1.4144
2015-10-13,1.4232
2015-10-12,1.4443
2015-10-09,1.4341
2015-10-08,1.4138
2015-10-07,1.4199
2015-10-06,1.3838
2015-10-05,1.3692
2015-10-02,1.3354
2015-10-01,1.3286
2015-09-30,1.318
2015-09-29,1.2393
2015-09-28,1.2491
2015-09-25,1.2636
2015-09-24,1.2522
2015-09-23,1.2635
2015-09-22,1.2911
2015-09-21,1.3026
2015-09-18,1.3273
2015-09-17,1.3271
2015-09-16,1.3186
2015-09-15,1.2907
2015-09-14,1.2947
2015-09-11,1.2892
2015-09-10,1.2871
2015-09-09,1.2976
2015-09-08,1.2641
2015-09-07,1.2409
2015-09-04,1.2614
2015-09-03,1.2825
2015-09-02,1.2722
2015-09-01,1.2842
2015-08-31,1.3015
2015-08-28,1.3089
2015-08-27,1.2942
2015-08-26,1.2493
2015-08-25,1.2545
2015-08-24,1.224
2015-08-21,1.2906
2015-08-20,1.3166
2015-08-19,1.3344
2015-08-18,1.3449
2015-08-17,1.3553
2015-08-14,1.3703
2015-08-13,1.3749
2015-08-12,1.3642
2015-08-11,1.3965
2015-08-10,1.4089
2015-08-07,1.4055
2015-08-06,1.4028
2015-08-05,1.4159
2015-08-04,1.4154
2015-08-03,1.4141
2015-07-31,1.4289
2015-07-30,1.4196
2015-07-29,1.4276
2015-07-28,1.4109
2015-07-27,1.4118
2015-07-24,1.4416
2015-07-23,1.4604
2015-07-22,1.4775
2015-07-21,1.4863
2015-07-20,1.4812
2015-07-17,1.4923
2015-07-16,1.49
2015-07-15,1.4863
2015-07-14,1.49
2015-07-13,1.4935
2015-07-10,1.4781
2015-07-09,1.4576
2015-07-08,1.4308
2015-07-07,1.4749
2015-07-06,1.4937
2015-07-03,1.529
2015-07-02,1.5361
2015-07-01,1.5396
2015-06-30,1.5419
2015-06-29,1.5227
2015-06-26,1.5571
2015-06-25,1.5693
2015-06-24,1.5772
2015-06-23,1.5736
2015-06-22,1.5701
2015-06-19,1.5503
2015-06-18,1.5518
2015-06-17,1.5399
2015-06-16,1.5338
2015-06-15,1.5424
2015-06-12,1.5547
2015-06-11,1.5507
2015-06-10,1.5524
2015-06-09,1.542
2015-06-08,1.5454
2015-06-05,1.5585
2015-06-04,1.5667
2015-06-03,1.5836
2015-06-02,1.5837
2015-06-01,1.586
2015-05-29,1.5682
2015-05-28,1.5773
2015-05-27,1.5892
2015-05-26,1.5973
2015-05-25,1.6163
2015-05-22,1.6209
2015-05-21,1.613
2015-05-20,1.6162
2015-05-19,1.625
2015-05-18,1.6275
2015-05-15,1.6318
2015-05-14,1.6208
2015-05-13,1.6164
2015-05-12,1.6044
2015-05-11,1.6192
2015-05-08,1.6153
2015-05-07,1.598
2015-05-06,1.6244
2015-05-05,1.6342
2015-05-04,1.6322
2015-05-01,1.6317
2015-04-30,1.6357
2015-04-29,1.6577
2015-04-28,1.67
2015-04-27,1.665
2015-04-24,1.6592
2015-04-23,1.6459
2015-04-22,1.6357
2015-04-21,1.6255
2015-04-20,1.6131
2015-04-17,1.6302
2015-04-16,1.6459
2015-04-15,1.6196
2015-04-14,1.6184
2015-04-13,1.6227
2015-04-10,1.6142
2015-04-09,1.6066
2015-04-08,1.5924
2015-04-07,1.572
2015-04-06,1.5804
2015-04-03,1.5559
2015-04-02,1.5526
2015-04-01,1.5341
2015-03-31,1.5212
2015-03-30,1.4969
2015-03-27,1.4778
2015-03-26,1.4854
2015-03-25,1.5092
2015-03-24,1.5136
2015-03-23,1.5102
2015-03-20,1.4946
2015-03-19,1.4912
2015-03-18,1.477
2015-03-17,1.4661
2015-03-16,1.449
2015-03-13,1.4488
2015-03-12,1.4617
2015-03-11,1.4541
2015-03-10,1.4547
2015-03-09,1.4757
2015-03-06,1.4965
2015-03-05,1.5037
2015-03-04,1.5077
2015-03-03,1.5206
2015-03-02,1.5239
2015-02-27,1.5233
2015-02-26,1.5292
2015-02-25,1.53
2015-02-24,1.5178
2015-02-23,1.5103
2015-02-20,1.5111
2015-02-19,1.5116
2015-02-18,1.5153
2015-02-17,1.5126
2015-02-16,1.5146
2015-02-13,1.5244
2015-02-12,1.4902
2015-02-11,1.4762
2015-02-10,1.4875
2015-02-09,1.4926
2015-02-06,1.5072
2015-02-05,1.5082
2015-02-04,1.5112
2015-02-03,1.5036
2015-02-02,1.4788
2015-01-30,1.4751
2015-01-29,1.4976
2015-01-28,1.5164
2015-01-27,1.5241
2015-01-26,1.5235
2015-01-23,1.526
2015-01-22,1.5109
2015-01-21,1.5027
2015-01-20,1.4727
2015-01-19,1.468
2015-01-16,1.4736
2015-01-15,1.477
2015-01-14,1.4724
2015-01-13,1.4768
2015-01-12,1.4714
2015-01-09,1.4809
2015-01-08,1.4754
2015-01-07,1.4474
2015-01-06,1.4368
2015-01-05,1.4452
2015-01-02,1.4693
2015-01-01,1.4724
2014-12-31,1.4725
2014-12-30,1.4012
2014-12-29,1.4106
2014-12-26,1.4039
2014-12-25,1.3973
2014-12-24,1.3981
2014-12-23,1.3988
2014-12-22,1.4077
2014-12-19,1.3904
2014-12-18,1.3775
2014-12-17,1.3545
2014-12-16,1.3355
2014-12-15,1.3596
2014-12-12,1.38
2014-12-11,1.3903
2014-12-10,1.4099
2014-12-09,1.4199
2014-12-08,1.4343
2014-12-05,1.4506
2014-12-04,1.4505
2014-12-03,1.447
2014-12-02,1.4505
2014-12-01,1.4462
2014-11-28,1.4757
2014-11-27,1.4909
2014-11-26,1.4876
2014-11-25,1.4673
2014-11-24,1.4724
2014-11-21,1.4585
2014-11-20,1.436
2014-11-19,1.4419
2014-11-18,1.4381
2014-11-17,1.4362
2014-11-14,1.4406
2014-11-13,1.4445
2014-11-12,1.4492
2014-11-11,1.4442
2014-11-10,1.4539
2014-11-07,1.4354
2014-11-06,1.4416
2014-11-05,1.4536
2014-11-04,1.4656
2014-11-03,1.4703
2014-10-31,1.4812
2014-10-30,1.4676
2014-10-29,1.4646
2014-10-28,1.4478
2014-10-27,1.4245
2014-10-24,1.4333
2014-10-23,1.4298
2014-10-22,1.4372
2014-10-21,1.4318
2014-10-20,1.4315
2014-10-17,1.4243
2014-10-16,1.4132
2014-10-15,1.4319
2014-10-14,1.4468
2014-10-13,1.4452
2014-10-10,1.4421
2014-10-09,1.4677
2014-10-08,1.4554
2014-10-07,1.4732
2014-10-06,1.4702
2014-10-03,1.4528
2014-10-02,1.444
2014-10-01,1.4511
2014-09-30,1.4646
2014-09-29,1.372
2014-09-26,1.3916
2014-09-25,1.396
2014-09-24,1.4075
2014-09-23,1.4038
2014-09-22,1.4156
2014-09-19,1.4339
2014-09-18,1.4365
2014-09-17,1.4503
2014-09-16,1.4336
2014-09-15,1.4367
2014-09-12,1.4428
2014-09-11,1.4533
2014-09-10,1.4594
2014-09-09,1.4774
2014-09-08,1.4919
2014-09-05,1.4908
2014-09-04,1.4973
2014-09-03,1.4983
2014-09-02,1.4774
2014-09-01,1.4829
2014-08-29,1.4826
2014-08-28,1.4825
2014-08-27,1.4906
2014-08-26,1.4819
2014-08-25,1.479
2014-08-22,1.4764
2014-08-21,1.475
2014-08-20,1.4777
2014-08-19,1.4781
2014-08-18,1.4687
2014-08-15,1.4644
2014-08-14,1.4618
2014-08-13,1.4576
2014-08-12,1.4509
2014-08-11,1.4476
2014-08-08,1.4222
2014-08-07,1.4329
2014-08-06,1.437
2014-08-05,1.4488
2014-08-04,1.4549
2014-08-01,1.4423
2014-07-31,1.4489
2014-07-30,1.4692
2014-07-29,1.4719
2014-07-28,1.4701
2014-07-25,1.469
2014-07-24,1.4728
2014-07-23,1.4688
2014-07-22,1.4644
2014-07-21,1.448
2014-07-18,1.4463
2014-07-17,1.4477
2014-07-16,1.4527
2014-07-15,1.4526
2014-07-14,1.4488
2014-07-11,1.4417
2014-07-10,1.4473
2014-07-09,1.4456
2014-07-08,1.4508
2014-07-07,1.452
2014-07-04,1.4511
2014-07-03,1.448
2014-07-02,1.4468
2014-07-01,1.4341
2014-06-30,1.4326
2014-06-27,1.5371
2014-06-26,1.5382
2014-06-25,1.5299
2014-06-24,1.5405
2014-06-23,1.531
2014-06-20,1.5314
2014-06-19,1.5429
2014-06-18,1.5322
2014-06-17,1.5319
2014-06-16,1.5373
2014-06-13,1.5405
2014-06-12,1.5498
2014-06-11,1.5524
2014-06-10,1.5537
2014-06-09,1.5418
2014-06-06,1.537
2014-06-05,1.5204
2014-06-04,1.5139
2014-06-03,1.5031
2014-06-02,1.494
2014-05-30,1.4937
2014-05-29,1.5089
2014-05-28,1.5074
2014-05-27,1.5003
2014-05-26,1.5128
2014-05-23,1.5145
2014-05-22,1.5119
2014-05-21,1.499
2014-05-20,1.497
2014-05-19,1.5057
2014-05-16,1.4969
2014-05-15,1.4966
2014-05-14,1.5002
2014-05-13,1.4857
2014-05-12,1.4764
2014-05-09,1.4642
2014-05-08,1.4657
2014-05-07,1.4618
2014-05-06,1.4577
2014-05-05,1.4537
2014-05-02,1.4606
2014-05-01,1.4493
2014-04-30,1.4486
2014-04-29,1.4555
2014-04-28,1.4449
2014-04-25,1.4454
2014-04-24,1.4617
2014-04-23,1.4601
2014-04-22,1.4675
2014-04-21,1.4718
2014-04-18,1.4724
2014-04-17,1.4697
2014-04-16,1.4562
2014-04-15,1.455
2014-04-14,1.4703
2014-04-11,1.4789
2014-04-10,1.4881
2014-04-09,1.4777
2014-04-08,1.4715
2014-04-07,1.4622
2014-04-04,1.4571
2014-04-03,1.4542
2014-04-02,1.4627
2014-04-01,1.4565
2014-03-31,1.4473
2014-03-28,1.3677
2014-03-27,1.3531
2014-03-26,1.3454
2014-03-25,1.331
2014-03-24,1.3236
2014-03-21,1.3105
2014-03-20,1.3047
2014-03-19,1.3185
2014-03-18,1.322
2014-03-17,1.3087
2014-03-14,1.2987
2014-03-13,1.3092
2014-03-12,1.3083
2014-03-11,1.3252
2014-03-10,1.3235
2014-03-07,1.3423
2014-03-06,1.3481
2014-03-05,1.332
2014-03-04,1.3256
2014-03-03,1.3195
2014-02-28,1.3434
2014-02-27,1.3353
2014-02-26,1.3287
2014-02-25,1.3285
2014-02-24,1.331
2014-02-21,1.3311
2014-02-20,1.3177
2014-02-19,1.3331
2014-02-18,1.3318
2014-02-17,1.3413
2014-02-14,1.3312
2014-02-13,1.3128
2014-02-12,1.3257
2014-02-11,1.3115
2014-02-10,1.3002
2014-02-07,1.3029
2014-02-06,1.2919
2014-02-05,1.2765
2014-02-04,1.2726
2014-02-03,1.2851
2014-01-31,1.2992
2014-01-30,1.2987
2014-01-29,1.3012
2014-01-28,1.2973
2014-01-27,1.293
2014-01-24,1.3156
2014-01-23,1.3375
2014-01-22,1.3546
2014-01-21,1.3482
2014-01-20,1.3471
2014-01-17,1.3517
2014-01-16,1.3542
2014-01-15,1.3598
2014-01-14,1.3548
2014-01-13,1.3618
2014-01-10,1.3504
2014-01-09,1.3374
2014-01-08,1.353
2014-01-07,1.3505
2014-01-06,1.352
2014-01-03,1.3612
2014-01-02,1.377
2014-01-01,1.3949
2013-12-31,1.395
2013-12-30,1.4337
2013-12-27,1.4276
2013-12-26,1.421
2013-12-25,1.4246
2013-12-24,1.4253
2013-12-23,1.4224
2013-12-20,1.4136
2013-12-19,1.4177
2013-12-18,1.4219
2013-12-17,1.4183
2013-12-16,1.4175
2013-12-13,1.4176
2013-12-12,1.4197
2013-12-11,1.4363
2013-12-10,1.4505
2013-12-09,1.4528
2013-12-06,1.4351
2013-12-05,1.4298
2013-12-04,1.4248
2013-12-03,1.4351
2013-12-02,1.4513
2013-11-29,1.4586
2013-11-28,1.4475
2013-11-27,1.4445
2013-11-26,1.434
2013-11-25,1.4414
2013-11-22,1.4391
2013-11-21,1.4312
2013-11-20,1.4533
2013-11-19,1.4626
2013-11-18,1.4617
2013-11-15,1.4351
2013-11-14,1.4145
2013-11-13,1.394
2013-11-12,1.4116
2013-11-11,1.4046
2013-11-08,1.4137
2013-11-07,1.4367
2013-11-06,1.4439
2013-11-05,1.4448
2013-11-04,1.459
2013-11-01,1.4582
2013-10-31,1.472
2013-10-30,1.4816
2013-10-29,1.4737
2013-10-28,1.471
2013-10-25,1.4602
2013-10-24,1.4663
2013-10-23,1.4732
2013-10-22,1.4852
2013-10-21,1.4842
2013-10-18,1.4843
2013-10-17,1.4715
2013-10-16,1.4692
2013-10-15,1.4664
2013-10-14,1.4568
2013-10-11,1.4585
2013-10-10,1.4421
2013-10-09,1.4291
2013-10-08,1.4361
2013-10-07,1.4308
2013-10-04,1.4343
2013-10-03,1.4306
2013-10-02,1.4174
2013-10-01,1.4164
2013-09-30,1.4029
2013-09-27,1.4717
2013-09-26,1.4787
2013-09-25,1.4839
2013-09-24,1.4881
2013-09-23,1.4982
2013-09-20,1.4942
2013-09-19,1.5085
2013-09-18,1.4753
2013-09-17,1.4764
2013-09-16,1.4757
2013-09-13,1.4534
2013-09-12,1.46
2013-09-11,1.4578
2013-09-10,1.4603
2013-09-09,1.4344
2013-09-06,1.4031
2013-09-05,1.396
2013-09-04,1.3783
2013-09-03,1.3753
2013-09-02,1.3789
2013-08-30,1.3631
2013-08-29,1.3508
2013-08-28,1.3338
2013-08-27,1.342
2013-08-26,1.3698
2013-08-23,1.3716
2013-08-22,1.3517
2013-08-21,1.3578
2013-08-20,1.3657
2013-08-19,1.384
2013-08-16,1.4073
2013-08-15,1.4104
2013-08-14,1.4202
2013-08-13,1.4181
2013-08-12,1.4077
2013-08-09,1.4004
2013-08-08,1.3918
2013-08-07,1.3804
2013-08-06,1.3906
2013-08-05,1.4083
2013-08-02,1.4025
2013-08-01,1.4009
2013-07-31,1.391
2013-07-30,1.4021
2013-07-29,1.402
2013-07-26,1.4115
2013-07-25,1.4115
2013-07-24,1.4232
2013-07-23,1.4261
2013-07-22,1.4031
2013-07-19,1.3959
2013-07-18,1.4095
2013-07-17,1.4109
2013-07-16,1.4033
2013-07-15,1.3997
2013-07-12,1.3884
2013-07-11,1.3862
2013-07-10,1.3466
2013-07-09,1.343
2013-07-08,1.3296
2013-07-05,1.3492
2013-07-04,1.3563
2013-07-03,1.3406
2013-07-02,1.3714
2013-07-01,1.3828
2013-06-28,1.3533
2013-06-27,1.3211
2013-06-26,1.2989
2013-06-25,1.2733
2013-06-24,1.268
2013-06-21,1.2943
2013-06-20,1.3148
2013-06-19,1.3629
2013-06-18,1.369
2013-06-17,1.375
2013-06-14,1.3745
2013-06-13,1.358
2013-06-12,1.3745
2013-06-11,1.3719
2013-06-10,1.3974
2013-06-07,1.413
2013-06-06,1.4146
2013-06-05,1.4224
2013-06-04,1.4488
2013-06-03,1.435
2013-05-31,1.4426
2013-05-30,1.4531
2013-05-29,1.4591
2013-05-28,1.476
2013-05-27,1.4706
2013-05-24,1.4715
2013-05-23,1.4661
2013-05-22,1.5011
2013-05-21,1.5012
2013-05-20,1.4979
2013-05-17,1.4955
2013-05-16,1.4965
2013-05-15,1.4949
2013-05-14,1.4976
2013-05-13,1.4889
2013-05-10,1.5039
2013-05-09,1.5185
2013-05-08,1.519
2013-05-07,1.5063
2013-05-06,1.4972
2013-05-03,1.4917
2013-05-02,1.4853
2013-05-01,1.4858
2013-04-30,1.4871
2013-04-29,1.4712
2013-04-26,1.4635
2013-04-25,1.4705
2013-04-24,1.4565
2013-04-23,1.4463
2013-04-22,1.4471
2013-04-19,1.4476
2013-04-18,1.4257
2013-04-17,1.4359
2013-04-16,1.4439
2013-04-15,1.4372
2013-04-12,1.4598
2013-04-11,1.4737
2013-04-10,1.4678
2013-04-09,1.4546
2013-04-08,1.4423
2013-04-05,1.4426
2013-04-04,1.4556
2013-04-03,1.4664
2013-04-02,1.4736
2013-04-01,1.4752
2013-03-29,1.488
2013-03-28,1.4863
2013-03-27,1.4839
2013-03-26,1.4798
2013-03-25,1.4714
2013-03-22,1.4593
2013-03-21,1.4702
2013-03-20,1.4757
2013-03-19,1.4746
2013-03-18,1.481
2013-03-15,1.5
2013-03-14,1.5063
2013-03-13,1.5091
2013-03-12,1.5206
2013-03-11,1.5289
2013-03-08,1.5338
2013-03-07,1.5222
2013-03-06,1.525
2013-03-05,1.5101
2013-03-04,1.4976
2013-03-01,1.5147
2013-02-28,1.5175
2013-02-27,1.5058
2013-02-26,1.5003
2013-02-25,1.517
2013-02-22,1.5134
2013-02-21,1.5131
2013-02-20,1.5351
2013-02-19,1.5294
2013-02-18,1.5301
2013-02-15,1.5332
2013-02-14,1.5322
2013-02-13,1.5308
2013-02-12,1.5224
2013-02-11,1.523
2013-02-08,1.5261
2013-02-07,1.5233
2013-02-06,1.5294
2013-02-05,1.5332
2013-02-04,1.5406
2013-02-01,1.5407
2013-01-31,1.5352
2013-01-30,1.534
2013-01-29,1.5396
2013-01-28,1.5284
2013-01-25,1.5376
2013-01-24,1.5421
2013-01-23,1.5483
2013-01-22,1.552
2013-01-21,1.5505
2013-01-18,1.5544
2013-01-17,1.5434
2013-01-16,1.5406
2013-01-15,1.5447
2013-01-14,1.556
2013-01-11,1.5449
2013-01-10,1.5505
2013-01-09,1.5449
2013-01-08,1.5404
2013-01-07,1.5488
2013-01-04,1.5519
2013-01-03,1.5587
2013-01-02,1.5523
2013-01-01,1.5199
2012-12-31,1.5191
2012-12-28,1.5632
2012-12-27,1.5547
2012-12-26,1.5502
2012-12-25,1.5484
2012-12-24,1.5459
2012-12-21,1.5449
2012-12-20,1.5611
2012-12-19,1.5622
2012-12-18,1.5504
2012-12-17,1.5414
2012-12-14,1.5434
2012-12-13,1.5429
2012-12-12,1.5411
2012-12-11,1.5328
2012-12-10,1.5247
2012-12-07,1.5156
2012-12-06,1.5137
2012-12-05,1.5063
2012-12-04,1.4913
2012-12-03,1.4919
2012-11-30,1.4797
2012-11-29,1.4758
2012-11-28,1.4574
2012-11-27,1.465
2012-11-26,1.463
2012-11-23,1.4623
2012-11-22,1.4482
2012-11-21,1.441
2012-11-20,1.439
2012-11-19,1.4375
2012-11-16,1.4254
2012-11-15,1.432
2012-11-14,1.4413
2012-11-13,1.4436
2012-11-12,1.4538
2012-11-09,1.4552
2012-11-08,1.4616
2012-11-07,1.4802
2012-11-06,1.4785
2012-11-05,1.4704
2012-11-02,1.4761
2012-11-01,1.4686
2012-10-31,1.4613
2012-10-30,1.4581
2012-10-29,1.4538
2012-10-26,1.4545
2012-10-25,1.4668
2012-10-24,1.4601
2012-10-23,1.4634
2012-10-22,1.4788
2012-10-19,1.477
2012-10-18,1.4878
2012-10-17,1.4843
2012-10-16,1.4733
2012-10-15,1.4613
2012-10-12,1.4633
2012-10-11,1.4622
2012-10-10,1.4565
2012-10-09,1.4621
2012-10-08,1.4628
2012-10-05,1.4801
2012-10-04,1.4737
2012-10-03,1.4705
2012-10-02,1.4759
2012-10-01,1.4738
2012-09-28,1.5272
2012-09-27,1.5209
2012-09-26,1.5101
2012-09-25,1.5273
2012-09-24,1.53
2012-09-21,1.5334
2012-09-20,1.5225
2012-09-19,1.5396
2012-09-18,1.5356
2012-09-17,1.5455
2012-09-14,1.5477
2012-09-13,1.4987
2012-09-12,1.4929
2012-09-11,1.4843
2012-09-10,1.4795
2012-09-07,1.4774
2012-09-06,1.4493
2012-09-05,1.4326
2012-09-04,1.4447
2012-09-03,1.453
2012-08-31,1.4411
2012-08-30,1.4364
2012-08-29,1.4492
2012-08-28,1.4551
2012-08-27,1.4628
2012-08-24,1.4699
2012-08-23,1.4821
2012-08-22,1.4749
2012-08-21,1.4842
2012-08-20,1.4742
2012-08-17,1.4782
2012-08-16,1.4854
2012-08-15,1.4812
2012-08-14,1.4863
2012-08-13,1.4792
2012-08-10,1.4886
2012-08-09,1.4913
2012-08-08,1.477
2012-08-07,1.4727
2012-08-06,1.4732
2012-08-03,1.4471
2012-08-02,1.4352
2012-08-01,1.4508
2012-07-31,1.4484
2012-07-30,1.4434
2012-07-27,1.4324
2012-07-26,1.3952
2012-07-25,1.3746
2012-07-24,1.3828
2012-07-23,1.3874
2012-07-20,1.4267
2012-07-19,1.4329
2012-07-18,1.4173
2012-07-17,1.4213
2012-07-16,1.4102
2012-07-13,1.4099
2012-07-12,1.3904
2012-07-11,1.4187
2012-07-10,1.4205
2012-07-09,1.4211
2012-07-06,1.4368
2012-07-05,1.4508
2012-07-04,1.4525
2012-07-03,1.4533
2012-07-02,1.4344
2012-06-29,1.3684
2012-06-28,1.3213
2012-06-27,1.3317
2012-06-26,1.3224
2012-06-25,1.3177
2012-06-22,1.3315
2012-06-21,1.3537
2012-06-20,1.3768
2012-06-19,1.3697
2012-06-18,1.3627
2012-06-15,1.3492
2012-06-14,1.3309
2012-06-13,1.3407
2012-06-12,1.3274
2012-06-11,1.3346
2012-06-08,1.3204
2012-06-07,1.3346
2012-06-06,1.3191
2012-06-05,1.292
2012-06-04,1.2863
2012-06-01,1.303
2012-05-31,1.3092
2012-05-30,1.3104
2012-05-29,1.3329
2012-05-28,1.3143
2012-05-25,1.3023
2012-05-24,1.3052
2012-05-23,1.295
2012-05-22,1.3273
2012-05-21,1.3187
2012-05-18,1.3107
2012-05-17,1.3306
2012-05-16,1.3356
2012-05-15,1.3673
2012-05-14,1.3763
2012-05-11,1.4036
2012-05-10,1.4177
2012-05-09,1.4137
2012-05-08,1.4349
2012-05-07,1.4483
2012-05-04,1.4629
2012-05-03,1.4792
2012-05-02,1.4897
2012-05-01,1.4824
2012-04-30,1.4845
2012-04-27,1.4759
2012-04-26,1.4703
2012-04-25,1.4638
2012-04-24,1.4619
2012-04-23,1.4572
2012-04-20,1.4762
2012-04-19,1.4782
2012-04-18,1.4786
2012-04-17,1.4732
2012-04-16,1.4731
2012-04-13,1.4837
2012-04-12,1.4801
2012-04-11,1.4685
2012-04-10,1.4708
2012-04-09,1.4856
2012-04-06,1.5007
2012-04-05,1.5071
2012-04-04,1.5072
2012-04-03,1.5338
2012-04-02,1.5239
2012-03-30,1.7053
2012-03-29,1.6906
2012-03-28,1.7092
2012-03-27,1.728
2012-03-26,1.7118
2012-03-23,1.7058
2012-03-22,1.7053
2012-03-21,1.7168
2012-03-20,1.7203
2012-03-19,1.7392
2012-03-16,1.7425
2012-03-15,1.746
2012-03-14,1.7482
2012-03-13,1.7477
2012-03-12,1.7214
2012-03-09,1.7369
2012-03-08,1.7249
2012-03-07,1.6986
2012-03-06,1.7044
2012-03-05,1.7439
2012-03-02,1.7678
2012-03-01,1.762
2012-02-29,1.7672
2012-02-28,1.7505
2012-02-27,1.7303
2012-02-24,1.7483
2012-02-23,1.7348
2012-02-22,1.7434
2012-02-21,1.7432
2012-02-20,1.7467
2012-02-17,1.7401
2012-02-16,1.7184
2012-02-15,1.7335
2012-02-14,1.7166
2012-02-13,1.7265
2012-02-10,1.7053
2012-02-09,1.7386
2012-02-08,1.737
2012-02-07,1.7172
2012-02-06,1.718
2012-02-03,1.7175
2012-02-02,1.7103
2012-02-01,1.6872
2012-01-31,1.6701
2012-01-30,1.6484
2012-01-27,1.6656
2012-01-26,1.6629
2012-01-25,1.6377
2012-01-24,1.6344
2012-01-23,1.6396
2012-01-20,1.6301
2012-01-19,1.6241
2012-01-18,1.6069
2012-01-17,1.5929
2012-01-16,1.5593
2012-01-13,1.561
2012-01-12,1.5631
2012-01-11,1.5552
2012-01-10,1.5555
2012-01-09,1.526
2012-01-06,1.5185
2012-01-05,1.5287
2012-01-04,1.5371
2012-01-03,1.541
2012-01-02,1.5035
2011-12-30,1.5419
2011-12-29,1.5383
2011-12-28,1.5365
2011-12-27,1.5553
2011-12-26,1.561
2011-12-23,1.5609
2011-12-22,1.5473
2011-12-21,1.5417
2011-12-20,1.5157
2011-12-19,1.4955
2011-12-16,1.5219
2011-12-15,1.5094
2011-12-14,1.5183
2011-12-13,1.54
2011-12-12,1.5575
2011-12-09,1.5731
2011-12-08,1.5958
2011-12-07,1.615
2011-12-06,1.6042
2011-12-05,1.6256
2011-12-02,1.6139
2011-12-01,1.613
2011-11-30,1.5443
2011-11-29,1.5124
2011-11-28,1.5005
2011-11-25,1.4567
2011-11-24,1.4748
2011-11-23,1.4698
2011-11-22,1.5098
2011-11-21,1.5106
2011-11-18,1.5464
2011-11-17,1.5806
2011-11-16,1.5941
2011-11-15,1.6081
2011-11-14,1.6209
2011-11-11,1.6172
2011-11-10,1.5886
2011-11-09,1.6321
2011-11-08,1.6468
2011-11-07,1.6478
2011-11-04,1.6517
2011-11-03,1.6257
2011-11-02,1.6309
2011-11-01,1.6115
2011-10-31,1.6557
2011-10-28,1.6853
2011-10-27,1.658
2011-10-26,1.6022
2011-10-25,1.5928
2011-10-24,1.5797
2011-10-21,1.5294
2011-10-20,1.5088
2011-10-19,1.5508
2011-10-18,1.5378
2011-10-17,1.5644
2011-10-14,1.5596
2011-10-13,1.5506
2011-10-12,1.5352
2011-10-11,1.5124
2011-10-10,1.4895
2011-10-07,1.4738
2011-10-06,1.4399
2011-10-05,1.3939
2011-10-04,1.3852
2011-10-03,1.4177
2011-09-30,1.4627
2011-09-29,1.3955
2011-09-28,1.3933
2011-09-27,1.3971
2011-09-26,1.3314
2011-09-23,1.3488
2011-09-22,1.3756
2011-09-21,1.4697
2011-09-20,1.4844
2011-09-19,1.4815
2011-09-16,1.5286
2011-09-15,1.5066
2011-09-14,1.489
2011-09-13,1.504
2011-09-12,1.5131
2011-09-09,1.5501
2011-09-08,1.5832
2011-09-07,1.5766
2011-09-06,1.5426
2011-09-05,1.545
2011-09-02,1.5955
2011-09-01,1.6207
2011-08-31,1.6131
2011-08-30,1.5831
2011-08-29,1.5689
2011-08-26,1.524
2011-08-25,1.5195
2011-08-24,1.5304
2011-08-23,1.5407
2011-08-22,1.5087
2011-08-19,1.5151
2011-08-18,1.5546
2011-08-17,1.5999
2011-08-16,1.5933
2011-08-15,1.5843
2011-08-12,1.5477
2011-08-11,1.5446
2011-08-10,1.5314
2011-08-09,1.5117
2011-08-08,1.5482
2011-08-05,1.6243
2011-08-04,1.6795
2011-08-03,1.7224
2011-08-02,1.7602
2011-08-01,1.795
2011-07-29,1.7786
2011-07-28,1.7911
2011-07-27,1.7967
2011-07-26,1.8085
2011-07-25,1.7963
2011-07-22,1.8051
2011-07-21,1.7896
2011-07-20,1.7774
2011-07-19,1.7662
2011-07-18,1.7562
2011-07-15,1.7758
2011-07-14,1.7782
2011-07-13,1.7794
2011-07-12,1.7541
2011-07-11,1.788
2011-07-08,1.8199
2011-07-07,1.8263
2011-07-06,1.8151
2011-07-05,1.8229
2011-07-04,1.8284
2011-07-01,1.8083
2011-06-30,1.792
2011-06-29,1.845
2011-06-28,1.8246
2011-06-27,1.8107
2011-06-24,1.8158
2011-06-23,1.7989
2011-06-22,1.8184
2011-06-21,1.8131
2011-06-20,1.7891
2011-06-17,1.7958
2011-06-16,1.8043
2011-06-15,1.8375
2011-06-14,1.8511
2011-06-13,1.8353
2011-06-10,1.8572
2011-06-09,1.8664
2011-06-08,1.8717
2011-06-07,1.8822
2011-06-06,1.8814
2011-06-03,1.892
2011-06-02,1.8928
2011-06-01,1.9055
2011-05-31,1.8964
2011-05-30,1.8643
2011-05-27,1.8649
2011-05-26,1.8415
2011-05-25,1.8165
2011-05-24,1.8272
2011-05-23,1.8097
2011-05-20,1.8532
2011-05-19,1.8527
2011-05-18,1.8561
2011-05-17,1.8413
2011-05-16,1.8426
2011-05-13,1.8623
2011-05-12,1.8669
2011-05-11,1.8937
2011-05-10,1.8959
2011-05-09,1.8858
2011-05-06,1.8881
2011-05-05,1.884
2011-05-04,1.902
2011-05-03,1.9248
2011-05-02,1.9613
2011-04-29,1.9551
2011-04-28,1.9518
2011-04-27,1.9545
2011-04-26,1.956
2011-04-25,1.9543
2011-04-22,1.9588
2011-04-21,1.9574
2011-04-20,1.9397
2011-04-19,1.8955
2011-04-18,1.8889
2011-04-15,1.9206
2011-04-14,1.9216
2011-04-13,1.9248
2011-04-12,1.9119
2011-04-11,1.9503
2011-04-08,1.961
2011-04-07,1.9549
2011-04-06,1.9565
2011-04-05,1.9423
2011-04-04,1.942
2011-04-01,1.9252
2011-03-31,1.903
2011-03-30,1.9857
2011-03-29,1.9548
2011-03-28,1.9476
2011-03-25,1.9571
2011-03-24,1.9417
2011-03-23,1.9228
2011-03-22,1.9176
2011-03-21,1.8999
2011-03-18,1.8763
2011-03-17,1.8642
2011-03-16,1.8744
2011-03-15,1.8682
2011-03-14,1.9111
2011-03-11,1.8986
2011-03-10,1.9084
2011-03-09,1.9427
2011-03-08,1.9429
2011-03-07,1.9363
2011-03-04,1.9494
2011-03-03,1.9305
2011-03-02,1.9063
2011-03-01,1.9043
2011-02-28,1.8902
2011-02-25,1.8774
2011-02-24,1.8534
2011-02-23,1.8686
2011-02-22,1.8782
2011-02-21,1.9103
2011-02-18,1.9128
2011-02-17,1.8957
2011-02-16,1.8918
2011-02-15,1.8842
2011-02-14,1.8872
2011-02-11,1.8629
2011-02-10,1.8596
2011-02-09,1.8957
2011-02-08,1.9242
2011-02-07,1.9302
2011-02-04,1.9326
2011-02-03,1.9384
2011-02-02,1.9421
2011-02-01,1.9341
2011-01-31,1.9071
2011-01-28,1.9194
2011-01-27,1.948
2011-01-26,1.9484
2011-01-25,1.9404
2011-01-24,1.9406
2011-01-21,1.9408
2011-01-20,1.9518
2011-01-19,1.9826
2011-01-18,1.9802
2011-01-17,1.9726
2011-01-14,1.982
2011-01-13,1.9872
2011-01-12,1.99
2011-01-11,1.9559
2011-01-10,1.9391
2011-01-07,1.9577
2011-01-06,1.9753
2011-01-05,1.9855
2011-01-04,1.9925
2011-01-03,1.9899
2010-12-31,1.9707
2010-12-30,2.1189
2010-12-29,2.1013
2010-12-28,2.079
2010-12-27,2.0819
2010-12-24,2.086
2010-12-23,2.0859
2010-12-22,2.0834
2010-12-21,2.0781
2010-12-20,2.0503
2010-12-17,2.0628
2010-12-16,2.0561
2010-12-15,2.0717
2010-12-14,2.0882
2010-12-13,2.0771
2010-12-10,2.0592
2010-12-09,2.0625
2010-12-08,2.06
2010-12-07,2.0883
2010-12-06,2.0849
2010-12-03,2.0779
2010-12-02,2.0644
2010-12-01,2.0337
2010-11-30,1.9747
2010-11-29,1.9835
2010-11-26,1.9843
2010-11-25,2.0171
2010-11-24,2.0054
2010-11-23,2.0
2010-11-22,2.0435
2010-11-19,2.0436
2010-11-18,2.0418
2010-11-17,2.0102
2010-11-16,2.0221
2010-11-15,2.0441
2010-11-12,2.0554
2010-11-11,2.0931
2010-11-10,2.107
2010-11-09,2.122
2010-11-08,2.1213
2010-11-05,2.1243
2010-11-04,2.114
2010-11-03,2.0798
2010-11-02,2.0645
2010-11-01,2.0584
2010-10-29,2.032
2010-10-28,2.0267
2010-10-27,2.0196
2010-10-26,2.0497
2010-10-25,2.0448
2010-10-22,2.0263
2010-10-21,2.0335
2010-10-20,2.0237
2010-10-19,2.0171
2010-10-18,2.0443
2010-10-15,2.0607
2010-10-14,2.0715
2010-10-13,2.0544
2010-10-12,2.0199
2010-10-11,2.036
