Date,US 10Y Bid YTM,SMAVG (50),SMAVG (100),SMAVG (250)
2022-11-01,4.046,3.646,3.301,2.587
2022-10-31,4.052,3.624,3.291,2.577
2022-10-28,4.021,3.601,3.28,2.567
2022-10-27,3.923,3.579,3.271,2.557
2022-10-26,4.007,3.556,3.261,2.547
2022-10-25,4.104,3.532,3.25,2.538
2022-10-24,4.247,3.507,3.238,2.528
2022-10-21,4.223,3.479,3.224,2.518
2022-10-20,4.23,3.451,3.209,2.507
2022-10-19,4.138,3.422,3.194,2.497
2022-10-18,4.011,3.394,3.18,2.487
2022-10-17,4.015,3.371,3.168,2.478
2022-10-14,4.025,3.344,3.156,2.468
2022-10-13,3.948,3.318,3.144,2.458
2022-10-12,3.898,3.294,3.133,2.448
2022-10-11,3.951,3.267,3.123,2.439
2022-10-07,3.885,3.241,3.113,2.429
2022-10-06,3.826,3.217,3.103,2.42
2022-10-05,3.759,3.197,3.094,2.411
2022-10-04,3.637,3.178,3.085,2.402
2022-10-03,3.643,3.161,3.078,2.393
2022-09-30,3.835,3.143,3.072,2.385
2022-09-29,3.792,3.124,3.064,2.375
2022-09-28,3.735,3.109,3.057,2.366
2022-09-27,3.949,3.095,3.05,2.358
2022-09-26,3.928,3.075,3.04,2.348
2022-09-23,3.693,3.055,3.031,2.338
2022-09-22,3.716,3.041,3.024,2.329
2022-09-21,3.534,3.025,3.016,2.319
2022-09-20,3.565,3.014,3.009,2.31
2022-09-19,3.492,3.003,3.001,2.301
2022-09-16,3.455,2.994,2.994,2.293
2022-09-15,3.453,2.985,2.987,2.284
2022-09-14,3.406,2.975,2.982,2.276
2022-09-13,3.41,2.963,2.977,2.267
2022-09-12,3.362,2.952,2.971,2.259
2022-09-09,3.315,2.946,2.967,2.251
2022-09-08,3.321,2.941,2.963,2.243
2022-09-07,3.267,2.938,2.958,2.235
2022-09-06,3.351,2.937,2.952,2.227
2022-09-02,3.195,2.933,2.946,2.219
2022-09-01,3.257,2.931,2.942,2.212
2022-08-31,3.196,2.929,2.936,2.204
2022-08-30,3.106,2.931,2.931,2.196
2022-08-29,3.108,2.933,2.926,2.189
2022-08-26,3.045,2.935,2.92,2.182
2022-08-25,3.03,2.94,2.914,2.175
2022-08-24,3.109,2.949,2.907,2.168
2022-08-23,3.05,2.954,2.9,2.161
2022-08-22,3.02,2.956,2.893,2.154
2022-08-19,2.978,2.957,2.887,2.147
2022-08-18,2.884,2.958,2.881,2.14
2022-08-17,2.902,2.96,2.877,2.133
2022-08-16,2.806,2.963,2.872,2.127
2022-08-15,2.79,2.965,2.867,2.121
2022-08-12,2.837,2.968,2.863,2.115
2022-08-11,2.891,2.969,2.858,2.109
2022-08-10,2.788,2.968,2.85,2.102
2022-08-09,2.783,2.967,2.844,2.097
2022-08-08,2.759,2.967,2.838,2.091
2022-08-05,2.832,2.967,2.832,2.085
2022-08-04,2.69,2.965,2.825,2.079
2022-08-03,2.706,2.968,2.818,2.073
2022-08-02,2.75,2.97,2.811,2.066
2022-08-01,2.579,2.972,2.803,2.06
2022-07-29,2.654,2.978,2.796,2.055
2022-07-28,2.678,2.985,2.787,2.049
2022-07-27,2.79,2.989,2.778,2.043
2022-07-26,2.81,2.992,2.768,2.037
2022-07-25,2.8,2.992,2.759,2.031
2022-07-22,2.754,2.995,2.748,2.025
2022-07-21,2.88,3.0,2.739,2.019
2022-07-20,3.028,3.003,2.73,2.013
2022-07-19,3.025,3.005,2.719,2.006
2022-07-18,2.989,3.006,2.709,1.998
2022-07-15,2.923,3.005,2.699,1.992
2022-07-14,2.965,3.006,2.689,1.985
2022-07-13,2.937,3.006,2.679,1.979
2022-07-12,2.972,3.006,2.67,1.973
2022-07-11,2.996,3.004,2.66,1.966
2022-07-08,3.084,3.0,2.65,1.96
2022-07-07,3.0,2.993,2.639,1.952
2022-07-06,2.935,2.99,2.629,1.946
2022-07-05,2.811,2.989,2.619,1.939
2022-07-01,2.884,2.991,2.611,1.934
2022-06-30,3.018,2.99,2.601,1.928
2022-06-29,3.095,2.989,2.59,1.922
2022-06-28,3.177,2.984,2.578,1.915
2022-06-27,3.205,2.977,2.564,1.909
2022-06-24,3.139,2.967,2.55,1.902
2022-06-23,3.094,2.959,2.536,1.895
2022-06-22,3.164,2.953,2.523,1.889
2022-06-21,3.281,2.943,2.509,1.882
2022-06-17,3.231,2.931,2.495,1.875
2022-06-16,3.201,2.919,2.48,1.868
2022-06-15,3.291,2.906,2.466,1.861
2022-06-14,3.479,2.888,2.451,1.854
2022-06-13,3.369,2.866,2.434,1.846
2022-06-10,3.161,2.845,2.419,1.839
2022-06-09,3.046,2.829,2.406,1.832
2022-06-08,3.025,2.816,2.394,1.826
2022-06-07,2.979,2.805,2.381,1.819
2022-06-06,3.044,2.795,2.368,1.814
2022-06-03,2.941,2.782,2.355,1.808
2022-06-02,2.913,2.769,2.343,1.802
2022-06-01,2.911,2.758,2.332,1.797
2022-05-31,2.85,2.746,2.32,1.792
2022-05-27,2.741,2.732,2.309,1.787
2022-05-26,2.752,2.721,2.298,1.782
2022-05-25,2.749,2.71,2.287,1.778
2022-05-24,2.756,2.698,2.274,1.773
2022-05-23,2.855,2.685,2.262,1.768
2022-05-20,2.785,2.668,2.249,1.763
2022-05-19,2.842,2.652,2.236,1.759
2022-05-18,2.889,2.635,2.222,1.754
2022-05-17,2.99,2.614,2.208,1.749
2022-05-16,2.888,2.59,2.193,1.743
2022-05-13,2.924,2.566,2.179,1.739
2022-05-12,2.853,2.545,2.164,1.733
2022-05-11,2.932,2.525,2.149,1.729
2022-05-10,2.997,2.501,2.134,1.724
2022-05-09,3.04,2.478,2.119,1.718
2022-05-06,3.136,2.457,2.103,1.712
2022-05-05,3.044,2.433,2.085,1.706
2022-05-04,2.94,2.412,2.07,1.7
2022-05-03,2.979,2.392,2.056,1.695
2022-05-02,2.989,2.371,2.041,1.689
2022-04-29,2.941,2.351,2.026,1.684
2022-04-28,2.828,2.333,2.011,1.678
2022-04-27,2.836,2.317,1.996,1.674
2022-04-26,2.726,2.3,1.982,1.669
2022-04-25,2.826,2.285,1.969,1.664
2022-04-22,2.904,2.269,1.955,1.659
2022-04-21,2.915,2.25,1.941,1.654
2022-04-20,2.838,2.231,1.927,1.649
2022-04-19,2.942,2.212,1.915,1.643
2022-04-18,2.858,2.192,1.902,1.638
2022-04-14,2.831,2.171,1.89,1.633
2022-04-13,2.704,2.15,1.877,1.628
2022-04-12,2.727,2.132,1.866,1.623
2022-04-11,2.784,2.113,1.854,1.619
2022-04-08,2.709,2.093,1.843,1.614
2022-04-07,2.662,2.075,1.832,1.61
2022-04-06,2.603,2.059,1.821,1.606
2022-04-05,2.551,2.042,1.811,1.602
2022-04-04,2.401,2.027,1.8,1.599
2022-04-01,2.388,2.014,1.79,1.596
2022-03-31,2.343,2.002,1.781,1.593
2022-03-30,2.354,1.993,1.773,1.59
2022-03-29,2.4,1.983,1.766,1.588
2022-03-28,2.464,1.971,1.757,1.585
2022-03-25,2.481,1.956,1.748,1.582
2022-03-24,2.375,1.941,1.739,1.579
2022-03-23,2.297,1.929,1.731,1.576
2022-03-22,2.386,1.918,1.723,1.573
2022-03-21,2.295,1.905,1.716,1.57
2022-03-18,2.155,1.894,1.709,1.568
2022-03-17,2.176,1.885,1.704,1.566
2022-03-16,2.19,1.875,1.699,1.564
2022-03-15,2.147,1.863,1.694,1.562
2022-03-14,2.137,1.851,1.689,1.56
2022-03-11,1.999,1.838,1.683,1.558
2022-03-10,1.993,1.829,1.679,1.556
2022-03-09,1.957,1.819,1.674,1.555
2022-03-08,1.851,1.81,1.67,1.553
2022-03-07,1.779,1.803,1.667,1.552
2022-03-04,1.736,1.796,1.666,1.551
2022-03-03,1.844,1.791,1.664,1.55
2022-03-02,1.882,1.782,1.661,1.549
2022-03-01,1.733,1.773,1.657,1.547
2022-02-28,1.828,1.766,1.655,1.546
2022-02-25,1.967,1.759,1.651,1.544
2022-02-24,1.969,1.749,1.647,1.542
2022-02-23,1.993,1.738,1.642,1.54
2022-02-22,1.942,1.728,1.638,1.538
2022-02-18,1.934,1.719,1.633,1.536
2022-02-17,1.965,1.711,1.628,1.533
2022-02-16,2.042,1.701,1.623,1.531
2022-02-15,2.047,1.689,1.616,1.528
2022-02-14,1.991,1.675,1.608,1.525
2022-02-11,1.944,1.664,1.602,1.522
2022-02-10,2.035,1.653,1.596,1.519
2022-02-09,1.943,1.642,1.589,1.516
2022-02-08,1.967,1.633,1.582,1.512
2022-02-07,1.918,1.623,1.576,1.509
2022-02-04,1.914,1.617,1.57,1.506
2022-02-03,1.834,1.613,1.564,1.503
2022-02-02,1.779,1.608,1.559,1.5
2022-02-01,1.791,1.604,1.554,1.498
2022-01-31,1.78,1.6,1.55,1.495
2022-01-28,1.775,1.596,1.546,1.492
2022-01-27,1.803,1.593,1.541,1.49
2022-01-26,1.869,1.589,1.536,1.487
2022-01-25,1.772,1.583,1.53,1.483
2022-01-24,1.774,1.579,1.525,1.48
2022-01-21,1.762,1.572,1.521,1.477
2022-01-20,1.808,1.567,1.516,1.475
2022-01-19,1.868,1.56,1.512,1.472
2022-01-18,1.877,1.553,1.506,1.469
2022-01-14,1.789,1.548,1.5,1.465
2022-01-13,1.708,1.543,1.495,1.463
2022-01-12,1.746,1.54,1.49,1.46
2022-01-11,1.737,1.536,1.485,1.458
2022-01-10,1.762,1.533,1.48,1.455
2022-01-07,1.766,1.529,1.475,1.453
2022-01-06,1.725,1.526,1.471,1.45
2022-01-05,1.709,1.524,1.467,1.448
2022-01-04,1.651,1.523,1.463,1.445
2022-01-03,1.631,1.524,1.46,1.442
2021-12-31,1.514,1.524,1.457,1.439
2021-12-30,1.513,1.527,1.455,1.437
2021-12-29,1.555,1.528,1.452,1.435
2021-12-28,1.486,1.529,1.448,1.432
2021-12-27,1.481,1.529,1.445,1.43
2021-12-23,1.494,1.531,1.442,1.428
2021-12-22,1.455,1.532,1.44,1.426
2021-12-21,1.465,1.536,1.438,1.423
2021-12-20,1.428,1.538,1.436,1.421
2021-12-17,1.405,1.54,1.434,1.419
2021-12-16,1.414,1.542,1.433,1.417
2021-12-15,1.462,1.543,1.431,1.416
2021-12-14,1.445,1.543,1.429,1.413
2021-12-13,1.419,1.544,1.428,1.411
2021-12-10,1.487,1.546,1.426,1.409
2021-12-09,1.502,1.547,1.423,1.407
2021-12-08,1.525,1.547,1.421,1.404
2021-12-07,1.478,1.546,1.419,1.402
2021-12-06,1.438,1.545,1.417,1.4
2021-12-03,1.348,1.542,1.417,1.398
2021-12-02,1.448,1.542,1.417,1.396
2021-12-01,1.407,1.539,1.417,1.394
2021-11-30,1.449,1.538,1.415,1.392
2021-11-29,1.504,1.536,1.414,1.39
2021-11-26,1.478,1.532,1.413,1.387
2021-11-24,1.639,1.528,1.412,1.385
2021-11-23,1.67,1.522,1.41,1.382
2021-11-22,1.627,1.516,1.408,1.379
2021-11-19,1.551,1.509,1.407,1.375
2021-11-18,1.587,1.505,1.406,1.372
2021-11-17,1.591,1.501,1.405,1.37
2021-11-16,1.637,1.495,1.404,1.367
2021-11-15,1.618,1.488,1.403,1.364
2021-11-12,1.566,1.482,1.401,1.361
2021-11-10,1.554,1.477,1.401,1.358
2021-11-09,1.441,1.471,1.4,1.356
2021-11-08,1.491,1.469,1.4,1.354
2021-11-05,1.457,1.466,1.401,1.351
2021-11-04,1.531,1.464,1.402,1.348
2021-11-03,1.607,1.459,1.401,1.345
2021-11-02,1.552,1.452,1.4,1.342
2021-11-01,1.559,1.446,1.399,1.34
2021-10-29,1.557,1.44,1.398,1.337
2021-10-28,1.582,1.434,1.398,1.334
2021-10-27,1.545,1.428,1.398,1.331
2021-10-26,1.61,1.422,1.398,1.328
2021-10-25,1.634,1.415,1.398,1.324
2021-10-22,1.636,1.41,1.397,1.321
2021-10-21,1.705,1.404,1.397,1.318
2021-10-20,1.658,1.397,1.396,1.315
2021-10-19,1.641,1.39,1.396,1.311
2021-10-18,1.604,1.383,1.395,1.308
2021-10-15,1.574,1.376,1.395,1.304
2021-10-14,1.514,1.368,1.395,1.301
2021-10-13,1.539,1.361,1.396,1.298
2021-10-12,1.58,1.354,1.397,1.294
2021-10-08,1.615,1.347,1.398,1.291
2021-10-07,1.575,1.34,1.398,1.288
2021-10-06,1.522,1.333,1.399,1.285
2021-10-05,1.529,1.328,1.4,1.282
2021-10-04,1.481,1.323,1.401,1.279
2021-10-01,1.463,1.319,1.403,1.276
2021-09-30,1.489,1.315,1.405,1.272
2021-09-29,1.52,1.311,1.406,1.269
2021-09-28,1.541,1.306,1.407,1.266
2021-09-27,1.489,1.299,1.407,1.262
2021-09-24,1.454,1.295,1.408,1.259
2021-09-23,1.434,1.292,1.409,1.256
2021-09-22,1.306,1.29,1.411,1.253
2021-09-21,1.326,1.292,1.414,1.25
2021-09-20,1.314,1.293,1.417,1.247
2021-09-17,1.367,1.294,1.42,1.245
2021-09-16,1.341,1.293,1.423,1.242
2021-09-15,1.302,1.292,1.425,1.24
2021-09-14,1.287,1.293,1.428,1.237
2021-09-13,1.329,1.296,1.43,1.235
2021-09-10,1.346,1.299,1.433,1.232
2021-09-09,1.3,1.301,1.435,1.23
2021-09-08,1.341,1.305,1.438,1.227
2021-09-07,1.375,1.307,1.44,1.224
2021-09-03,1.326,1.31,1.442,1.222
2021-09-02,1.285,1.314,1.445,1.219
2021-09-01,1.297,1.318,1.449,1.217
2021-08-31,1.312,1.321,1.452,1.214
2021-08-30,1.284,1.325,1.456,1.212
2021-08-27,1.31,1.328,1.459,1.209
2021-08-26,1.353,1.332,1.463,1.207
2021-08-25,1.344,1.336,1.466,1.205
2021-08-24,1.299,1.339,1.47,1.202
2021-08-23,1.255,1.343,1.473,1.199
2021-08-20,1.257,1.347,1.478,1.197
2021-08-19,1.245,1.351,1.483,1.194
2021-08-18,1.262,1.356,1.487,1.192
2021-08-17,1.265,1.361,1.492,1.19
2021-08-16,1.268,1.368,1.495,1.187
2021-08-13,1.28,1.373,1.499,1.185
2021-08-12,1.362,1.38,1.502,1.183
2021-08-11,1.334,1.385,1.506,1.18
2021-08-10,1.352,1.39,1.51,1.178
2021-08-09,1.325,1.395,1.513,1.174
2021-08-06,1.3,1.401,1.516,1.171
2021-08-05,1.225,1.407,1.52,1.168
2021-08-04,1.185,1.413,1.523,1.166
2021-08-03,1.174,1.422,1.528,1.163
2021-08-02,1.179,1.431,1.531,1.16
2021-07-30,1.226,1.44,1.535,1.158
2021-07-29,1.271,1.449,1.538,1.155
2021-07-28,1.236,1.456,1.541,1.152
2021-07-27,1.244,1.464,1.545,1.15
2021-07-26,1.293,1.472,1.548,1.147
2021-07-23,1.28,1.479,1.55,1.144
2021-07-22,1.282,1.488,1.551,1.142
2021-07-21,1.292,1.495,1.552,1.139
2021-07-20,1.227,1.501,1.553,1.136
2021-07-19,1.192,1.508,1.556,1.134
2021-07-16,1.294,1.516,1.558,1.131
2021-07-15,1.301,1.521,1.559,1.129
2021-07-14,1.349,1.527,1.559,1.126
2021-07-13,1.418,1.532,1.559,1.123
2021-07-12,1.368,1.536,1.558,1.12
2021-07-09,1.363,1.542,1.557,1.117
2021-07-08,1.296,1.547,1.557,1.114
2021-07-07,1.318,1.553,1.556,1.112
2021-07-06,1.351,1.558,1.554,1.109
2021-07-02,1.427,1.562,1.552,1.106
2021-07-01,1.461,1.565,1.549,1.103
2021-06-30,1.47,1.567,1.547,1.1
2021-06-29,1.473,1.568,1.544,1.097
2021-06-28,1.48,1.571,1.54,1.093
2021-06-25,1.526,1.573,1.537,1.09
2021-06-24,1.494,1.574,1.533,1.087
2021-06-23,1.489,1.577,1.529,1.083
2021-06-22,1.467,1.58,1.524,1.08
2021-06-21,1.492,1.584,1.52,1.077
2021-06-18,1.441,1.587,1.515,1.074
2021-06-17,1.509,1.591,1.511,1.071
2021-06-16,1.581,1.594,1.507,1.068
2021-06-15,1.494,1.596,1.502,1.065
2021-06-14,1.497,1.6,1.498,1.062
2021-06-11,1.454,1.603,1.494,1.059
2021-06-10,1.435,1.609,1.49,1.056
2021-06-09,1.494,1.615,1.487,1.053
2021-06-08,1.538,1.619,1.483,1.05
2021-06-07,1.572,1.622,1.478,1.047
2021-06-04,1.557,1.623,1.474,1.045
2021-06-03,1.628,1.624,1.47,1.042
2021-06-02,1.589,1.624,1.465,1.038
2021-06-01,1.608,1.626,1.46,1.035
2021-05-28,1.598,1.629,1.454,1.031
2021-05-27,1.611,1.631,1.448,1.027
2021-05-26,1.579,1.632,1.441,1.023
2021-05-25,1.562,1.633,1.434,1.02
2021-05-24,1.605,1.634,1.428,1.016
2021-05-21,1.623,1.634,1.421,1.013
2021-05-20,1.628,1.632,1.414,1.009
2021-05-19,1.676,1.63,1.407,1.005
2021-05-18,1.64,1.627,1.4,1.001
2021-05-17,1.652,1.626,1.393,0.997
2021-05-14,1.632,1.625,1.385,0.993
2021-05-13,1.659,1.623,1.379,0.989
2021-05-12,1.697,1.62,1.371,0.985
2021-05-11,1.624,1.614,1.364,0.981
2021-05-10,1.604,1.61,1.357,0.978
2021-05-07,1.581,1.606,1.349,0.974
2021-05-06,1.573,1.605,1.343,0.97
2021-05-05,1.57,1.601,1.336,0.967
2021-05-04,1.594,1.597,1.33,0.963
2021-05-03,1.603,1.592,1.323,0.959
2021-04-30,1.629,1.587,1.316,0.955
2021-04-29,1.638,1.58,1.31,0.951
2021-04-28,1.611,1.573,1.302,0.947
2021-04-27,1.625,1.567,1.296,0.943
2021-04-26,1.568,1.559,1.289,0.939
2021-04-23,1.561,1.551,1.281,0.936
2021-04-22,1.542,1.542,1.274,0.932
2021-04-21,1.557,1.534,1.268,0.928
2021-04-20,1.562,1.527,1.261,0.924
2021-04-19,1.608,1.519,1.254,0.92
2021-04-16,1.583,1.509,1.246,0.916
2021-04-15,1.579,1.501,1.238,0.913
2021-04-14,1.634,1.491,1.231,0.909
2021-04-13,1.618,1.48,1.224,0.905
2021-04-12,1.669,1.469,1.216,0.902
2021-04-09,1.662,1.457,1.209,0.898
2021-04-08,1.623,1.444,1.201,0.895
2021-04-07,1.676,1.432,1.194,0.891
2021-04-06,1.66,1.419,1.187,0.887
2021-04-05,1.704,1.408,1.178,0.883
2021-04-01,1.673,1.396,1.169,0.878
2021-03-31,1.744,1.384,1.16,0.874
2021-03-30,1.71,1.371,1.152,0.87
2021-03-29,1.712,1.358,1.143,0.866
2021-03-26,1.68,1.347,1.135,0.862
2021-03-25,1.638,1.335,1.126,0.858
2021-03-24,1.612,1.325,1.117,0.855
2021-03-23,1.624,1.315,1.109,0.852
2021-03-22,1.698,1.305,1.101,0.849
2021-03-19,1.725,1.293,1.092,0.846
2021-03-18,1.712,1.279,1.084,0.843
2021-03-17,1.648,1.264,1.075,0.841
2021-03-16,1.621,1.25,1.066,0.839
2021-03-15,1.607,1.236,1.058,0.835
2021-03-12,1.628,1.222,1.049,0.833
2021-03-11,1.54,1.208,1.04,0.83
2021-03-10,1.521,1.196,1.032,0.827
2021-03-09,1.53,1.184,1.024,0.824
2021-03-08,1.594,1.172,1.017,0.82
2021-03-05,1.57,1.159,1.008,0.817
2021-03-04,1.568,1.146,1.001,0.814
2021-03-03,1.486,1.134,0.992,0.812
2021-03-02,1.395,1.123,0.985,0.81
2021-03-01,1.42,1.113,0.978,0.809
2021-02-26,1.41,1.103,0.971,0.808
2021-02-25,1.527,1.093,0.964,0.808
2021-02-24,1.379,1.08,0.955,0.807
2021-02-23,1.345,1.071,0.948,0.807
2021-02-22,1.367,1.063,0.941,0.807
2021-02-19,1.341,1.054,0.934,0.807
2021-02-18,1.297,1.046,0.927,0.808
2021-02-17,1.274,1.039,0.921,0.809
2021-02-16,1.317,1.032,0.915,0.81
2021-02-12,1.213,1.024,0.909,0.811
2021-02-11,1.168,1.018,0.904,0.813
2021-02-10,1.124,1.012,0.899,0.815
2021-02-09,1.16,1.006,0.894,0.817
2021-02-08,1.172,1.001,0.89,0.818
2021-02-05,1.167,0.995,0.885,0.82
2021-02-04,1.143,0.989,0.88,0.822
2021-02-03,1.141,0.982,0.875,0.824
2021-02-02,1.1,0.976,0.871,0.826
2021-02-01,1.083,0.972,0.867,0.828
2021-01-29,1.069,0.967,0.862,0.829
2021-01-28,1.048,0.964,0.858,0.831
2021-01-27,1.019,0.961,0.854,0.833
2021-01-26,1.036,0.958,0.851,0.836
2021-01-25,1.033,0.957,0.848,0.838
2021-01-22,1.089,0.955,0.845,0.841
2021-01-21,1.109,0.949,0.841,0.844
2021-01-20,1.082,0.942,0.837,0.846
2021-01-19,1.09,0.936,0.833,0.849
2021-01-15,1.085,0.932,0.828,0.852
2021-01-14,1.131,0.928,0.824,0.855
2021-01-13,1.085,0.922,0.82,0.857
2021-01-12,1.131,0.917,0.815,0.86
2021-01-11,1.148,0.91,0.811,0.863
2021-01-08,1.119,0.903,0.807,0.866
2021-01-07,1.083,0.896,0.803,0.869
2021-01-06,1.041,0.892,0.799,0.872
2021-01-05,0.96,0.888,0.795,0.875
2021-01-04,0.915,0.885,0.791,0.879
2020-12-31,0.918,0.883,0.787,0.882
2020-12-30,0.926,0.88,0.784,0.886
2020-12-29,0.941,0.876,0.78,0.89
2020-12-28,0.926,0.872,0.775,0.894
2020-12-24,0.928,0.868,0.772,0.897
2020-12-23,0.946,0.864,0.768,0.901
2020-12-22,0.92,0.861,0.764,0.905
2020-12-21,0.936,0.858,0.76,0.909
2020-12-18,0.951,0.855,0.757,0.913
2020-12-17,0.935,0.851,0.753,0.917
2020-12-16,0.92,0.848,0.75,0.921
2020-12-15,0.911,0.843,0.747,0.925
2020-12-14,0.895,0.839,0.744,0.929
2020-12-11,0.9,0.835,0.741,0.932
2020-12-10,0.91,0.83,0.738,0.936
2020-12-09,0.938,0.825,0.735,0.94
2020-12-08,0.921,0.819,0.732,0.943
2020-12-07,0.926,0.814,0.729,0.947
2020-12-04,0.969,0.809,0.726,0.951
2020-12-03,0.908,0.803,0.722,0.954
2020-12-02,0.938,0.798,0.72,0.958
2020-12-01,0.929,0.793,0.717,0.961
2020-11-30,0.842,0.789,0.714,0.964
2020-11-27,0.841,0.786,0.712,0.968
2020-11-25,0.883,0.783,0.71,0.972
2020-11-24,0.882,0.778,0.708,0.975
2020-11-23,0.857,0.774,0.706,0.979
2020-11-20,0.826,0.771,0.704,0.982
2020-11-19,0.831,0.768,0.702,0.986
2020-11-18,0.872,0.765,0.7,0.99
2020-11-17,0.86,0.762,0.698,0.993
2020-11-16,0.909,0.758,0.697,0.997
2020-11-13,0.9,0.752,0.695,1.001
2020-11-12,0.883,0.748,0.693,1.005
2020-11-10,0.963,0.744,0.691,1.009
2020-11-09,0.925,0.74,0.688,1.013
2020-11-06,0.822,0.736,0.687,1.017
2020-11-05,0.765,0.734,0.686,1.021
2020-11-04,0.766,0.732,0.685,1.025
2020-11-03,0.901,0.73,0.685,1.03
2020-11-02,0.847,0.724,0.683,1.033
2020-10-30,0.875,0.72,0.681,1.037
2020-10-29,0.825,0.717,0.681,1.04
2020-10-28,0.774,0.714,0.681,1.044
2020-10-27,0.771,0.712,0.683,1.048
2020-10-26,0.804,0.711,0.683,1.052
2020-10-23,0.845,0.709,0.683,1.056
2020-10-22,0.858,0.706,0.681,1.06
2020-10-21,0.826,0.701,0.679,1.064
2020-10-20,0.787,0.696,0.677,1.067
2020-10-19,0.772,0.692,0.676,1.071
2020-10-16,0.747,0.687,0.676,1.075
2020-10-15,0.734,0.683,0.675,1.079
2020-10-14,0.727,0.679,0.674,1.083
2020-10-13,0.729,0.675,0.674,1.088
2020-10-09,0.779,0.671,0.673,1.092
2020-10-08,0.787,0.667,0.672,1.095
2020-10-07,0.788,0.663,0.672,1.098
2020-10-06,0.737,0.659,0.67,1.101
2020-10-05,0.783,0.656,0.669,1.105
2020-10-02,0.704,0.652,0.668,1.108
2020-10-01,0.681,0.65,0.668,1.111
2020-09-30,0.686,0.648,0.668,1.115
2020-09-29,0.651,0.647,0.668,1.118
2020-09-28,0.654,0.646,0.668,1.122
2020-09-25,0.658,0.645,0.668,1.127
2020-09-24,0.671,0.645,0.668,1.131
2020-09-23,0.674,0.644,0.668,1.135
2020-09-22,0.672,0.643,0.668,1.139
2020-09-21,0.667,0.642,0.667,1.143
2020-09-18,0.697,0.641,0.667,1.147
2020-09-17,0.69,0.64,0.666,1.152
2020-09-16,0.7,0.639,0.666,1.156
2020-09-15,0.682,0.638,0.665,1.161
2020-09-14,0.676,0.638,0.664,1.165
2020-09-11,0.667,0.638,0.664,1.17
2020-09-10,0.679,0.638,0.663,1.175
2020-09-09,0.703,0.638,0.662,1.179
2020-09-08,0.68,0.636,0.661,1.183
2020-09-04,0.72,0.635,0.661,1.187
2020-09-03,0.636,0.635,0.66,1.19
2020-09-02,0.651,0.636,0.661,1.194
2020-09-01,0.671,0.637,0.662,1.197
2020-08-31,0.706,0.638,0.663,1.2
2020-08-28,0.726,0.637,0.664,1.203
2020-08-27,0.754,0.637,0.663,1.207
2020-08-26,0.69,0.637,0.663,1.209
2020-08-25,0.685,0.638,0.662,1.213
2020-08-24,0.656,0.639,0.661,1.216
2020-08-21,0.631,0.64,0.66,1.22
2020-08-20,0.653,0.641,0.661,1.223
2020-08-19,0.683,0.642,0.661,1.227
2020-08-18,0.67,0.645,0.661,1.231
2020-08-17,0.69,0.649,0.663,1.234
2020-08-14,0.711,0.653,0.665,1.238
2020-08-13,0.722,0.656,0.666,1.241
2020-08-12,0.678,0.656,0.667,1.245
2020-08-11,0.643,0.656,0.669,1.249
2020-08-10,0.579,0.657,0.674,1.253
2020-08-07,0.566,0.658,0.68,1.257
2020-08-06,0.538,0.661,0.685,1.262
2020-08-05,0.551,0.664,0.687,1.267
2020-08-04,0.509,0.667,0.691,1.271
2020-08-03,0.558,0.67,0.694,1.276
2020-07-31,0.53,0.672,0.698,1.281
2020-07-30,0.549,0.675,0.7,1.287
2020-07-29,0.577,0.678,0.7,1.293
2020-07-28,0.581,0.681,0.702,1.299
2020-07-27,0.617,0.682,0.706,1.305
2020-07-24,0.59,0.683,0.71,1.31
2020-07-23,0.581,0.684,0.714,1.316
2020-07-22,0.6,0.686,0.72,1.322
2020-07-21,0.604,0.688,0.725,1.328
2020-07-20,0.613,0.689,0.732,1.334
2020-07-17,0.628,0.69,0.739,1.34
2020-07-16,0.618,0.692,0.747,1.345
2020-07-15,0.632,0.692,0.754,1.351
2020-07-14,0.625,0.693,0.763,1.357
2020-07-13,0.62,0.692,0.771,1.363
2020-07-10,0.648,0.693,0.781,1.369
2020-07-09,0.615,0.692,0.79,1.375
2020-07-08,0.666,0.692,0.8,1.381
2020-07-07,0.641,0.692,0.809,1.386
2020-07-06,0.681,0.692,0.819,1.392
2020-07-02,0.671,0.69,0.828,1.397
2020-07-01,0.677,0.689,0.837,1.402
2020-06-30,0.658,0.687,0.847,1.408
2020-06-29,0.625,0.686,0.856,1.413
2020-06-26,0.643,0.686,0.867,1.419
2020-06-25,0.687,0.686,0.876,1.424
2020-06-24,0.681,0.685,0.885,1.43
2020-06-23,0.715,0.687,0.893,1.435
2020-06-22,0.71,0.688,0.902,1.44
2020-06-19,0.697,0.688,0.91,1.445
2020-06-18,0.71,0.69,0.92,1.451
2020-06-17,0.74,0.69,0.929,1.456
2020-06-16,0.754,0.688,0.939,1.461
2020-06-15,0.723,0.685,0.948,1.467
2020-06-12,0.707,0.683,0.959,1.472
2020-06-11,0.672,0.68,0.969,1.478
2020-06-10,0.73,0.68,0.981,1.483
2020-06-09,0.827,0.68,0.992,1.489
2020-06-08,0.877,0.678,1.001,1.494
2020-06-05,0.897,0.677,1.011,1.499
2020-06-04,0.827,0.677,1.02,1.504
2020-06-03,0.749,0.677,1.03,1.509
2020-06-02,0.687,0.678,1.041,1.515
2020-06-01,0.661,0.681,1.053,1.52
2020-05-29,0.654,0.691,1.065,1.526
2020-05-28,0.695,0.702,1.076,1.532
2020-05-27,0.685,0.71,1.087,1.539
2020-05-26,0.7,0.71,1.099,1.545
2020-05-22,0.661,0.716,1.111,1.552
2020-05-21,0.674,0.719,1.124,1.558
2020-05-20,0.682,0.723,1.136,1.565
2020-05-19,0.691,0.725,1.148,1.572
2020-05-18,0.727,0.722,1.16,1.579
2020-05-15,0.646,0.723,1.172,1.586
2020-05-14,0.623,0.729,1.185,1.593
2020-05-13,0.654,0.737,1.198,1.6
2020-05-12,0.667,0.744,1.21,1.607
2020-05-11,0.712,0.754,1.222,1.614
2020-05-08,0.686,0.763,1.234,1.621
2020-05-07,0.644,0.775,1.245,1.628
2020-05-06,0.705,0.789,1.258,1.635
2020-05-05,0.663,0.802,1.269,1.642
2020-05-04,0.638,0.816,1.281,1.649
2020-05-01,0.616,0.832,1.293,1.657
2020-04-30,0.641,0.85,1.305,1.665
2020-04-29,0.63,0.869,1.316,1.672
2020-04-28,0.614,0.888,1.328,1.679
2020-04-27,0.662,0.907,1.339,1.687
2020-04-24,0.604,0.926,1.351,1.694
2020-04-23,0.605,0.947,1.362,1.702
2020-04-22,0.622,0.967,1.374,1.71
2020-04-21,0.572,0.986,1.385,1.718
2020-04-20,0.608,1.006,1.397,1.726
2020-04-17,0.645,1.027,1.409,1.734
2020-04-16,0.63,1.047,1.42,1.741
2020-04-15,0.633,1.066,1.431,1.749
2020-04-14,0.755,1.084,1.443,1.757
2020-04-13,0.776,1.099,1.453,1.764
2020-04-09,0.724,1.116,1.464,1.771
2020-04-08,0.774,1.133,1.475,1.778
2020-04-07,0.715,1.151,1.486,1.785
2020-04-06,0.675,1.168,1.498,1.792
2020-04-03,0.599,1.189,1.511,1.799
2020-04-02,0.602,1.211,1.524,1.807
2020-04-01,0.585,1.235,1.536,1.815
2020-03-31,0.671,1.259,1.549,1.822
2020-03-30,0.731,1.282,1.56,1.83
2020-03-27,0.682,1.303,1.57,1.836
2020-03-26,0.853,1.325,1.58,1.843
2020-03-25,0.872,1.344,1.589,1.849
2020-03-24,0.853,1.364,1.599,1.856
2020-03-23,0.791,1.383,1.609,1.862
2020-03-20,0.85,1.405,1.619,1.868
2020-03-19,1.147,1.425,1.628,1.875
2020-03-18,1.198,1.439,1.634,1.881
2020-03-17,1.085,1.451,1.64,1.886
2020-03-16,0.723,1.465,1.647,1.892
2020-03-13,0.968,1.488,1.657,1.9
2020-03-12,0.818,1.507,1.665,1.906
2020-03-11,0.874,1.528,1.675,1.914
2020-03-10,0.808,1.549,1.684,1.921
2020-03-09,0.545,1.57,1.693,1.928
2020-03-06,0.765,1.597,1.704,1.936
2020-03-05,0.915,1.621,1.712,1.944
2020-03-04,1.055,1.641,1.718,1.951
2020-03-03,1.004,1.658,1.723,1.958
2020-03-02,1.167,1.676,1.729,1.964
2020-02-28,1.152,1.691,1.732,1.971
2020-02-27,1.264,1.705,1.737,1.977
2020-02-26,1.34,1.716,1.741,1.983
2020-02-25,1.355,1.727,1.744,1.988
2020-02-24,1.372,1.736,1.747,1.993
2020-02-21,1.473,1.746,1.75,1.998
2020-02-20,1.517,1.753,1.753,2.003
2020-02-19,1.57,1.759,1.754,2.008
2020-02-18,1.563,1.764,1.756,2.012
2020-02-14,1.588,1.768,1.758,2.016
2020-02-13,1.619,1.771,1.76,2.021
2020-02-12,1.635,1.775,1.761,2.025
2020-02-11,1.602,1.778,1.763,2.029
2020-02-10,1.571,1.781,1.766,2.033
2020-02-07,1.585,1.784,1.769,2.038
2020-02-06,1.646,1.788,1.771,2.042
2020-02-05,1.653,1.79,1.772,2.046
2020-02-04,1.601,1.793,1.773,2.05
2020-02-03,1.529,1.796,1.773,2.055
2020-01-31,1.508,1.801,1.773,2.06
2020-01-30,1.587,1.807,1.774,2.064
2020-01-29,1.586,1.812,1.773,2.068
2020-01-28,1.658,1.817,1.771,2.073
2020-01-27,1.61,1.821,1.77,2.077
2020-01-24,1.686,1.828,1.769,2.082
2020-01-23,1.734,1.833,1.767,2.086
2020-01-22,1.771,1.837,1.764,2.09
2020-01-21,1.776,1.838,1.762,2.094
2020-01-17,1.823,1.84,1.759,2.098
2020-01-16,1.809,1.839,1.757,2.102
2020-01-15,1.785,1.837,1.755,2.105
2020-01-14,1.813,1.835,1.753,2.109
2020-01-13,1.848,1.834,1.751,2.113
2020-01-10,1.823,1.834,1.748,2.116
2020-01-09,1.858,1.834,1.745,2.12
2020-01-08,1.876,1.833,1.742,2.123
2020-01-07,1.821,1.831,1.74,2.127
2020-01-06,1.811,1.83,1.739,2.13
2020-01-03,1.79,1.829,1.738,2.133
2020-01-02,1.879,1.829,1.737,2.137
2019-12-31,1.921,1.827,1.736,2.14
2019-12-30,1.881,1.823,1.734,2.143
2019-12-27,1.879,1.821,1.732,2.146
2019-12-26,1.896,1.819,1.732,2.149
2019-12-24,1.901,1.815,1.732,2.153
2019-12-23,1.931,1.811,1.733,2.157
2019-12-20,1.919,1.804,1.734,2.16
2019-12-19,1.922,1.796,1.736,2.164
2019-12-18,1.919,1.789,1.737,2.167
2019-12-17,1.882,1.781,1.739,2.17
2019-12-16,1.873,1.774,1.74,2.174
2019-12-13,1.824,1.769,1.743,2.178
2019-12-12,1.894,1.765,1.745,2.183
2019-12-11,1.795,1.76,1.746,2.187
2019-12-10,1.843,1.758,1.749,2.191
2019-12-09,1.821,1.755,1.751,2.195
2019-12-06,1.84,1.754,1.754,2.199
2019-12-05,1.812,1.75,1.756,2.204
2019-12-04,1.776,1.748,1.759,2.208
2019-12-03,1.717,1.747,1.763,2.213
2019-12-02,1.821,1.749,1.766,2.218
2019-11-29,1.777,1.748,1.769,2.222
2019-11-27,1.769,1.749,1.771,2.227
2019-11-26,1.743,1.75,1.774,2.232
2019-11-25,1.757,1.753,1.776,2.238
2019-11-22,1.772,1.754,1.778,2.243
2019-11-21,1.776,1.753,1.781,2.248
2019-11-20,1.748,1.752,1.783,2.253
2019-11-19,1.786,1.75,1.786,2.258
2019-11-18,1.817,1.746,1.789,2.264
2019-11-15,1.832,1.741,1.79,2.269
2019-11-14,1.822,1.733,1.792,2.274
2019-11-13,1.888,1.726,1.794,2.279
2019-11-12,1.936,1.718,1.796,2.284
2019-11-08,1.943,1.71,1.797,2.289
2019-11-07,1.919,1.7,1.798,2.294
2019-11-06,1.83,1.691,1.8,2.299
2019-11-05,1.86,1.686,1.802,2.305
2019-11-04,1.779,1.679,1.805,2.31
2019-11-01,1.712,1.676,1.808,2.316
2019-10-31,1.693,1.673,1.812,2.322
2019-10-30,1.773,1.671,1.817,2.328
2019-10-29,1.84,1.667,1.82,2.333
2019-10-28,1.844,1.662,1.823,2.338
2019-10-25,1.798,1.655,1.826,2.343
2019-10-24,1.768,1.651,1.829,2.348
2019-10-23,1.766,1.65,1.832,2.354
2019-10-22,1.764,1.647,1.836,2.359
2019-10-21,1.803,1.647,1.84,2.365
2019-10-18,1.757,1.645,1.845,2.37
2019-10-17,1.754,1.645,1.85,2.376
2019-10-16,1.741,1.644,1.856,2.382
2019-10-15,1.774,1.643,1.862,2.388
2019-10-11,1.732,1.645,1.868,2.393
2019-10-10,1.672,1.648,1.875,2.399
2019-10-09,1.585,1.655,1.882,2.405
2019-10-08,1.531,1.665,1.89,2.411
2019-10-07,1.561,1.675,1.899,2.418
2019-10-04,1.531,1.686,1.907,2.425
2019-10-03,1.536,1.697,1.916,2.431
2019-10-02,1.601,1.707,1.924,2.438
2019-10-01,1.639,1.716,1.933,2.444
2019-09-30,1.668,1.725,1.941,2.449
2019-09-27,1.685,1.732,1.949,2.455
2019-09-26,1.696,1.739,1.957,2.46
2019-09-25,1.739,1.746,1.965,2.466
2019-09-24,1.647,1.754,1.973,2.471
2019-09-23,1.728,1.762,1.982,2.477
2019-09-20,1.725,1.77,1.989,2.482
2019-09-19,1.787,1.779,1.997,2.488
2019-09-18,1.8,1.784,2.005,2.493
2019-09-17,1.805,1.789,2.012,2.498
2019-09-16,1.848,1.794,2.019,2.503
2019-09-13,1.899,1.798,2.026,2.507
2019-09-12,1.773,1.799,2.032,2.512
2019-09-11,1.742,1.803,2.04,2.516
2019-09-10,1.733,1.809,2.049,2.521
2019-09-09,1.646,1.814,2.057,2.526
2019-09-06,1.562,1.822,2.067,2.531
2019-09-05,1.56,1.831,2.077,2.536
2019-09-04,1.469,1.84,2.087,2.542
2019-09-03,1.459,1.851,2.097,2.548
2019-08-30,1.499,1.863,2.107,2.553
2019-08-29,1.498,1.874,2.117,2.559
2019-08-28,1.483,1.884,2.127,2.564
2019-08-27,1.474,1.896,2.138,2.57
2019-08-26,1.537,1.908,2.148,2.575
2019-08-23,1.537,1.919,2.158,2.58
2019-08-22,1.616,1.93,2.167,2.586
2019-08-21,1.591,1.94,2.176,2.59
2019-08-20,1.557,1.951,2.184,2.595
2019-08-19,1.608,1.963,2.193,2.6
2019-08-16,1.556,1.973,2.2,2.605
2019-08-15,1.53,1.984,2.209,2.611
2019-08-14,1.581,1.996,2.218,2.616
2019-08-13,1.707,2.007,2.226,2.621
2019-08-12,1.647,2.015,2.235,2.626
2019-08-09,1.746,2.024,2.244,2.631
2019-08-08,1.719,2.033,2.252,2.636
2019-08-07,1.736,2.044,2.261,2.641
2019-08-06,1.706,2.055,2.27,2.646
2019-08-05,1.711,2.067,2.279,2.65
2019-08-02,1.849,2.08,2.288,2.655
2019-08-01,1.895,2.09,2.296,2.66
2019-07-31,2.016,2.101,2.303,2.664
2019-07-30,2.06,2.109,2.309,2.668
2019-07-29,2.067,2.116,2.315,2.672
2019-07-26,2.072,2.122,2.321,2.675
2019-07-25,2.083,2.128,2.328,2.679
2019-07-24,2.046,2.135,2.334,2.683
2019-07-23,2.083,2.142,2.341,2.686
2019-07-22,2.048,2.15,2.348,2.69
2019-07-19,2.057,2.158,2.354,2.693
2019-07-18,2.026,2.166,2.36,2.696
2019-07-17,2.047,2.175,2.366,2.7
2019-07-16,2.104,2.183,2.372,2.703
2019-07-15,2.09,2.192,2.378,2.706
2019-07-12,2.124,2.201,2.384,2.709
2019-07-11,2.14,2.208,2.389,2.712
2019-07-10,2.063,2.216,2.394,2.715
2019-07-09,2.067,2.225,2.4,2.718
2019-07-08,2.049,2.234,2.406,2.721
2019-07-05,2.036,2.243,2.413,2.724
2019-07-03,1.951,2.253,2.419,2.727
2019-07-02,1.976,2.265,2.426,2.731
2019-07-01,2.027,2.278,2.433,2.734
2019-06-28,2.007,2.288,2.439,2.738
2019-06-27,2.016,2.3,2.446,2.741
2019-06-26,2.049,2.312,2.453,2.744
2019-06-25,1.987,2.322,2.46,2.748
2019-06-24,2.016,2.334,2.466,2.751
2019-06-21,2.057,2.343,2.473,2.755
2019-06-20,2.03,2.351,2.479,2.758
2019-06-19,2.025,2.361,2.487,2.762
2019-06-18,2.061,2.371,2.494,2.765
2019-06-17,2.096,2.38,2.5,2.769
2019-06-14,2.082,2.388,2.507,2.772
2019-06-13,2.098,2.397,2.514,2.775
2019-06-12,2.122,2.404,2.52,2.779
2019-06-11,2.145,2.412,2.527,2.782
2019-06-10,2.152,2.417,2.532,2.785
2019-06-07,2.084,2.422,2.538,2.789
2019-06-06,2.119,2.428,2.544,2.792
2019-06-05,2.137,2.434,2.55,2.795
2019-06-04,2.131,2.439,2.556,2.799
2019-06-03,2.073,2.446,2.562,2.802
2019-05-31,2.126,2.455,2.569,2.805
2019-05-30,2.215,2.463,2.574,2.808
2019-05-29,2.266,2.471,2.579,2.811
2019-05-28,2.268,2.478,2.582,2.813
2019-05-24,2.322,2.484,2.585,2.815
2019-05-23,2.32,2.49,2.589,2.818
2019-05-22,2.384,2.496,2.593,2.821
2019-05-21,2.428,2.501,2.597,2.823
2019-05-20,2.417,2.505,2.601,2.826
2019-05-17,2.393,2.509,2.604,2.828
2019-05-16,2.396,2.514,2.608,2.831
2019-05-15,2.375,2.52,2.612,2.834
2019-05-14,2.412,2.527,2.616,2.837
2019-05-13,2.403,2.533,2.62,2.839
2019-05-10,2.469,2.541,2.624,2.842
2019-05-09,2.446,2.545,2.629,2.844
2019-05-08,2.485,2.55,2.633,2.846
2019-05-07,2.458,2.553,2.638,2.848
2019-05-06,2.473,2.557,2.642,2.85
2019-05-03,2.527,2.561,2.646,2.852
2019-05-02,2.543,2.564,2.649,2.853
2019-05-01,2.502,2.567,2.653,2.855
2019-04-30,2.504,2.569,2.657,2.857
2019-04-29,2.529,2.572,2.661,2.859
2019-04-26,2.5,2.575,2.665,2.86
2019-04-25,2.534,2.579,2.67,2.862
2019-04-24,2.52,2.582,2.675,2.864
2019-04-23,2.567,2.585,2.68,2.866
2019-04-22,2.59,2.586,2.685,2.868
2019-04-18,2.563,2.588,2.69,2.869
2019-04-17,2.596,2.59,2.695,2.871
2019-04-16,2.592,2.592,2.7,2.872
2019-04-15,2.556,2.595,2.704,2.873
2019-04-12,2.567,2.598,2.709,2.874
2019-04-11,2.499,2.599,2.714,2.875
2019-04-10,2.468,2.603,2.72,2.876
2019-04-09,2.502,2.607,2.727,2.878
2019-04-08,2.524,2.612,2.733,2.879
2019-04-05,2.497,2.617,2.74,2.88
2019-04-04,2.517,2.621,2.747,2.881
2019-04-03,2.526,2.626,2.755,2.882
2019-04-02,2.476,2.63,2.762,2.883
2019-04-01,2.503,2.636,2.769,2.885
2019-03-29,2.407,2.641,2.776,2.885
2019-03-28,2.398,2.648,2.783,2.887
2019-03-27,2.37,2.654,2.791,2.888
2019-03-26,2.425,2.661,2.798,2.89
2019-03-25,2.402,2.666,2.805,2.892
2019-03-22,2.443,2.673,2.812,2.893
2019-03-21,2.541,2.679,2.818,2.895
2019-03-20,2.528,2.682,2.824,2.896
2019-03-19,2.614,2.686,2.831,2.898
2019-03-18,2.607,2.687,2.836,2.899
2019-03-15,2.591,2.686,2.842,2.9
2019-03-14,2.632,2.686,2.848,2.901
2019-03-13,2.623,2.688,2.854,2.901
2019-03-12,2.603,2.69,2.859,2.902
2019-03-11,2.641,2.693,2.865,2.903
2019-03-08,2.632,2.696,2.87,2.904
2019-03-07,2.641,2.698,2.875,2.905
2019-03-06,2.695,2.701,2.881,2.906
2019-03-05,2.72,2.704,2.886,2.907
2019-03-04,2.724,2.704,2.891,2.908
2019-03-01,2.757,2.706,2.895,2.908
2019-02-28,2.717,2.708,2.9,2.908
2019-02-27,2.684,2.712,2.903,2.909
2019-02-26,2.637,2.717,2.907,2.91
2019-02-25,2.664,2.722,2.911,2.911
2019-02-22,2.655,2.726,2.915,2.912
2019-02-21,2.695,2.73,2.919,2.913
2019-02-20,2.646,2.734,2.923,2.914
2019-02-19,2.636,2.739,2.928,2.915
2019-02-15,2.664,2.744,2.932,2.916
2019-02-14,2.655,2.749,2.936,2.917
2019-02-13,2.704,2.755,2.94,2.918
2019-02-12,2.69,2.761,2.944,2.918
2019-02-11,2.655,2.768,2.947,2.919
2019-02-08,2.638,2.776,2.95,2.92
2019-02-07,2.659,2.785,2.953,2.92
2019-02-06,2.696,2.793,2.957,2.921
2019-02-05,2.7,2.799,2.959,2.921
2019-02-04,2.725,2.807,2.962,2.922
2019-02-01,2.686,2.814,2.964,2.922
2019-01-31,2.631,2.821,2.966,2.922
2019-01-30,2.679,2.83,2.968,2.923
2019-01-29,2.712,2.838,2.971,2.923
2019-01-28,2.748,2.847,2.972,2.923
2019-01-25,2.76,2.855,2.973,2.922
2019-01-24,2.717,2.863,2.975,2.922
2019-01-23,2.743,2.874,2.976,2.922
2019-01-22,2.741,2.883,2.977,2.921
2019-01-18,2.786,2.893,2.978,2.921
2019-01-17,2.752,2.902,2.978,2.92
2019-01-16,2.724,2.911,2.979,2.92
2019-01-15,2.715,2.919,2.98,2.919
2019-01-14,2.704,2.928,2.981,2.919
2019-01-11,2.703,2.936,2.983,2.918
2019-01-10,2.744,2.944,2.984,2.917
2019-01-09,2.712,2.95,2.986,2.917
2019-01-08,2.73,2.958,2.987,2.916
2019-01-07,2.698,2.966,2.989,2.915
2019-01-04,2.671,2.975,2.991,2.914
2019-01-03,2.555,2.986,2.993,2.913
2019-01-02,2.622,2.999,2.997,2.913
2018-12-31,2.686,3.01,3.001,2.912
2018-12-28,2.722,3.02,3.003,2.911
2018-12-27,2.768,3.029,3.006,2.91
2018-12-26,2.81,3.037,3.008,2.908
2018-12-24,2.742,3.044,3.01,2.907
2018-12-21,2.794,3.052,3.012,2.906
2018-12-20,2.808,3.06,3.014,2.905
2018-12-19,2.757,3.068,3.015,2.904
2018-12-18,2.819,3.077,3.018,2.902
2018-12-17,2.859,3.085,3.019,2.901
2018-12-14,2.893,3.091,3.02,2.899
2018-12-13,2.915,3.095,3.021,2.897
2018-12-12,2.911,3.098,3.021,2.894
2018-12-11,2.881,3.101,3.02,2.892
2018-12-10,2.861,3.104,3.02,2.89
2018-12-07,2.849,3.108,3.02,2.888
2018-12-06,2.897,3.113,3.02,2.886
2018-12-05,2.915,3.117,3.019,2.884
2018-12-04,2.915,3.12,3.019,2.882
2018-12-03,2.972,3.123,3.018,2.88
2018-11-30,2.99,3.125,3.017,2.877
2018-11-29,3.033,3.126,3.015,2.875
2018-11-28,3.061,3.125,3.013,2.872
2018-11-27,3.059,3.124,3.011,2.869
2018-11-26,3.055,3.122,3.009,2.867
2018-11-23,3.043,3.121,3.007,2.864
2018-11-21,3.065,3.119,3.005,2.861
2018-11-20,3.065,3.117,3.003,2.858
2018-11-19,3.065,3.114,3.0,2.855
2018-11-16,3.065,3.11,2.999,2.852
2018-11-15,3.112,3.107,2.997,2.85
2018-11-14,3.127,3.103,2.995,2.846
2018-11-13,3.141,3.098,2.992,2.843
2018-11-09,3.184,3.092,2.99,2.84
2018-11-08,3.239,3.086,2.987,2.837
2018-11-07,3.237,3.079,2.984,2.834
2018-11-06,3.229,3.071,2.981,2.83
2018-11-05,3.203,3.063,2.978,2.827
2018-11-02,3.214,3.055,2.976,2.823
2018-11-01,3.132,3.047,2.973,2.819
2018-10-31,3.145,3.041,2.972,2.816
2018-10-30,3.125,3.035,2.97,2.813
2018-10-29,3.087,3.03,2.968,2.81
2018-10-26,3.077,3.025,2.966,2.807
2018-10-25,3.119,3.021,2.965,2.805
2018-10-24,3.105,3.017,2.963,2.802
2018-10-23,3.169,3.012,2.961,2.799
2018-10-22,3.2,3.006,2.958,2.796
2018-10-19,3.194,3.001,2.955,2.793
2018-10-18,3.18,2.996,2.951,2.79
2018-10-17,3.207,2.992,2.948,2.786
2018-10-16,3.165,2.987,2.946,2.783
2018-10-15,3.158,2.982,2.944,2.78
2018-10-12,3.163,2.979,2.943,2.776
2018-10-11,3.152,2.976,2.942,2.773
2018-10-10,3.165,2.972,2.941,2.769
2018-10-09,3.208,2.968,2.941,2.766
2018-10-05,3.235,2.963,2.94,2.763
2018-10-04,3.189,2.958,2.938,2.759
2018-10-03,3.185,2.954,2.936,2.756
2018-10-02,3.065,2.949,2.934,2.752
2018-10-01,3.085,2.947,2.933,2.749
2018-09-28,3.063,2.943,2.932,2.746
2018-09-27,3.054,2.939,2.931,2.743
2018-09-26,3.05,2.935,2.93,2.74
2018-09-25,3.098,2.931,2.929,2.738
2018-09-24,3.091,2.927,2.928,2.734
2018-09-21,3.065,2.921,2.927,2.731
2018-09-20,3.065,2.917,2.926,2.727
2018-09-19,3.064,2.913,2.925,2.724
2018-09-18,3.057,2.909,2.923,2.721
2018-09-17,2.989,2.905,2.923,2.718
2018-09-14,2.998,2.901,2.923,2.715
2018-09-13,2.972,2.898,2.923,2.712
2018-09-12,2.964,2.895,2.923,2.708
2018-09-11,2.977,2.893,2.923,2.705
2018-09-10,2.933,2.891,2.923,2.702
2018-09-07,2.942,2.889,2.922,2.699
2018-09-06,2.875,2.887,2.921,2.695
2018-09-05,2.904,2.887,2.92,2.692
2018-09-04,2.9,2.886,2.92,2.689
2018-08-31,2.862,2.886,2.919,2.685
2018-08-30,2.857,2.887,2.918,2.683
2018-08-29,2.886,2.889,2.918,2.68
2018-08-28,2.882,2.889,2.917,2.677
2018-08-27,2.848,2.89,2.916,2.674
2018-08-24,2.812,2.891,2.915,2.671
2018-08-23,2.828,2.894,2.915,2.668
2018-08-22,2.821,2.897,2.915,2.666
2018-08-21,2.832,2.899,2.914,2.663
2018-08-20,2.821,2.902,2.913,2.661
2018-08-17,2.862,2.904,2.913,2.658
2018-08-16,2.868,2.906,2.912,2.656
2018-08-15,2.864,2.908,2.912,2.653
2018-08-14,2.9,2.909,2.911,2.65
2018-08-13,2.88,2.91,2.91,2.648
2018-08-10,2.875,2.91,2.91,2.645
2018-08-09,2.928,2.91,2.911,2.642
2018-08-08,2.962,2.909,2.91,2.639
2018-08-07,2.975,2.905,2.909,2.637
2018-08-06,2.941,2.904,2.907,2.634
2018-08-03,2.951,2.905,2.906,2.631
2018-08-02,2.988,2.906,2.905,2.628
2018-08-01,3.008,2.907,2.904,2.625
2018-07-31,2.962,2.908,2.903,2.622
2018-07-30,2.975,2.91,2.902,2.619
2018-07-27,2.956,2.913,2.901,2.617
2018-07-26,2.978,2.916,2.9,2.614
2018-07-25,2.976,2.918,2.899,2.611
2018-07-24,2.95,2.918,2.898,2.609
2018-07-23,2.958,2.919,2.897,2.606
2018-07-20,2.895,2.919,2.896,2.603
2018-07-19,2.84,2.921,2.896,2.601
2018-07-18,2.871,2.924,2.896,2.598
2018-07-17,2.862,2.926,2.896,2.596
2018-07-16,2.86,2.927,2.897,2.594
2018-07-13,2.829,2.929,2.898,2.592
2018-07-12,2.849,2.932,2.898,2.59
2018-07-11,2.851,2.934,2.898,2.588
2018-07-10,2.853,2.936,2.899,2.585
2018-07-09,2.858,2.938,2.9,2.583
2018-07-06,2.824,2.941,2.899,2.581
2018-07-05,2.831,2.945,2.9,2.58
2018-07-03,2.833,2.948,2.9,2.578
2018-07-02,2.873,2.951,2.9,2.576
2018-06-29,2.862,2.953,2.899,2.574
2018-06-28,2.838,2.954,2.899,2.572
2018-06-27,2.827,2.955,2.898,2.569
2018-06-26,2.878,2.955,2.898,2.567
2018-06-25,2.882,2.954,2.897,2.564
2018-06-22,2.897,2.953,2.895,2.561
2018-06-21,2.899,2.952,2.893,2.558
2018-06-20,2.941,2.949,2.891,2.555
2018-06-19,2.899,2.947,2.889,2.552
2018-06-18,2.919,2.944,2.886,2.549
2018-06-15,2.922,2.941,2.883,2.546
2018-06-14,2.937,2.94,2.88,2.543
2018-06-13,2.968,2.937,2.877,2.54
2018-06-12,2.963,2.933,2.874,2.537
2018-06-11,2.953,2.928,2.871,2.534
2018-06-08,2.948,2.924,2.867,2.531
2018-06-07,2.922,2.921,2.863,2.528
2018-06-06,2.974,2.918,2.859,2.525
2018-06-05,2.93,2.916,2.855,2.522
2018-06-04,2.944,2.913,2.851,2.519
2018-06-01,2.904,2.911,2.847,2.515
2018-05-31,2.86,2.911,2.843,2.513
2018-05-30,2.857,2.911,2.839,2.51
2018-05-29,2.783,2.911,2.835,2.507
2018-05-25,2.933,2.913,2.832,2.505
2018-05-24,2.979,2.911,2.827,2.502
2018-05-23,2.995,2.907,2.821,2.499
2018-05-22,3.062,2.904,2.816,2.496
2018-05-21,3.061,2.9,2.809,2.493
2018-05-18,3.058,2.897,2.804,2.49
2018-05-17,3.113,2.893,2.798,2.487
2018-05-16,3.098,2.889,2.791,2.483
2018-05-15,3.074,2.884,2.785,2.48
2018-05-14,3.004,2.881,2.779,2.477
2018-05-11,2.973,2.878,2.773,2.474
2018-05-10,2.964,2.875,2.767,2.472
2018-05-09,3.006,2.873,2.761,2.469
2018-05-08,2.978,2.87,2.754,2.467
2018-05-07,2.952,2.868,2.749,2.465
2018-05-04,2.952,2.866,2.743,2.462
2018-05-03,2.948,2.866,2.737,2.46
2018-05-02,2.968,2.866,2.731,2.458
2018-05-01,2.966,2.864,2.725,2.455
2018-04-30,2.955,2.863,2.719,2.452
2018-04-27,2.959,2.862,2.713,2.45
2018-04-26,2.983,2.861,2.707,2.447
2018-04-25,3.028,2.858,2.702,2.444
2018-04-24,3.001,2.854,2.695,2.441
2018-04-23,2.977,2.851,2.688,2.439
2018-04-20,2.962,2.848,2.682,2.436
2018-04-19,2.912,2.846,2.676,2.433
2018-04-18,2.875,2.844,2.67,2.43
2018-04-17,2.83,2.84,2.665,2.428
2018-04-16,2.829,2.841,2.66,2.425
2018-04-13,2.828,2.84,2.655,2.423
2018-04-12,2.838,2.837,2.651,2.42
2018-04-11,2.783,2.835,2.646,2.418
2018-04-10,2.803,2.833,2.642,2.416
2018-04-09,2.781,2.83,2.638,2.414
2018-04-06,2.775,2.827,2.634,2.413
2018-04-05,2.834,2.825,2.629,2.411
2018-04-04,2.805,2.82,2.624,2.409
2018-04-03,2.777,2.817,2.62,2.407
2018-04-02,2.732,2.815,2.615,2.405
2018-03-29,2.741,2.813,2.611,2.404
2018-03-28,2.783,2.81,2.607,2.403
2018-03-27,2.777,2.805,2.603,2.401
2018-03-26,2.854,2.8,2.599,2.4
2018-03-23,2.815,2.794,2.594,2.398
2018-03-22,2.826,2.789,2.59,2.396
2018-03-21,2.885,2.784,2.587,2.395
2018-03-20,2.898,2.776,2.582,2.393
2018-03-19,2.857,2.767,2.577,2.391
2018-03-16,2.846,2.759,2.572,2.389
2018-03-15,2.83,2.751,2.568,2.388
2018-03-14,2.819,2.744,2.563,2.387
2018-03-13,2.844,2.736,2.558,2.385
2018-03-12,2.87,2.727,2.553,2.384
2018-03-09,2.896,2.718,2.547,2.383
2018-03-08,2.859,2.71,2.541,2.382
2018-03-07,2.884,2.702,2.535,2.381
2018-03-06,2.888,2.694,2.53,2.38
2018-03-05,2.883,2.687,2.525,2.378
2018-03-02,2.866,2.678,2.519,2.377
2018-03-01,2.81,2.669,2.514,2.375
2018-02-28,2.864,2.66,2.509,2.374
2018-02-27,2.895,2.649,2.504,2.372
2018-02-26,2.864,2.638,2.499,2.37
2018-02-23,2.87,2.629,2.493,2.368
2018-02-22,2.923,2.62,2.488,2.366
2018-02-21,2.952,2.609,2.482,2.364
2018-02-20,2.891,2.597,2.474,2.362
2018-02-16,2.877,2.586,2.468,2.36
2018-02-15,2.911,2.576,2.461,2.358
2018-02-14,2.904,2.565,2.455,2.356
2018-02-13,2.831,2.554,2.449,2.355
2018-02-12,2.86,2.546,2.443,2.353
2018-02-09,2.853,2.536,2.437,2.351
2018-02-08,2.826,2.526,2.43,2.35
2018-02-07,2.838,2.516,2.424,2.348
2018-02-06,2.804,2.506,2.417,2.346
2018-02-05,2.707,2.496,2.411,2.344
2018-02-02,2.843,2.489,2.405,2.343
2018-02-01,2.792,2.48,2.397,2.342
2018-01-31,2.707,2.471,2.39,2.34
2018-01-30,2.722,2.464,2.384,2.339
2018-01-29,2.695,2.456,2.377,2.338
2018-01-26,2.662,2.45,2.372,2.338
2018-01-25,2.619,2.445,2.366,2.337
2018-01-24,2.648,2.44,2.362,2.336
2018-01-23,2.615,2.434,2.356,2.336
2018-01-22,2.652,2.429,2.352,2.335
2018-01-19,2.661,2.422,2.347,2.334
2018-01-18,2.627,2.415,2.342,2.334
2018-01-17,2.592,2.409,2.338,2.333
2018-01-16,2.539,2.404,2.334,2.332
2018-01-12,2.55,2.401,2.33,2.331
2018-01-11,2.539,2.398,2.327,2.331
2018-01-10,2.559,2.394,2.323,2.33
2018-01-09,2.555,2.391,2.32,2.329
2018-01-08,2.482,2.389,2.317,2.329
2018-01-05,2.478,2.388,2.315,2.328
2018-01-04,2.454,2.387,2.312,2.328
2018-01-03,2.449,2.386,2.309,2.328
2018-01-02,2.465,2.384,2.307,2.328
2017-12-29,2.407,2.381,2.305,2.327
2017-12-28,2.432,2.38,2.304,2.328
2017-12-27,2.412,2.378,2.302,2.328
2017-12-26,2.477,2.375,2.3,2.328
2017-12-22,2.483,2.371,2.298,2.328
2017-12-21,2.484,2.368,2.296,2.329
2017-12-20,2.499,2.365,2.294,2.329
2017-12-19,2.466,2.363,2.292,2.329
2017-12-18,2.396,2.361,2.29,2.33
2017-12-15,2.355,2.36,2.289,2.33
2017-12-14,2.351,2.359,2.289,2.331
2017-12-13,2.344,2.359,2.288,2.332
2017-12-12,2.403,2.359,2.287,2.333
2017-12-11,2.39,2.357,2.286,2.333
2017-12-08,2.378,2.356,2.284,2.334
2017-12-07,2.365,2.354,2.283,2.334
2017-12-06,2.34,2.352,2.283,2.334
2017-12-05,2.353,2.349,2.283,2.334
2017-12-04,2.374,2.347,2.283,2.334
2017-12-01,2.363,2.345,2.282,2.334
2017-11-30,2.411,2.344,2.282,2.334
2017-11-29,2.39,2.34,2.282,2.335
2017-11-28,2.329,2.337,2.282,2.335
2017-11-27,2.329,2.335,2.282,2.334
2017-11-24,2.344,2.332,2.282,2.334
2017-11-22,2.321,2.329,2.282,2.334
2017-11-21,2.358,2.326,2.282,2.335
2017-11-20,2.368,2.321,2.281,2.334
2017-11-17,2.345,2.315,2.28,2.334
2017-11-16,2.377,2.309,2.278,2.334
2017-11-15,2.324,2.303,2.276,2.334
2017-11-14,2.374,2.298,2.274,2.334
2017-11-13,2.407,2.294,2.272,2.333
2017-11-10,2.4,2.288,2.269,2.332
2017-11-09,2.343,2.283,2.267,2.331
2017-11-08,2.336,2.279,2.265,2.33
2017-11-07,2.316,2.275,2.264,2.328
2017-11-06,2.318,2.272,2.262,2.326
2017-11-03,2.334,2.27,2.26,2.324
2017-11-02,2.347,2.266,2.259,2.322
2017-11-01,2.374,2.264,2.258,2.32
2017-10-31,2.381,2.26,2.256,2.318
2017-10-30,2.37,2.256,2.254,2.316
2017-10-27,2.408,2.252,2.252,2.313
2017-10-26,2.463,2.249,2.249,2.311
2017-10-25,2.434,2.245,2.247,2.309
2017-10-24,2.421,2.241,2.244,2.306
2017-10-23,2.368,2.236,2.242,2.303
2017-10-20,2.386,2.233,2.24,2.301
2017-10-19,2.32,2.23,2.239,2.298
2017-10-18,2.348,2.229,2.238,2.296
2017-10-17,2.302,2.227,2.237,2.293
2017-10-16,2.305,2.226,2.236,2.291
2017-10-13,2.275,2.225,2.236,2.289
2017-10-12,2.319,2.225,2.236,2.287
2017-10-11,2.35,2.223,2.235,2.285
2017-10-10,2.362,2.222,2.234,2.283
2017-10-06,2.361,2.221,2.233,2.28
2017-10-05,2.35,2.22,2.232,2.278
2017-10-04,2.325,2.219,2.232,2.275
2017-10-03,2.325,2.219,2.232,2.272
2017-10-02,2.343,2.217,2.233,2.27
2017-09-29,2.335,2.215,2.234,2.267
2017-09-28,2.31,2.214,2.234,2.264
2017-09-27,2.312,2.213,2.235,2.261
2017-09-26,2.237,2.212,2.235,2.258
2017-09-25,2.222,2.214,2.237,2.255
2017-09-22,2.252,2.216,2.238,2.253
2017-09-21,2.278,2.218,2.238,2.25
2017-09-20,2.269,2.219,2.238,2.248
2017-09-19,2.246,2.221,2.238,2.245
2017-09-18,2.23,2.223,2.239,2.243
2017-09-15,2.204,2.226,2.24,2.241
2017-09-14,2.186,2.229,2.241,2.239
2017-09-13,2.19,2.232,2.242,2.237
2017-09-12,2.169,2.235,2.242,2.235
2017-09-11,2.132,2.238,2.243,2.233
2017-09-08,2.052,2.241,2.244,2.231
2017-09-07,2.04,2.244,2.245,2.229
2017-09-06,2.106,2.248,2.247,2.227
2017-09-05,2.061,2.248,2.249,2.225
2017-09-01,2.169,2.25,2.25,2.223
2017-08-31,2.119,2.25,2.252,2.221
2017-08-30,2.133,2.251,2.254,2.219
2017-08-29,2.131,2.251,2.257,2.217
2017-08-28,2.161,2.252,2.259,2.214
2017-08-25,2.168,2.252,2.261,2.212
2017-08-24,2.196,2.252,2.262,2.21
2017-08-23,2.168,2.251,2.264,2.207
2017-08-22,2.215,2.252,2.266,2.205
2017-08-21,2.183,2.252,2.268,2.202
2017-08-18,2.196,2.252,2.27,2.2
2017-08-17,2.187,2.252,2.272,2.197
2017-08-16,2.224,2.252,2.274,2.195
2017-08-15,2.275,2.25,2.276,2.192
2017-08-14,2.22,2.248,2.277,2.189
2017-08-11,2.191,2.247,2.279,2.186
2017-08-10,2.199,2.248,2.282,2.184
2017-08-09,2.249,2.248,2.284,2.181
2017-08-08,2.264,2.247,2.287,2.178
2017-08-07,2.255,2.247,2.29,2.175
2017-08-04,2.264,2.247,2.292,2.173
2017-08-03,2.223,2.247,2.295,2.17
2017-08-02,2.273,2.248,2.299,2.167
2017-08-01,2.255,2.247,2.302,2.164
2017-07-31,2.296,2.247,2.306,2.161
2017-07-28,2.291,2.246,2.309,2.158
2017-07-27,2.312,2.244,2.311,2.155
2017-07-26,2.289,2.245,2.313,2.152
2017-07-25,2.337,2.246,2.315,2.149
2017-07-24,2.257,2.246,2.316,2.146
2017-07-21,2.239,2.248,2.318,2.143
2017-07-20,2.261,2.252,2.32,2.14
2017-07-19,2.271,2.255,2.321,2.137
2017-07-18,2.261,2.257,2.321,2.135
2017-07-17,2.316,2.259,2.322,2.132
2017-07-14,2.334,2.26,2.323,2.129
2017-07-13,2.346,2.259,2.324,2.126
2017-07-12,2.319,2.258,2.325,2.122
2017-07-11,2.362,2.258,2.326,2.119
2017-07-10,2.375,2.256,2.328,2.115
2017-07-07,2.387,2.255,2.329,2.111
2017-07-06,2.368,2.253,2.329,2.107
2017-07-05,2.325,2.252,2.329,2.103
2017-07-03,2.352,2.251,2.33,2.099
2017-06-30,2.305,2.249,2.33,2.096
2017-06-29,2.268,2.248,2.331,2.092
2017-06-28,2.23,2.247,2.332,2.089
2017-06-27,2.207,2.246,2.335,2.086
2017-06-26,2.139,2.247,2.337,2.083
2017-06-23,2.144,2.249,2.341,2.081
2017-06-22,2.149,2.251,2.344,2.079
2017-06-21,2.165,2.254,2.347,2.077
2017-06-20,2.158,2.258,2.35,2.076
2017-06-19,2.191,2.262,2.354,2.074
2017-06-16,2.153,2.265,2.357,2.071
2017-06-15,2.165,2.269,2.36,2.069
2017-06-14,2.127,2.273,2.363,2.067
2017-06-13,2.213,2.277,2.366,2.065
2017-06-12,2.216,2.28,2.369,2.062
2017-06-09,2.202,2.284,2.371,2.06
2017-06-08,2.19,2.288,2.372,2.058
2017-06-07,2.175,2.292,2.374,2.056
2017-06-06,2.147,2.297,2.376,2.054
2017-06-05,2.183,2.302,2.378,2.053
2017-06-02,2.161,2.307,2.38,2.051
2017-06-01,2.213,2.312,2.382,2.049
2017-05-31,2.205,2.316,2.384,2.048
2017-05-30,2.212,2.321,2.386,2.046
2017-05-26,2.248,2.327,2.388,2.045
2017-05-25,2.257,2.332,2.39,2.043
2017-05-24,2.252,2.337,2.392,2.042
2017-05-23,2.282,2.344,2.394,2.04
2017-05-22,2.255,2.351,2.396,2.038
2017-05-19,2.236,2.358,2.4,2.037
2017-05-18,2.231,2.365,2.403,2.035
2017-05-17,2.226,2.372,2.406,2.034
2017-05-16,2.327,2.377,2.409,2.032
2017-05-15,2.345,2.381,2.411,2.029
2017-05-12,2.327,2.384,2.413,2.027
2017-05-11,2.389,2.387,2.416,2.025
2017-05-10,2.416,2.388,2.418,2.022
2017-05-09,2.4,2.388,2.42,2.019
2017-05-08,2.389,2.387,2.42,2.017
2017-05-05,2.351,2.385,2.421,2.014
2017-05-04,2.356,2.386,2.422,2.012
2017-05-03,2.32,2.387,2.423,2.01
2017-05-02,2.282,2.389,2.423,2.008
2017-05-01,2.32,2.392,2.424,2.006
2017-04-28,2.282,2.394,2.425,2.004
2017-04-27,2.296,2.399,2.426,2.002
2017-04-26,2.305,2.402,2.427,2.0
2017-04-25,2.334,2.405,2.428,1.999
2017-04-24,2.275,2.406,2.428,1.997
2017-04-21,2.25,2.409,2.428,1.996
2017-04-20,2.234,2.411,2.429,1.994
2017-04-19,2.216,2.414,2.43,1.993
2017-04-18,2.17,2.418,2.431,1.991
2017-04-17,2.252,2.424,2.433,1.989
2017-04-13,2.239,2.428,2.434,1.987
2017-04-12,2.241,2.433,2.435,1.985
2017-04-11,2.298,2.437,2.434,1.984
2017-04-10,2.368,2.441,2.434,1.981
2017-04-07,2.384,2.443,2.433,1.979
2017-04-06,2.343,2.446,2.43,1.976
2017-04-05,2.337,2.449,2.427,1.974
2017-04-04,2.362,2.452,2.423,1.971
2017-04-03,2.321,2.452,2.417,1.969
2017-03-31,2.389,2.455,2.412,1.967
2017-03-30,2.421,2.457,2.406,1.964
2017-03-29,2.378,2.457,2.4,1.961
2017-03-28,2.42,2.456,2.394,1.959
2017-03-27,2.38,2.456,2.389,1.957
2017-03-24,2.414,2.456,2.383,1.955
2017-03-23,2.421,2.455,2.378,1.953
2017-03-22,2.407,2.454,2.371,1.951
2017-03-21,2.419,2.453,2.365,1.949
2017-03-20,2.463,2.453,2.358,1.947
2017-03-17,2.502,2.451,2.351,1.944
2017-03-16,2.542,2.45,2.344,1.942
2017-03-15,2.495,2.448,2.336,1.939
2017-03-14,2.602,2.447,2.328,1.937
2017-03-13,2.628,2.444,2.32,1.935
2017-03-10,2.576,2.442,2.312,1.932
2017-03-09,2.607,2.442,2.303,1.93
2017-03-08,2.561,2.44,2.295,1.927
2017-03-07,2.52,2.44,2.287,1.924
2017-03-06,2.502,2.44,2.279,1.921
2017-03-03,2.48,2.442,2.271,1.919
2017-03-02,2.48,2.443,2.263,1.916
2017-03-01,2.454,2.445,2.256,1.914
2017-02-28,2.392,2.448,2.247,1.911
2017-02-27,2.367,2.451,2.239,1.909
2017-02-24,2.313,2.454,2.231,1.906
2017-02-23,2.374,2.457,2.224,1.904
2017-02-22,2.415,2.459,2.216,1.901
2017-02-21,2.431,2.459,2.207,1.899
2017-02-17,2.416,2.457,2.199,1.896
2017-02-16,2.448,2.456,2.191,1.893
2017-02-15,2.495,2.455,2.183,1.89
2017-02-14,2.472,2.453,2.175,1.888
2017-02-13,2.438,2.453,2.168,1.885
2017-02-10,2.409,2.452,2.16,1.882
2017-02-09,2.397,2.449,2.153,1.879
2017-02-08,2.338,2.448,2.146,1.876
2017-02-07,2.395,2.448,2.14,1.874
2017-02-06,2.41,2.447,2.133,1.871
2017-02-03,2.467,2.445,2.125,1.869
2017-02-02,2.476,2.442,2.117,1.866
2017-02-01,2.472,2.44,2.107,1.864
2017-01-31,2.455,2.436,2.098,1.862
2017-01-30,2.49,2.432,2.09,1.86
2017-01-27,2.486,2.426,2.08,1.857
2017-01-26,2.506,2.422,2.071,1.855
2017-01-25,2.513,2.415,2.062,1.853
2017-01-24,2.467,2.406,2.052,1.851
2017-01-23,2.399,2.394,2.044,1.849
2017-01-20,2.469,2.382,2.036,1.848
2017-01-19,2.476,2.368,2.027,1.846
2017-01-18,2.431,2.355,2.017,1.844
2017-01-17,2.327,2.343,2.009,1.843
2017-01-13,2.398,2.333,2.001,1.842
2017-01-12,2.365,2.321,1.993,1.84
2017-01-11,2.374,2.311,1.984,1.839
2017-01-10,2.378,2.301,1.976,1.838
2017-01-09,2.366,2.289,1.968,1.837
2017-01-06,2.421,2.277,1.96,1.836
2017-01-05,2.346,2.264,1.951,1.835
2017-01-04,2.441,2.251,1.943,1.835
2017-01-03,2.446,2.238,1.934,1.834
2016-12-30,2.446,2.224,1.925,1.833
2016-12-29,2.477,2.21,1.917,1.832
2016-12-28,2.51,2.195,1.907,1.831
2016-12-27,2.561,2.181,1.897,1.831
2016-12-23,2.539,2.165,1.887,1.829
2016-12-22,2.553,2.149,1.877,1.828
2016-12-21,2.537,2.134,1.866,1.827
2016-12-20,2.56,2.117,1.856,1.826
2016-12-19,2.54,2.101,1.845,1.824
2016-12-16,2.593,2.084,1.835,1.823
2016-12-15,2.599,2.066,1.825,1.822
2016-12-14,2.573,2.047,1.815,1.82
2016-12-13,2.473,2.027,1.805,1.819
2016-12-12,2.473,2.009,1.796,1.818
2016-12-09,2.469,1.991,1.787,1.817
2016-12-08,2.409,1.973,1.778,1.816
2016-12-07,2.342,1.956,1.769,1.815
2016-12-06,2.391,1.942,1.761,1.815
2016-12-05,2.396,1.926,1.752,1.814
2016-12-02,2.385,1.911,1.743,1.813
2016-12-01,2.45,1.898,1.734,1.813
2016-11-30,2.383,1.883,1.723,1.812
2016-11-29,2.293,1.869,1.713,1.811
2016-11-28,2.314,1.857,1.704,1.811
2016-11-25,2.359,1.845,1.694,1.81
2016-11-23,2.352,1.832,1.685,1.81
2016-11-22,2.314,1.818,1.676,1.809
2016-11-21,2.317,1.806,1.668,1.809
2016-11-18,2.357,1.791,1.66,1.809
2016-11-17,2.304,1.775,1.651,1.808
2016-11-16,2.224,1.76,1.643,1.808
2016-11-15,2.221,1.747,1.639,1.809
2016-11-14,2.263,1.734,1.633,1.809
2016-11-10,2.152,1.721,1.628,1.809
2016-11-09,2.059,1.709,1.623,1.809
2016-11-08,1.857,1.699,1.619,1.811
2016-11-07,1.828,1.695,1.616,1.812
2016-11-04,1.778,1.689,1.613,1.814
2016-11-03,1.813,1.685,1.612,1.816
2016-11-02,1.804,1.68,1.61,1.818
2016-11-01,1.829,1.675,1.608,1.82
2016-10-31,1.827,1.67,1.607,1.821
2016-10-28,1.849,1.664,1.605,1.822
2016-10-27,1.855,1.658,1.604,1.824
2016-10-26,1.795,1.652,1.603,1.825
2016-10-25,1.758,1.648,1.602,1.826
2016-10-24,1.766,1.643,1.602,1.827
2016-10-21,1.736,1.639,1.603,1.828
2016-10-20,1.757,1.634,1.604,1.829
2016-10-19,1.745,1.63,1.605,1.83
2016-10-18,1.74,1.627,1.606,1.832
2016-10-17,1.768,1.624,1.607,1.833
2016-10-14,1.799,1.619,1.608,1.834
2016-10-13,1.743,1.613,1.609,1.835
2016-10-12,1.771,1.61,1.61,1.836
2016-10-11,1.766,1.605,1.61,1.837
2016-10-07,1.72,1.599,1.611,1.838
2016-10-06,1.739,1.594,1.612,1.839
2016-10-05,1.704,1.59,1.612,1.841
2016-10-04,1.688,1.587,1.612,1.842
2016-10-03,1.624,1.584,1.613,1.844
2016-09-30,1.596,1.583,1.614,1.845
2016-09-29,1.562,1.583,1.615,1.847
2016-09-28,1.574,1.583,1.617,1.849
2016-09-27,1.558,1.583,1.619,1.851
2016-09-26,1.586,1.583,1.621,1.853
2016-09-23,1.62,1.582,1.623,1.855
2016-09-22,1.62,1.581,1.625,1.857
2016-09-21,1.653,1.578,1.627,1.859
2016-09-20,1.691,1.575,1.629,1.861
2016-09-19,1.714,1.57,1.631,1.863
2016-09-16,1.694,1.563,1.632,1.865
2016-09-15,1.692,1.557,1.634,1.867
2016-09-14,1.699,1.55,1.637,1.869
2016-09-13,1.729,1.544,1.639,1.872
2016-09-12,1.665,1.538,1.64,1.874
2016-09-09,1.677,1.534,1.642,1.876
2016-09-08,1.601,1.531,1.643,1.878
2016-09-07,1.541,1.528,1.645,1.88
2016-09-06,1.536,1.526,1.647,1.883
2016-09-02,1.604,1.527,1.649,1.885
2016-09-01,1.57,1.53,1.651,1.887
2016-08-31,1.582,1.532,1.653,1.89
2016-08-30,1.568,1.535,1.654,1.892
2016-08-29,1.561,1.537,1.656,1.895
2016-08-26,1.631,1.538,1.657,1.897
2016-08-25,1.575,1.537,1.658,1.899
2016-08-24,1.563,1.537,1.66,1.902
2016-08-23,1.547,1.538,1.662,1.904
2016-08-22,1.544,1.539,1.664,1.906
2016-08-19,1.58,1.541,1.666,1.908
2016-08-18,1.537,1.543,1.669,1.91
2016-08-17,1.551,1.547,1.672,1.912
2016-08-16,1.576,1.55,1.675,1.915
2016-08-15,1.559,1.553,1.678,1.917
2016-08-12,1.515,1.556,1.681,1.92
2016-08-11,1.561,1.562,1.686,1.922
2016-08-10,1.509,1.567,1.689,1.925
2016-08-09,1.549,1.574,1.693,1.927
2016-08-08,1.594,1.58,1.696,1.93
2016-08-05,1.59,1.585,1.7,1.932
2016-08-04,1.502,1.591,1.703,1.935
2016-08-03,1.544,1.598,1.708,1.938
2016-08-02,1.558,1.604,1.712,1.94
2016-08-01,1.523,1.609,1.716,1.943
2016-07-29,1.455,1.616,1.72,1.945
2016-07-28,1.506,1.624,1.723,1.949
2016-07-27,1.499,1.629,1.727,1.952
2016-07-26,1.563,1.634,1.731,1.955
2016-07-25,1.575,1.637,1.734,1.957
2016-07-22,1.568,1.641,1.737,1.96
2016-07-21,1.558,1.644,1.739,1.963
2016-07-20,1.582,1.648,1.741,1.966
2016-07-19,1.554,1.652,1.743,1.969
2016-07-18,1.584,1.656,1.744,1.972
2016-07-15,1.553,1.659,1.746,1.975
2016-07-14,1.537,1.664,1.748,1.979
2016-07-13,1.476,1.669,1.75,1.982
2016-07-12,1.512,1.677,1.753,1.986
2016-07-11,1.432,1.684,1.755,1.989
2016-07-08,1.36,1.691,1.759,1.993
2016-07-07,1.387,1.701,1.763,1.997
2016-07-06,1.37,1.712,1.767,2.0
2016-07-05,1.377,1.723,1.77,2.004
2016-07-01,1.446,1.733,1.772,2.008
2016-06-30,1.471,1.742,1.775,2.011
2016-06-29,1.517,1.749,1.778,2.015
2016-06-28,1.468,1.755,1.781,2.018
2016-06-27,1.439,1.761,1.785,2.022
2016-06-24,1.562,1.767,1.789,2.026
2016-06-23,1.748,1.772,1.792,2.029
2016-06-22,1.687,1.772,1.794,2.032
2016-06-21,1.708,1.774,1.797,2.035
2016-06-20,1.69,1.774,1.799,2.037
2016-06-17,1.61,1.775,1.803,2.04
2016-06-16,1.581,1.776,1.806,2.043
2016-06-15,1.574,1.78,1.811,2.046
2016-06-14,1.615,1.783,1.815,2.049
2016-06-13,1.611,1.786,1.82,2.051
2016-06-10,1.642,1.789,1.823,2.055
2016-06-09,1.688,1.792,1.827,2.058
2016-06-08,1.704,1.794,1.831,2.061
2016-06-07,1.719,1.796,1.835,2.064
2016-06-06,1.738,1.8,1.839,2.066
2016-06-03,1.702,1.803,1.842,2.069
2016-06-02,1.801,1.807,1.847,2.071
2016-06-01,1.837,1.809,1.85,2.074
2016-05-31,1.848,1.811,1.853,2.075
2016-05-27,1.853,1.811,1.857,2.077
2016-05-26,1.83,1.812,1.86,2.078
2016-05-25,1.868,1.814,1.864,2.079
2016-05-24,1.865,1.816,1.869,2.08
2016-05-23,1.837,1.818,1.873,2.081
2016-05-20,1.84,1.821,1.878,2.083
2016-05-19,1.85,1.823,1.881,2.084
2016-05-18,1.856,1.823,1.885,2.086
2016-05-17,1.774,1.823,1.889,2.087
2016-05-16,1.755,1.826,1.894,2.089
2016-05-13,1.702,1.828,1.898,2.091
2016-05-12,1.753,1.831,1.903,2.093
2016-05-11,1.738,1.832,1.908,2.095
2016-05-10,1.763,1.834,1.914,2.097
2016-05-09,1.752,1.834,1.919,2.099
2016-05-06,1.781,1.834,1.924,2.101
2016-05-05,1.747,1.833,1.927,2.102
2016-05-04,1.777,1.833,1.932,2.104
2016-05-03,1.798,1.832,1.936,2.106
2016-05-02,1.874,1.831,1.94,2.108
2016-04-29,1.835,1.828,1.944,2.108
2016-04-28,1.826,1.826,1.948,2.109
2016-04-27,1.853,1.826,1.953,2.11
2016-04-26,1.929,1.825,1.957,2.111
2016-04-25,1.915,1.821,1.959,2.111
2016-04-22,1.89,1.816,1.962,2.111
2016-04-21,1.863,1.812,1.965,2.111
2016-04-20,1.847,1.809,1.969,2.111
2016-04-19,1.787,1.807,1.973,2.112
2016-04-18,1.773,1.808,1.977,2.112
2016-04-15,1.754,1.809,1.982,2.112
2016-04-14,1.794,1.812,1.987,2.113
2016-04-13,1.766,1.813,1.992,2.113
2016-04-12,1.778,1.817,1.997,2.114
2016-04-11,1.727,1.82,2.002,2.115
2016-04-08,1.718,1.825,2.007,2.115
2016-04-07,1.691,1.83,2.013,2.116
2016-04-06,1.757,1.836,2.02,2.117
2016-04-05,1.722,1.841,2.026,2.118
2016-04-04,1.764,1.848,2.032,2.119
2016-04-01,1.772,1.853,2.036,2.119
2016-03-31,1.77,1.858,2.041,2.119
2016-03-30,1.825,1.863,2.045,2.12
2016-03-29,1.805,1.868,2.049,2.121
2016-03-28,1.888,1.873,2.052,2.121
2016-03-24,1.902,1.877,2.055,2.122
2016-03-23,1.88,1.882,2.057,2.122
2016-03-22,1.942,1.887,2.059,2.122
2016-03-21,1.917,1.891,2.06,2.122
2016-03-18,1.875,1.896,2.061,2.122
2016-03-17,1.898,1.902,2.063,2.122
2016-03-16,1.91,1.908,2.064,2.122
2016-03-15,1.972,1.915,2.066,2.123
2016-03-14,1.961,1.921,2.066,2.123
2016-03-11,1.986,1.928,2.067,2.124
2016-03-10,1.934,1.934,2.067,2.124
2016-03-09,1.878,1.94,2.068,2.125
2016-03-08,1.83,1.947,2.07,2.126
2016-03-07,1.907,1.956,2.072,2.127
2016-03-04,1.876,1.962,2.074,2.129
2016-03-03,1.835,1.969,2.076,2.13
2016-03-02,1.842,1.976,2.078,2.131
2016-03-01,1.827,1.984,2.08,2.132
2016-02-29,1.736,1.993,2.082,2.133
2016-02-26,1.764,2.004,2.085,2.134
2016-02-25,1.717,2.013,2.088,2.135
2016-02-24,1.75,2.021,2.091,2.136
2016-02-23,1.724,2.031,2.094,2.137
2016-02-22,1.754,2.041,2.099,2.138
2016-02-19,1.747,2.05,2.103,2.14
2016-02-18,1.741,2.06,2.107,2.141
2016-02-17,1.821,2.07,2.111,2.143
2016-02-16,1.774,2.08,2.114,2.144
2016-02-12,1.75,2.089,2.118,2.145
2016-02-11,1.661,2.096,2.122,2.146
2016-02-10,1.67,2.107,2.129,2.147
2016-02-09,1.728,2.118,2.135,2.149
2016-02-08,1.75,2.129,2.14,2.15
2016-02-05,1.837,2.138,2.144,2.151
2016-02-04,1.841,2.146,2.148,2.15
2016-02-03,1.888,2.155,2.151,2.15
2016-02-02,1.847,2.162,2.154,2.15
2016-02-01,1.95,2.171,2.157,2.149
2016-01-29,1.923,2.177,2.159,2.148
2016-01-28,1.98,2.184,2.162,2.147
2016-01-27,2.001,2.19,2.164,2.146
2016-01-26,1.996,2.196,2.166,2.145
2016-01-25,2.003,2.203,2.168,2.145
2016-01-22,2.054,2.21,2.17,2.144
2016-01-21,2.033,2.215,2.171,2.143
2016-01-20,1.984,2.219,2.171,2.143
2016-01-19,2.057,2.224,2.171,2.142
2016-01-15,2.036,2.227,2.171,2.141
2016-01-14,2.089,2.23,2.172,2.14
2016-01-13,2.094,2.231,2.172,2.139
2016-01-12,2.105,2.233,2.173,2.138
2016-01-11,2.177,2.233,2.174,2.137
2016-01-08,2.117,2.23,2.174,2.136
2016-01-07,2.147,2.229,2.175,2.136
2016-01-06,2.172,2.227,2.175,2.135
2016-01-05,2.237,2.225,2.174,2.134
2016-01-04,2.245,2.22,2.174,2.133
2015-12-31,2.271,2.217,2.173,2.133
2015-12-30,2.296,2.212,2.173,
2015-12-29,2.307,2.207,2.173,
2015-12-28,2.232,2.201,2.172,
2015-12-24,2.243,2.196,2.171,
2015-12-23,2.255,2.192,2.17,
2015-12-22,2.237,2.188,2.17,
2015-12-21,2.193,2.186,2.171,
2015-12-18,2.206,2.183,2.171,
2015-12-17,2.225,2.18,2.172,
2015-12-16,2.298,2.177,2.172,
2015-12-15,2.268,2.17,2.172,
2015-12-14,2.223,2.166,2.172,
2015-12-11,2.129,2.162,2.173,
2015-12-10,2.232,2.161,2.176,
2015-12-09,2.218,2.158,2.177,
2015-12-08,2.22,2.157,2.178,
2015-12-07,2.231,2.155,2.18,
2015-12-04,2.271,2.153,2.181,
2015-12-03,2.315,2.151,2.183,
2015-12-02,2.181,2.148,2.184,
2015-12-01,2.145,2.148,2.185,
2015-11-30,2.208,2.148,2.186,
2015-11-27,2.222,2.15,2.186,
2015-11-25,2.236,2.152,2.187,
2015-11-24,2.239,2.151,2.189,
2015-11-23,2.239,2.15,2.19,
2015-11-20,2.264,2.149,2.192,
2015-11-19,2.25,2.148,2.192,
2015-11-18,2.275,2.147,2.194,
2015-11-17,2.268,2.144,2.196,
2015-11-16,2.269,2.142,2.197,
2015-11-13,2.268,2.14,2.198,
2015-11-12,2.313,2.138,2.199,
2015-11-10,2.344,2.136,2.199,
2015-11-09,2.345,2.133,2.199,
2015-11-06,2.327,2.129,2.198,
2015-11-05,2.234,2.126,2.198,
2015-11-04,2.227,2.123,2.2,
2015-11-03,2.212,2.119,2.201,
2015-11-02,2.173,2.115,2.203,
2015-10-30,2.144,2.113,2.206,
2015-10-29,2.174,2.113,2.209,
2015-10-28,2.103,2.113,2.211,
2015-10-27,2.039,2.115,2.214,
2015-10-26,2.058,2.118,2.217,
2015-10-23,2.088,2.12,2.22,
2015-10-22,2.028,2.122,2.222,
2015-10-21,2.025,2.124,2.223,
2015-10-20,2.069,2.128,2.224,
2015-10-19,2.025,2.13,2.225,
2015-10-16,2.035,2.134,2.226,
2015-10-15,2.019,2.139,2.227,
2015-10-14,1.974,2.143,2.229,
2015-10-13,2.046,2.146,2.231,
2015-10-09,2.09,2.149,2.233,
2015-10-08,2.106,2.152,2.235,
2015-10-07,2.069,2.156,2.236,
2015-10-06,2.033,2.16,2.237,
2015-10-05,2.058,2.163,2.239,
2015-10-02,1.995,2.168,2.242,
2015-10-01,2.039,2.173,2.244,
2015-09-30,2.039,2.179,2.246,
2015-09-29,2.053,2.185,2.248,
2015-09-28,2.097,2.191,2.249,
2015-09-25,2.164,2.196,2.25,
2015-09-24,2.128,2.2,2.251,
2015-09-23,2.151,2.204,2.251,
2015-09-22,2.135,2.209,2.25,
2015-09-21,2.203,2.216,2.249,
2015-09-18,2.135,2.22,2.248,
2015-09-17,2.192,2.223,2.246,
2015-09-16,2.296,2.223,2.244,
2015-09-15,2.289,2.223,2.24,
2015-09-14,2.185,2.223,2.237,
2015-09-11,2.19,2.227,2.235,
2015-09-10,2.224,2.231,2.232,
2015-09-09,2.202,2.234,2.228,
2015-09-08,2.185,2.236,2.225,
2015-09-04,2.126,2.242,2.222,
2015-09-03,2.161,2.248,2.22,
2015-09-02,2.186,2.252,2.217,
2015-09-01,2.154,2.257,2.215,
2015-08-31,2.22,2.261,2.213,
2015-08-28,2.182,2.262,2.21,
2015-08-27,2.186,2.265,2.207,
2015-08-26,2.177,2.267,2.204,
2015-08-25,2.073,2.27,2.201,
2015-08-24,2.005,2.276,2.2,
2015-08-21,2.038,2.284,2.198,
2015-08-20,2.07,2.29,2.197,
2015-08-19,2.127,2.299,2.196,
2015-08-18,2.194,2.305,2.194,
2015-08-17,2.17,2.309,2.192,
2015-08-14,2.199,2.314,2.19,
2015-08-13,2.187,2.316,2.187,
2015-08-12,2.15,2.319,2.184,
2015-08-11,2.143,2.322,2.182,
2015-08-10,2.229,2.322,2.18,
2015-08-07,2.164,2.32,2.177,
2015-08-06,2.223,2.32,2.176,
2015-08-05,2.272,2.318,2.174,
2015-08-04,2.223,2.315,2.173,
2015-08-03,2.15,2.315,2.172,
2015-07-31,2.182,2.316,2.171,
2015-07-30,2.261,2.317,2.171,
2015-07-29,2.288,2.318,2.17,
2015-07-28,2.252,2.317,2.17,
2015-07-27,2.219,2.315,2.168,
2015-07-24,2.264,2.315,2.167,
2015-07-23,2.269,2.315,2.166,
2015-07-22,2.325,2.315,2.164,
2015-07-21,2.327,2.314,2.161,
2015-07-20,2.374,2.311,2.158,
2015-07-17,2.349,2.307,2.154,
2015-07-16,2.352,2.305,2.15,
2015-07-15,2.354,2.301,2.147,
2015-07-14,2.403,2.297,2.145,
2015-07-13,2.456,2.292,2.142,
2015-07-10,2.399,2.283,2.138,
2015-07-09,2.323,2.276,2.136,
2015-07-08,2.194,2.27,2.133,
2015-07-07,2.26,2.264,2.131,
2015-07-06,2.287,2.257,2.128,
2015-07-02,2.384,2.251,2.125,
2015-07-01,2.424,2.243,2.121,
2015-06-30,2.355,2.232,2.117,
2015-06-29,2.326,2.223,2.111,
2015-06-26,2.474,2.214,2.106,
2015-06-25,2.411,2.202,2.099,
2015-06-24,2.369,2.192,2.091,
2015-06-23,2.41,2.182,2.084,
2015-06-22,2.374,2.173,2.078,
2015-06-19,2.259,2.164,2.071,
2015-06-18,2.336,2.158,2.067,
2015-06-17,2.318,2.15,2.062,
2015-06-16,2.311,2.141,2.056,
2015-06-15,2.358,2.133,2.052,
2015-06-12,2.394,2.124,2.047,
2015-06-11,2.379,2.113,2.041,
2015-06-10,2.486,2.104,2.036,
2015-06-09,2.44,2.093,2.028,
2015-06-08,2.384,2.084,2.022,
2015-06-05,2.409,2.076,2.017,
2015-06-04,2.309,2.066,2.012,
2015-06-03,2.366,2.058,2.009,
2015-06-02,2.264,2.049,2.005,
2015-06-01,2.181,2.042,2.002,
2015-05-29,2.123,2.038,2.0,
2015-05-28,2.137,2.034,1.999,
2015-05-27,2.13,2.032,1.999,
2015-05-26,2.141,2.031,,
2015-05-22,2.211,2.03,,
2015-05-21,2.192,2.028,,
2015-05-20,2.25,2.027,,
2015-05-19,2.29,2.024,,
2015-05-18,2.235,2.022,,
2015-05-15,2.144,2.023,,
2015-05-14,2.232,2.022,,
2015-05-13,2.294,2.02,,
2015-05-12,2.251,2.016,,
2015-05-11,2.282,2.013,,
2015-05-08,2.15,2.007,,
2015-05-07,2.182,2.005,,
2015-05-06,2.245,2.001,,
2015-05-05,2.187,1.995,,
2015-05-04,2.146,1.993,,
2015-05-01,2.115,1.992,,
2015-04-30,2.033,1.992,,
2015-04-29,2.041,1.993,,
2015-04-28,2.005,1.995,,
2015-04-27,1.923,1.996,,
2015-04-24,1.91,1.997,,
2015-04-23,1.959,2.0,,
2015-04-22,1.981,2.0,,
2015-04-21,1.91,2.0,,
2015-04-20,1.891,2.001,,
2015-04-17,1.867,2.0,,
2015-04-16,1.891,1.998,,
2015-04-15,1.89,1.996,,
2015-04-14,1.9,1.991,,
2015-04-13,1.929,1.986,,
2015-04-10,1.949,1.983,,
2015-04-09,1.961,1.978,,
2015-04-08,1.906,1.975,,
2015-04-07,1.886,1.974,,
2015-04-06,1.897,1.972,,
2015-04-02,1.913,1.971,,
2015-04-01,1.859,1.97,,
2015-03-31,1.925,1.969,,
2015-03-30,1.948,1.967,,
2015-03-27,1.963,1.963,,
2015-03-26,1.991,1.961,,
2015-03-25,1.927,1.959,,
2015-03-24,1.875,1.958,,
2015-03-23,1.913,1.96,,
2015-03-20,1.932,1.962,,
2015-03-19,1.97,1.963,,
2015-03-18,1.922,1.962,,
2015-03-17,2.052,1.964,,
2015-03-16,2.073,1.966,,
2015-03-13,2.116,,,
2015-03-12,2.117,,,
2015-03-11,2.11,,,
2015-03-10,2.131,,,
2015-03-09,2.192,,,
2015-03-06,2.243,,,
2015-03-05,2.117,,,
2015-03-04,2.119,,,
2015-03-03,2.121,,,
2015-03-02,2.084,,,
2015-02-27,1.995,,,
2015-02-26,2.031,,,
2015-02-25,1.97,,,
2015-02-24,1.982,,,
2015-02-23,2.059,,,
2015-02-20,2.113,,,
2015-02-19,2.116,,,
2015-02-18,2.082,,,
2015-02-17,2.14,,,
2015-02-13,2.052,,,
2015-02-12,1.986,,,
2015-02-11,2.019,,,
2015-02-10,1.998,,,
2015-02-09,1.979,,,
2015-02-06,1.958,,,
2015-02-05,1.822,,,
2015-02-04,1.753,,,
2015-02-03,1.793,,,
2015-02-02,1.666,,,
2015-01-30,1.642,,,
2015-01-29,1.753,,,
2015-01-28,1.722,,,
2015-01-27,1.825,,,
2015-01-26,1.826,,,
2015-01-23,1.799,,,
2015-01-22,1.865,,,
2015-01-21,1.873,,,
2015-01-20,1.79,,,
2015-01-16,1.839,,,
2015-01-15,1.717,,,
2015-01-14,1.857,,,
2015-01-13,1.902,,,
2015-01-12,1.909,,,
2015-01-09,1.947,,,
2015-01-08,2.02,,,
2015-01-07,1.969,,,
2015-01-06,1.942,,,
2015-01-05,2.034,,,
2015-01-02,2.112,,,
