Date,EU HY OAS
2022-10-31,480.738
2022-10-28,497.928
2022-10-27,515.061
2022-10-26,514.567
2022-10-25,519.831
2022-10-24,522.961
2022-10-21,523.629
2022-10-20,508.951
2022-10-19,503.431
2022-10-18,507.188
2022-10-17,513.984
2022-10-14,517.609
2022-10-13,527.003
2022-10-12,523.912
2022-10-11,514.529
2022-10-10,496.795
2022-10-07,491.115
2022-10-06,491.052
2022-10-05,499.438
2022-10-04,508.395
2022-10-03,534.95
2022-09-30,519.1
2022-09-29,519.721
2022-09-28,500.058
2022-09-27,469.687
2022-09-26,473.808
2022-09-23,461.817
2022-09-22,459.013
2022-09-21,457.145
2022-09-20,455.82
2022-09-19,455.34
2022-09-16,459.931
2022-09-15,443.358
2022-09-14,445.725
2022-09-13,438.382
2022-09-12,441.781
2022-09-09,450.298
2022-09-08,459.706
2022-09-07,476.19
2022-09-06,474.341
2022-09-05,482.624
2022-09-02,478.165
2022-09-01,477.64
2022-08-31,455.977
2022-08-30,442.306
2022-08-29,429.616
2022-08-26,438.068
2022-08-25,446.984
2022-08-24,446.734
2022-08-23,453.474
2022-08-22,446.28
2022-08-19,438.152
2022-08-18,438.364
2022-08-17,435.056
2022-08-16,434.612
2022-08-15,435.371
2022-08-12,431.549
2022-08-11,438.876
2022-08-10,450.381
2022-08-09,447.75
2022-08-08,451.97
2022-08-05,452.418
2022-08-04,463.244
2022-08-03,467.072
2022-08-02,477.459
2022-08-01,480.329
2022-07-29,489.072
2022-07-28,499.387
2022-07-27,496.62
2022-07-26,502.176
2022-07-25,492.677
2022-07-22,502.116
2022-07-21,500.085
2022-07-20,505.345
2022-07-19,531.664
2022-07-18,552.059
2022-07-15,562.203
2022-07-14,560.596
2022-07-13,560.047
2022-07-12,563.071
2022-07-11,558.723
2022-07-08,558.457
2022-07-07,570.286
2022-07-06,587.621
2022-07-05,581.106
2022-07-04,568.747
2022-07-01,576.962
2022-06-30,565.584
2022-06-29,526.233
2022-06-28,505.294
2022-06-27,503.374
2022-06-24,510.824
2022-06-23,504.746
2022-06-22,477.771
2022-06-21,463.798
2022-06-20,468.491
2022-06-17,473.319
2022-06-16,462.877
2022-06-15,448.33
2022-06-14,433.95
2022-06-13,433.358
2022-06-10,409.449
2022-06-09,395.297
2022-06-08,392.31
2022-06-07,393.389
2022-06-06,389.52
2022-06-03,392.37
2022-06-02,396.997
2022-06-01,403.77
2022-05-31,408.636
2022-05-30,412.76
2022-05-27,424.214
2022-05-26,432.675
2022-05-25,441.768
2022-05-24,440.378
2022-05-23,431.899
2022-05-20,436.741
2022-05-19,433.02
2022-05-18,421.839
2022-05-17,420.539
2022-05-16,435.823
2022-05-13,438.419
2022-05-12,444.14
2022-05-11,430.921
2022-05-10,439.897
2022-05-09,442.642
2022-05-06,417.754
2022-05-05,402.022
2022-05-04,400.231
2022-05-03,390.031
2022-05-02,385.374
2022-04-29,382.981
2022-04-28,379.955
2022-04-27,385.767
2022-04-26,367.592
2022-04-25,360.77
2022-04-22,340.316
2022-04-21,342.701
2022-04-20,353.534
2022-04-19,349.873
2022-04-14,345.118
2022-04-13,346.9
2022-04-12,340.565
2022-04-11,328.835
2022-04-08,327.887
2022-04-07,333.541
2022-04-06,331.847
2022-04-05,324.203
2022-04-04,331.481
2022-04-01,334.233
2022-03-31,337.833
2022-03-30,330.254
2022-03-29,337.5
2022-03-28,352.053
2022-03-25,351.879
2022-03-24,356.587
2022-03-23,360.612
2022-03-22,358.025
2022-03-21,361.713
2022-03-18,374.282
2022-03-17,380.158
2022-03-16,388.553
2022-03-15,401.157
2022-03-14,391.042
2022-03-11,393.682
2022-03-10,402.854
2022-03-09,412.924
2022-03-08,424.299
2022-03-07,424.176
2022-03-04,399.809
2022-03-03,377.353
2022-03-02,377.298
2022-03-01,382.026
2022-02-28,376.469
2022-02-25,358.198
2022-02-24,374.842
2022-02-23,346.367
2022-02-22,351.534
2022-02-21,347.123
2022-02-18,344.352
2022-02-17,340.193
2022-02-16,335.912
2022-02-15,338.35
2022-02-14,339.286
2022-02-11,328.046
2022-02-10,321.54
2022-02-09,329.532
2022-02-08,336.142
2022-02-07,350.35
2022-02-04,332.929
2022-02-03,300.399
2022-02-02,299.38
2022-02-01,307.099
2022-01-31,308.589
2022-01-28,304.345
2022-01-27,292.689
2022-01-26,288.585
2022-01-25,293.385
2022-01-24,290.127
2022-01-21,280.511
2022-01-20,273.669
2022-01-19,274.24
2022-01-18,272.141
2022-01-17,267.268
2022-01-14,266.178
2022-01-13,265.993
2022-01-12,267.998
2022-01-11,264.927
2022-01-10,264.891
2022-01-07,262.356
2022-01-06,261.982
2022-01-05,261.214
2022-01-04,262.745
2022-01-03,270.667
2021-12-31,271.243
2021-12-30,266.521
2021-12-29,266.436
2021-12-28,268.304
2021-12-27,268.411
2021-12-24,267.768
2021-12-23,272.44
2021-12-22,273.553
2021-12-21,275.275
2021-12-20,276.36
2021-12-17,274.272
2021-12-16,274.705
2021-12-15,275.39
2021-12-14,275.587
2021-12-13,276.066
2021-12-10,276.463
2021-12-09,276.184
2021-12-08,278.543
2021-12-07,280.801
2021-12-06,288.063
2021-12-03,289.66
2021-12-02,295.128
2021-12-01,296.743
2021-11-30,303.272
2021-11-29,296.273
2021-11-26,294.36
2021-11-25,277.739
2021-11-24,276.177
2021-11-23,276.18
2021-11-22,273.858
2021-11-19,268.804
2021-11-18,266.411
2021-11-17,266.811
2021-11-16,267.113
2021-11-15,270.7
2021-11-12,269.322
2021-11-11,268.872
2021-11-10,269.445
2021-11-09,264.327
2021-11-08,265.687
2021-11-05,268.594
2021-11-04,261.209
2021-11-03,269.067
2021-11-02,269.318
2021-11-01,266.628
2021-10-29,266.773
2021-10-28,266.54
2021-10-27,262.943
2021-10-26,264.578
2021-10-25,266.844
2021-10-22,265.36
2021-10-21,265.511
2021-10-20,263.098
2021-10-19,263.993
2021-10-18,264.164
2021-10-15,263.817
2021-10-14,265.13
2021-10-13,271.334
2021-10-12,273.742
2021-10-11,267.099
2021-10-08,261.72
2021-10-07,261.558
2021-10-06,263.162
2021-10-05,253.249
2021-10-04,248.799
2021-10-01,247.471
2021-09-30,245.039
2021-09-29,243.26
2021-09-28,240.042
2021-09-27,234.834
2021-09-24,233.396
2021-09-23,230.791
2021-09-22,230.993
2021-09-21,231.692
2021-09-20,231.075
2021-09-17,226.911
2021-09-16,226.435
2021-09-15,228.838
2021-09-14,231.048
2021-09-13,233.045
2021-09-10,234.412
2021-09-09,235.416
2021-09-08,235.851
2021-09-07,235.693
2021-09-06,236.091
2021-09-03,236.565
2021-09-02,230.294
2021-09-01,235.755
2021-08-31,238.985
2021-08-30,240.19
2021-08-27,240.565
2021-08-26,241.519
2021-08-25,239.092
2021-08-24,239.127
2021-08-23,239.189
2021-08-20,239.361
2021-08-19,239.098
2021-08-18,236.881
2021-08-17,237.356
2021-08-16,236.869
2021-08-13,237.831
2021-08-12,237.725
2021-08-11,239.007
2021-08-10,239.233
2021-08-09,238.778
2021-08-06,238.501
2021-08-05,232.073
2021-08-04,234.426
2021-08-03,238.137
2021-08-02,238.805
2021-07-30,239.868
2021-07-29,240.88
2021-07-28,243.197
2021-07-27,243.667
2021-07-26,243.202
2021-07-23,243.615
2021-07-22,243.993
2021-07-21,244.564
2021-07-20,245.506
2021-07-19,245.292
2021-07-16,241.908
2021-07-15,241.867
2021-07-14,242.179
2021-07-13,242.653
2021-07-12,243.095
2021-07-09,243.344
2021-07-08,243.952
2021-07-07,241.559
2021-07-06,242.91
2021-07-05,241.922
2021-07-02,242.101
2021-07-01,239.787
2021-06-30,239.241
2021-06-29,239.646
2021-06-28,239.078
2021-06-25,238.691
2021-06-24,238.667
2021-06-23,238.865
2021-06-22,239.716
2021-06-21,238.76
2021-06-18,237.461
2021-06-17,236.645
2021-06-16,233.842
2021-06-15,233.112
2021-06-14,232.7
2021-06-11,234.502
2021-06-10,237.865
2021-06-09,239.185
2021-06-08,241.072
2021-06-07,238.87
2021-06-04,240.719
2021-06-03,239.428
2021-06-02,240.181
2021-06-01,243.912
2021-05-31,247.504
2021-05-28,247.947
2021-05-27,249.344
2021-05-26,251.868
2021-05-25,255.417
2021-05-24,257.31
2021-05-21,257.538
2021-05-20,258.91
2021-05-19,259.472
2021-05-18,256.817
2021-05-17,258.118
2021-05-14,257.883
2021-05-13,259.831
2021-05-12,256.223
2021-05-11,254.804
2021-05-10,251.262
2021-05-07,251.836
2021-05-06,248.026
2021-05-05,246.92
2021-05-04,248.021
2021-05-03,248.389
2021-04-30,249.062
2021-04-29,248.557
2021-04-28,250.724
2021-04-27,251.419
2021-04-26,251.865
2021-04-23,252.094
2021-04-22,252.352
2021-04-21,253.617
2021-04-20,252.705
2021-04-19,247.999
2021-04-16,247.165
2021-04-15,248.461
2021-04-14,248.808
2021-04-13,249.972
2021-04-12,248.876
2021-04-09,249.127
2021-04-08,247.028
2021-04-07,249.388
2021-04-06,251.873
2021-04-01,256.121
2021-03-31,260.6
2021-03-30,262.254
2021-03-29,262.327
2021-03-26,263.003
2021-03-25,264.01
2021-03-24,264.951
2021-03-23,265.838
2021-03-22,267.463
2021-03-19,266.603
2021-03-18,264.442
2021-03-17,261.037
2021-03-16,260.487
2021-03-15,261.902
2021-03-12,262.29
2021-03-11,262.909
2021-03-10,270.181
2021-03-09,271.929
2021-03-08,271.13
2021-03-05,269.293
2021-03-04,263.806
2021-03-03,263.308
2021-03-02,265.282
2021-03-01,267.8
2021-02-26,272.248
2021-02-25,261.204
2021-02-24,260.53
2021-02-23,260.818
2021-02-22,260.292
2021-02-19,259.234
2021-02-18,260.222
2021-02-17,260.047
2021-02-16,260.254
2021-02-15,261.361
2021-02-12,263.381
2021-02-11,263.021
2021-02-10,264.199
2021-02-09,265.803
2021-02-08,265.225
2021-02-05,265.951
2021-02-04,266.239
2021-02-03,267.862
2021-02-02,274.788
2021-02-01,280.942
2021-01-29,284.524
2021-01-28,287.469
2021-01-27,281.998
2021-01-26,278.743
2021-01-25,276.399
2021-01-22,273.937
2021-01-21,271.268
2021-01-20,275.751
2021-01-19,281.799
2021-01-18,284.198
2021-01-15,284.082
2021-01-14,283.242
2021-01-13,285.165
2021-01-12,283.553
2021-01-11,280.194
2021-01-08,279.74
2021-01-07,277.549
2021-01-06,281.812
2021-01-05,283.823
2021-01-04,284.524
2020-12-31,289.28
2020-12-30,289.769
2020-12-29,289.659
2020-12-28,289.336
2020-12-24,289.524
2020-12-23,291.057
2020-12-22,291.961
2020-12-21,292.379
2020-12-18,286.455
2020-12-17,287.176
2020-12-16,288.292
2020-12-15,289.806
2020-12-14,289.691
2020-12-11,290.103
2020-12-10,285.672
2020-12-09,284.186
2020-12-08,286.016
2020-12-07,285.288
2020-12-04,287.171
2020-12-03,292.194
2020-12-02,297.027
2020-12-01,300.888
2020-11-30,305.814
2020-11-27,306.228
2020-11-26,307.149
2020-11-25,309.854
2020-11-24,311.867
2020-11-23,320.037
2020-11-20,324.357
2020-11-19,326.727
2020-11-18,326.559
2020-11-17,328.969
2020-11-16,331.665
2020-11-13,341.857
2020-11-12,342.693
2020-11-11,341.514
2020-11-10,344.263
2020-11-09,346.837
2020-11-06,372.594
2020-11-05,374.211
2020-11-04,392.352
2020-11-03,399.22
2020-11-02,411.298
2020-10-30,413.024
2020-10-29,408.794
2020-10-28,402.886
2020-10-27,386.57
2020-10-26,384.658
2020-10-23,382.253
2020-10-22,384.638
2020-10-21,384.196
2020-10-20,385.681
2020-10-19,386.217
2020-10-16,388.59
2020-10-15,390.739
2020-10-14,381.77
2020-10-13,379.851
2020-10-12,380.314
2020-10-09,383.483
2020-10-08,384.508
2020-10-07,388.379
2020-10-06,390.115
2020-10-05,393.834
2020-10-02,401.422
2020-10-01,413.826
2020-09-30,420.576
2020-09-29,422.853
2020-09-28,425.701
2020-09-25,429.001
2020-09-24,418.346
2020-09-23,403.882
2020-09-22,406.06
2020-09-21,395.728
2020-09-18,382.289
2020-09-17,381.905
2020-09-16,379.03
2020-09-15,380.934
2020-09-14,382.387
2020-09-11,383.36
2020-09-10,380.743
2020-09-09,383.542
2020-09-08,384.407
2020-09-07,382.232
2020-09-04,383.721
2020-09-03,385.081
2020-09-02,388.441
2020-09-01,394.828
2020-08-31,399.51
2020-08-28,399.438
2020-08-27,397.435
2020-08-26,397.399
2020-08-25,398.467
2020-08-24,400.808
2020-08-21,402.708
2020-08-20,403.24
2020-08-19,402.784
2020-08-18,403.634
2020-08-17,403.229
2020-08-14,401.631
2020-08-13,396.824
2020-08-12,400.095
2020-08-11,403.911
2020-08-10,408.693
2020-08-07,411.015
2020-08-06,417.436
2020-08-05,420.287
2020-08-04,425.597
2020-08-03,428.86
2020-07-31,430.061
2020-07-30,431.768
2020-07-29,426.21
2020-07-28,426.026
2020-07-27,424.159
2020-07-24,423.245
2020-07-23,423.294
2020-07-22,430.096
2020-07-21,431.225
2020-07-20,438.652
2020-07-17,442.65
2020-07-16,445.56
2020-07-15,447.468
2020-07-14,455.142
2020-07-13,453.458
2020-07-10,453.551
2020-07-09,461.483
2020-07-08,461.534
2020-07-07,460.388
2020-07-06,460.582
2020-07-03,465.417
2020-07-02,467.891
2020-07-01,469.107
2020-06-30,470.185
2020-06-29,469.647
2020-06-26,468.079
2020-06-25,467.837
2020-06-24,462.708
2020-06-23,460.34
2020-06-22,462.96
2020-06-19,454.992
2020-06-18,452.982
2020-06-17,446.615
2020-06-16,447.299
2020-06-15,474.05
2020-06-12,469.043
2020-06-11,472.76
2020-06-10,447.074
2020-06-09,436.664
2020-06-08,426.07
2020-06-05,436.158
2020-06-04,468.978
2020-06-03,480.941
2020-06-02,492.432
2020-06-01,507.403
2020-05-29,514.481
2020-05-28,514.303
2020-05-27,527.735
2020-05-26,550.668
2020-05-25,567.044
2020-05-22,567.604
2020-05-21,571.176
2020-05-20,579.086
2020-05-19,590.591
2020-05-18,600.689
2020-05-15,608.834
2020-05-14,614.446
2020-05-13,599.552
2020-05-12,596.054
2020-05-11,595.17
2020-05-08,599.009
2020-05-07,599.811
2020-05-06,598.985
2020-05-05,599.588
2020-05-04,600.125
2020-04-30,582.883
2020-04-29,582.224
2020-04-28,582.07
2020-04-27,586.41
2020-04-24,595.256
2020-04-23,595.27
2020-04-22,601.705
2020-04-21,603.746
2020-04-20,588.885
2020-04-17,586.898
2020-04-16,588.883
2020-04-15,577.434
2020-04-14,578.428
2020-04-09,624.492
2020-04-08,669.923
2020-04-07,682.151
2020-04-06,713.643
2020-04-03,727.241
2020-04-02,742.264
2020-04-01,745.27
2020-03-31,745.119
2020-03-30,767.735
2020-03-27,761.116
2020-03-26,773.012
2020-03-25,815.413
2020-03-24,864.159
2020-03-23,886.647
2020-03-20,858.284
2020-03-19,866.047
2020-03-18,835.318
2020-03-17,754.037
2020-03-16,700.913
2020-03-13,602.26
2020-03-12,590.854
2020-03-11,504.829
2020-03-10,479.383
2020-03-09,482.0
2020-03-06,394.617
2020-03-05,364.035
2020-03-04,349.966
2020-03-03,354.045
2020-03-02,371.973
2020-02-28,368.5
2020-02-27,336.98
2020-02-26,319.023
2020-02-25,308.921
2020-02-24,299.156
2020-02-21,277.934
2020-02-20,271.495
2020-02-19,273.423
2020-02-18,274.813
2020-02-17,273.984
2020-02-14,275.777
2020-02-13,279.186
2020-02-12,279.955
2020-02-11,283.467
2020-02-10,288.212
2020-02-07,286.185
2020-02-06,287.762
2020-02-05,292.211
2020-02-04,298.383
2020-02-03,305.072
2020-01-31,302.192
2020-01-30,299.003
2020-01-29,295.535
2020-01-28,298.028
2020-01-27,298.885
2020-01-24,285.546
2020-01-23,284.671
2020-01-22,281.977
2020-01-21,280.784
2020-01-20,278.623
2020-01-17,279.171
2020-01-16,281.4
2020-01-15,282.935
2020-01-14,281.898
2020-01-13,282.361
2020-01-10,284.166
2020-01-09,286.671
2020-01-08,290.201
2020-01-07,289.429
2020-01-06,289.51
2020-01-03,286.972
2020-01-02,281.394
2019-12-31,284.557
2019-12-30,285.162
2019-12-27,289.317
2019-12-24,288.14
2019-12-23,289.198
2019-12-20,290.237
2019-12-19,291.813
2019-12-18,292.598
2019-12-17,295.263
2019-12-16,296.132
2019-12-13,299.89
2019-12-12,306.798
2019-12-11,309.169
2019-12-10,311.285
2019-12-09,312.935
2019-12-06,315.306
2019-12-05,323.853
2019-12-04,327.49
2019-12-03,329.354
2019-12-02,326.984
2019-11-29,328.335
2019-11-28,329.07
2019-11-27,331.341
2019-11-26,336.448
2019-11-25,342.653
2019-11-22,348.382
2019-11-21,348.189
2019-11-20,346.657
2019-11-19,343.881
2019-11-18,343.528
2019-11-15,343.76
2019-11-14,341.953
2019-11-13,338.805
2019-11-12,336.28
2019-11-11,335.686
2019-11-08,334.445
2019-11-07,333.422
2019-11-06,337.701
2019-11-05,338.332
2019-11-04,343.024
2019-11-01,349.596
2019-10-31,345.919
2019-10-30,345.496
2019-10-29,344.126
2019-10-28,343.563
2019-10-25,343.362
2019-10-24,341.747
2019-10-23,337.9
2019-10-22,337.968
2019-10-21,340.317
2019-10-18,342.643
2019-10-17,340.723
2019-10-16,340.312
2019-10-15,342.451
2019-10-14,346.008
2019-10-11,343.673
2019-10-10,352.449
2019-10-09,360.767
2019-10-08,365.85
2019-10-07,359.931
2019-10-04,359.931
2019-10-03,359.276
2019-10-02,348.623
2019-10-01,346.184
2019-09-30,347.74
2019-09-27,346.828
2019-09-26,345.254
2019-09-25,344.896
2019-09-24,335.719
2019-09-23,324.461
2019-09-20,321.007
2019-09-19,323.33
2019-09-18,323.121
2019-09-17,321.112
2019-09-16,316.685
2019-09-13,314.404
2019-09-12,318.8
2019-09-11,327.791
2019-09-10,326.653
2019-09-09,323.319
2019-09-06,323.28
2019-09-05,317.6
2019-09-04,320.818
2019-09-03,314.604
2019-09-02,312.991
2019-08-30,314.085
2019-08-29,316.888
2019-08-28,322.43
2019-08-27,329.63
2019-08-26,331.898
2019-08-23,331.99
2019-08-22,338.164
2019-08-21,345.513
2019-08-20,355.303
2019-08-19,360.934
2019-08-16,364.173
2019-08-15,361.194
2019-08-14,356.838
2019-08-13,353.852
2019-08-12,351.701
2019-08-09,351.043
2019-08-08,348.472
2019-08-07,351.69
2019-08-06,348.881
2019-08-05,350.147
2019-08-02,340.621
2019-08-01,317.765
2019-07-31,318.511
2019-07-30,317.981
2019-07-29,312.064
2019-07-26,313.446
2019-07-25,314.454
2019-07-24,322.427
2019-07-23,327.662
2019-07-22,331.238
2019-07-19,331.947
2019-07-18,334.201
2019-07-17,329.268
2019-07-16,325.453
2019-07-15,324.595
2019-07-12,322.966
2019-07-11,322.395
2019-07-10,324.006
2019-07-09,325.084
2019-07-08,319.736
2019-07-05,317.027
2019-07-04,315.337
2019-07-03,317.715
2019-07-02,323.007
2019-07-01,326.988
2019-06-28,333.103
2019-06-27,337.22
2019-06-26,341.656
2019-06-25,341.638
2019-06-24,338.149
2019-06-21,336.821
2019-06-20,337.292
2019-06-19,352.261
2019-06-18,359.762
2019-06-17,369.728
2019-06-14,372.042
2019-06-13,372.131
2019-06-12,372.938
2019-06-11,370.842
2019-06-10,376.574
2019-06-07,382.724
2019-06-06,371.995
2019-06-05,373.297
2019-06-04,374.909
2019-06-03,379.497
2019-05-31,373.433
2019-05-30,365.7
2019-05-29,366.0
2019-05-28,361.276
2019-05-27,359.463
2019-05-24,359.638
2019-05-23,363.794
2019-05-22,355.657
2019-05-21,354.438
2019-05-20,357.647
2019-05-17,357.713
2019-05-16,358.873
2019-05-15,362.278
2019-05-14,361.775
2019-05-13,361.596
2019-05-10,352.73
2019-05-09,355.439
2019-05-08,346.498
2019-05-07,340.049
2019-05-06,330.884
2019-05-03,330.365
2019-05-02,331.329
2019-04-30,327.656
2019-04-29,327.482
2019-04-26,328.803
2019-04-25,326.833
2019-04-24,321.299
2019-04-23,319.123
2019-04-18,321.902
2019-04-17,321.202
2019-04-16,325.023
2019-04-15,327.849
2019-04-12,332.067
2019-04-11,337.092
2019-04-10,339.981
2019-04-09,340.713
2019-04-08,340.91
2019-04-05,341.625
2019-04-04,345.564
2019-04-03,342.95
2019-04-02,347.791
2019-04-01,356.835
2019-03-29,364.697
2019-03-28,369.427
2019-03-27,370.669
2019-03-26,370.067
2019-03-25,373.814
2019-03-22,371.048
2019-03-21,367.033
2019-03-20,365.789
2019-03-19,362.482
2019-03-18,367.392
2019-03-15,370.467
2019-03-14,371.398
2019-03-13,376.406
2019-03-12,380.645
2019-03-11,386.586
2019-03-08,389.688
2019-03-07,382.418
2019-03-06,378.073
2019-03-05,373.642
2019-03-04,374.952
2019-03-01,376.782
2019-02-28,376.059
2019-02-27,379.371
2019-02-26,385.609
2019-02-25,390.475
2019-02-22,397.678
2019-02-21,398.842
2019-02-20,401.982
2019-02-19,403.622
2019-02-18,404.111
2019-02-15,408.466
2019-02-14,410.102
2019-02-13,410.951
2019-02-12,413.988
2019-02-11,417.563
2019-02-08,419.25
2019-02-07,413.796
2019-02-06,406.554
2019-02-05,412.092
2019-02-04,418.119
2019-02-01,419.427
2019-01-31,416.379
2019-01-30,424.089
2019-01-29,426.88
2019-01-28,423.829
2019-01-25,424.081
2019-01-24,428.377
2019-01-23,427.435
2019-01-22,425.337
2019-01-21,420.929
2019-01-18,422.008
2019-01-17,429.865
2019-01-16,432.056
2019-01-15,439.937
2019-01-14,442.19
2019-01-11,440.609
2019-01-10,444.815
2019-01-09,442.118
2019-01-08,453.47
2019-01-07,462.307
2019-01-04,468.493
2019-01-03,470.322
2019-01-02,460.073
2018-12-31,454.162
2018-12-28,453.243
2018-12-27,452.724
2018-12-24,450.6
2018-12-21,450.035
2018-12-20,446.448
2018-12-19,441.806
2018-12-18,441.675
2018-12-17,438.137
2018-12-14,436.822
2018-12-13,436.667
2018-12-12,444.126
2018-12-11,454.579
2018-12-10,454.256
2018-12-07,446.358
2018-12-06,439.536
2018-12-05,431.078
2018-12-04,427.602
2018-12-03,418.927
2018-11-30,425.4
2018-11-29,423.941
2018-11-28,422.331
2018-11-27,420.514
2018-11-26,413.27
2018-11-23,415.596
2018-11-22,412.759
2018-11-21,415.397
2018-11-20,422.339
2018-11-19,409.481
2018-11-16,397.707
2018-11-15,386.3
2018-11-14,375.721
2018-11-13,368.726
2018-11-12,361.329
2018-11-09,355.775
2018-11-08,350.135
2018-11-07,351.789
2018-11-06,356.421
2018-11-05,357.087
2018-11-02,356.207
2018-11-01,359.657
2018-10-31,362.505
2018-10-30,364.967
2018-10-29,364.426
2018-10-26,367.491
2018-10-25,359.424
2018-10-24,354.389
2018-10-23,350.957
2018-10-22,344.555
2018-10-19,346.39
2018-10-18,341.436
2018-10-17,335.083
2018-10-16,334.171
2018-10-15,333.069
2018-10-12,331.397
2018-10-11,333.931
2018-10-10,324.452
2018-10-09,324.103
2018-10-08,319.68
2018-10-05,315.7
2018-10-04,318.7
2018-10-03,318.696
2018-10-02,325.022
2018-10-01,321.08
2018-09-28,322.899
2018-09-27,316.865
2018-09-26,316.503
2018-09-25,314.235
2018-09-24,315.962
2018-09-21,318.267
2018-09-20,318.538
2018-09-19,320.162
2018-09-18,322.428
2018-09-17,324.651
2018-09-14,328.644
2018-09-13,330.677
2018-09-12,332.15
2018-09-11,331.906
2018-09-10,334.453
2018-09-07,337.006
2018-09-06,335.412
2018-09-05,334.052
2018-09-04,333.808
2018-09-03,333.284
2018-08-31,330.672
2018-08-30,326.169
2018-08-29,320.531
2018-08-28,320.287
2018-08-27,320.695
2018-08-24,321.397
2018-08-23,321.199
2018-08-22,321.66
2018-08-21,323.172
2018-08-20,325.47
2018-08-17,325.79
2018-08-16,326.567
2018-08-15,326.129
2018-08-14,325.086
2018-08-13,325.552
2018-08-10,320.431
2018-08-09,314.924
2018-08-08,314.468
2018-08-07,314.337
2018-08-06,317.675
2018-08-03,317.803
2018-08-02,311.434
2018-08-01,309.241
2018-07-31,313.005
2018-07-30,315.15
2018-07-27,316.169
2018-07-26,317.034
2018-07-25,319.74
2018-07-24,319.81
2018-07-23,320.555
2018-07-20,320.966
2018-07-19,320.316
2018-07-18,319.25
2018-07-17,319.987
2018-07-16,319.565
2018-07-13,321.464
2018-07-12,323.753
2018-07-11,326.674
2018-07-10,323.246
2018-07-09,328.473
2018-07-06,332.417
2018-07-05,330.62
2018-07-04,335.986
2018-07-03,338.832
2018-07-02,344.449
2018-06-29,340.593
2018-06-28,342.554
2018-06-27,334.807
2018-06-26,328.743
2018-06-25,322.676
2018-06-22,316.388
2018-06-21,315.9
2018-06-20,311.086
2018-06-19,312.679
2018-06-18,308.261
2018-06-15,305.423
2018-06-14,306.083
2018-06-13,305.943
2018-06-12,306.702
2018-06-11,308.05
2018-06-08,311.495
2018-06-07,304.001
2018-06-06,302.414
2018-06-05,302.311
2018-06-04,302.798
2018-06-01,310.567
2018-05-31,313.439
2018-05-30,320.041
2018-05-29,321.676
2018-05-28,298.676
2018-05-25,298.5
2018-05-24,288.759
2018-05-23,287.383
2018-05-22,278.018
2018-05-21,277.896
2018-05-18,272.944
2018-05-17,267.641
2018-05-16,266.634
2018-05-15,262.839
2018-05-14,264.238
2018-05-11,266.133
2018-05-10,268.979
2018-05-09,268.323
2018-05-08,268.307
2018-05-07,268.956
2018-05-04,269.536
2018-05-03,261.227
2018-05-02,256.703
2018-04-30,257.277
2018-04-27,257.583
2018-04-26,256.675
2018-04-25,255.097
2018-04-24,251.892
2018-04-23,252.437
2018-04-20,252.88
2018-04-19,254.374
2018-04-18,253.163
2018-04-17,251.81
2018-04-16,253.607
2018-04-13,256.192
2018-04-12,260.167
2018-04-11,263.858
2018-04-10,266.082
2018-04-09,269.951
2018-04-06,271.81
2018-04-05,265.591
2018-04-04,269.16
2018-04-03,268.008
2018-03-29,267.11
2018-03-28,267.584
2018-03-27,265.798
2018-03-26,266.418
2018-03-23,266.002
2018-03-22,262.48
2018-03-21,256.958
2018-03-20,258.657
2018-03-19,256.196
2018-03-16,253.647
2018-03-15,254.277
2018-03-14,250.758
2018-03-13,246.049
2018-03-12,244.479
2018-03-09,246.663
2018-03-08,248.393
2018-03-07,250.813
2018-03-06,250.034
2018-03-05,253.322
2018-03-02,252.15
2018-03-01,245.589
2018-02-28,244.093
2018-02-27,243.607
2018-02-26,245.798
2018-02-23,249.725
2018-02-22,245.475
2018-02-21,242.783
2018-02-20,241.52
2018-02-19,239.157
2018-02-16,242.128
2018-02-15,245.457
2018-02-14,251.616
2018-02-13,252.01
2018-02-12,241.984
2018-02-09,244.388
2018-02-08,233.93
2018-02-07,230.392
2018-02-06,238.251
2018-02-05,231.196
2018-02-02,226.067
2018-02-01,215.113
2018-01-31,215.872
2018-01-30,215.939
2018-01-29,209.72
2018-01-26,209.247
2018-01-25,210.597
2018-01-24,211.111
2018-01-23,211.533
2018-01-22,212.913
2018-01-19,214.635
2018-01-18,215.054
2018-01-17,216.464
2018-01-16,215.218
2018-01-15,216.258
2018-01-12,217.691
2018-01-11,219.361
2018-01-10,219.851
2018-01-09,216.276
2018-01-08,217.836
2018-01-05,217.202
2018-01-04,206.064
2018-01-03,209.738
2018-01-02,213.368
2017-12-29,216.156
2017-12-28,216.645
2017-12-27,217.26
2017-12-22,216.671
2017-12-21,218.104
2017-12-20,220.328
2017-12-19,222.589
2017-12-18,224.724
2017-12-15,225.42
2017-12-14,225.004
2017-12-13,223.606
2017-12-12,222.362
2017-12-11,223.169
2017-12-08,222.848
2017-12-07,221.788
2017-12-06,221.345
2017-12-05,218.893
2017-12-04,217.77
2017-12-01,217.794
2017-11-30,200.403
2017-11-29,200.451
2017-11-28,201.161
2017-11-27,201.451
2017-11-24,200.805
2017-11-23,202.758
2017-11-22,203.661
2017-11-21,205.56
2017-11-20,207.337
2017-11-17,208.765
2017-11-16,208.555
2017-11-15,214.735
2017-11-14,207.028
2017-11-13,200.194
2017-11-10,199.232
2017-11-09,194.677
2017-11-08,188.127
2017-11-07,182.045
2017-11-06,182.342
2017-11-03,182.405
2017-11-02,179.584
2017-11-01,181.365
2017-10-31,186.381
2017-10-30,188.692
2017-10-27,190.519
2017-10-26,192.934
2017-10-25,191.717
2017-10-24,191.716
2017-10-23,193.612
2017-10-20,194.039
2017-10-19,196.108
2017-10-18,196.139
2017-10-17,198.526
2017-10-16,201.514
2017-10-13,202.369
2017-10-12,202.214
2017-10-11,203.519
2017-10-10,205.979
2017-10-09,206.353
2017-10-06,205.717
2017-10-05,196.689
2017-10-04,197.545
2017-10-03,197.09
2017-10-02,198.37
2017-09-29,198.876
2017-09-28,199.663
2017-09-27,200.368
2017-09-26,202.324
2017-09-25,202.148
2017-09-22,200.677
2017-09-21,200.524
2017-09-20,200.838
2017-09-19,200.974
2017-09-18,201.886
2017-09-15,204.072
2017-09-14,205.719
2017-09-13,206.499
2017-09-12,209.004
2017-09-11,211.185
2017-09-08,212.411
2017-09-07,212.19
2017-09-06,212.308
2017-09-05,219.741
2017-09-04,214.475
2017-09-01,213.864
2017-08-31,215.154
2017-08-30,216.53
2017-08-29,215.712
2017-08-28,213.899
2017-08-25,214.346
2017-08-24,214.82
2017-08-23,215.565
2017-08-22,213.788
2017-08-21,214.063
2017-08-18,212.288
2017-08-17,210.898
2017-08-16,209.966
2017-08-15,211.352
2017-08-14,212.747
2017-08-11,216.81
2017-08-10,210.717
2017-08-09,208.01
2017-08-08,203.016
2017-08-07,201.39
2017-08-04,202.498
2017-08-03,198.966
2017-08-02,201.151
2017-08-01,205.778
2017-07-31,210.878
2017-07-28,213.306
2017-07-27,214.488
2017-07-26,218.842
2017-07-25,220.905
2017-07-24,224.107
2017-07-21,225.047
2017-07-20,226.47
2017-07-19,228.521
2017-07-18,230.41
2017-07-17,231.439
2017-07-14,232.421
2017-07-13,233.857
2017-07-12,236.217
2017-07-11,240.411
2017-07-10,239.761
2017-07-07,239.559
2017-07-06,227.356
2017-07-05,226.673
2017-07-04,226.967
2017-07-03,227.018
2017-06-30,229.212
2017-06-29,229.605
2017-06-28,231.018
2017-06-27,228.002
2017-06-26,230.348
2017-06-23,239.231
2017-06-22,239.992
2017-06-21,236.931
2017-06-20,236.266
2017-06-19,237.452
2017-06-16,236.916
2017-06-15,238.019
2017-06-14,238.845
2017-06-13,240.051
2017-06-12,244.374
2017-06-09,243.773
2017-06-08,243.595
2017-06-07,244.046
2017-06-06,243.806
2017-06-05,242.426
2017-06-02,243.642
2017-06-01,247.568
2017-05-31,249.652
2017-05-30,251.177
2017-05-29,251.38
2017-05-26,250.82
2017-05-25,250.622
2017-05-24,252.028
2017-05-23,252.893
2017-05-22,256.397
2017-05-19,261.158
2017-05-18,263.061
2017-05-17,256.597
2017-05-16,251.944
2017-05-15,254.236
2017-05-12,253.667
2017-05-11,250.601
2017-05-10,253.301
2017-05-09,255.154
2017-05-08,257.266
2017-05-05,258.547
2017-05-04,251.439
2017-05-03,258.081
2017-05-02,260.755
2017-04-28,265.118
2017-04-27,267.807
2017-04-26,268.365
2017-04-25,271.059
2017-04-24,275.78
2017-04-21,285.043
2017-04-20,286.852
2017-04-19,290.469
2017-04-18,291.423
2017-04-13,291.632
2017-04-12,291.525
2017-04-11,292.278
2017-04-10,292.638
2017-04-07,291.471
2017-04-06,297.039
2017-04-05,296.902
2017-04-04,298.819
2017-04-03,300.017
2017-03-31,299.914
2017-03-30,301.231
2017-03-29,301.337
2017-03-28,299.917
2017-03-27,299.863
2017-03-24,296.664
2017-03-23,297.588
2017-03-22,299.314
2017-03-21,294.384
2017-03-20,293.968
2017-03-17,295.931
2017-03-16,297.48
2017-03-15,304.094
2017-03-14,302.112
2017-03-13,294.481
2017-03-10,292.025
2017-03-09,293.188
2017-03-08,291.33
2017-03-07,287.116
2017-03-06,285.444
2017-03-03,286.14
2017-03-02,281.83
2017-03-01,285.771
2017-02-28,288.877
2017-02-27,288.308
2017-02-24,289.165
2017-02-23,288.755
2017-02-22,288.462
2017-02-21,289.839
2017-02-20,292.313
2017-02-17,294.305
2017-02-16,293.368
2017-02-15,293.21
2017-02-14,294.525
2017-02-13,297.11
2017-02-10,299.86
2017-02-09,301.643
2017-02-08,303.84
2017-02-07,301.133
2017-02-06,302.163
2017-02-03,301.618
2017-02-02,299.173
2017-02-01,298.869
2017-01-31,300.375
2017-01-30,298.556
2017-01-27,296.089
2017-01-26,295.414
2017-01-25,297.088
2017-01-24,301.537
2017-01-23,303.31
2017-01-20,301.916
2017-01-19,303.995
2017-01-18,306.716
2017-01-17,308.892
2017-01-16,308.615
2017-01-13,308.658
2017-01-12,310.743
2017-01-11,308.514
2017-01-10,306.329
2017-01-09,305.167
2017-01-06,303.989
2017-01-05,301.512
2017-01-04,303.512
2017-01-03,312.866
2017-01-02,321.706
2016-12-30,320.318
2016-12-29,321.093
2016-12-28,320.167
2016-12-27,321.91
2016-12-23,320.839
2016-12-22,321.748
2016-12-21,324.088
2016-12-20,325.819
2016-12-19,326.982
2016-12-16,327.441
2016-12-15,328.847
2016-12-14,329.859
2016-12-13,332.879
2016-12-12,337.929
2016-12-09,344.37
2016-12-08,347.435
2016-12-07,354.223
2016-12-06,361.07
2016-12-05,369.523
2016-12-02,371.212
2016-12-01,354.384
2016-11-30,358.317
2016-11-29,361.744
2016-11-28,361.088
2016-11-25,358.761
2016-11-24,360.389
2016-11-23,361.578
2016-11-22,360.619
2016-11-21,366.148
2016-11-18,363.349
2016-11-17,357.919
2016-11-16,352.491
2016-11-15,348.956
2016-11-14,354.394
2016-11-11,345.831
2016-11-10,340.316
2016-11-09,341.786
2016-11-08,339.268
2016-11-07,336.609
2016-11-04,344.084
2016-11-03,337.763
2016-11-02,338.207
2016-11-01,333.107
2016-10-31,328.645
2016-10-28,327.542
2016-10-27,323.094
2016-10-26,323.924
2016-10-25,324.046
2016-10-24,326.07
2016-10-21,328.891
2016-10-20,330.541
2016-10-19,334.902
2016-10-18,338.461
2016-10-17,342.056
2016-10-14,343.329
2016-10-13,346.253
2016-10-12,346.326
2016-10-11,346.712
2016-10-10,348.516
2016-10-07,350.721
2016-10-06,342.401
2016-10-05,346.434
2016-10-04,346.838
2016-10-03,349.921
2016-09-30,350.525
2016-09-29,349.627
2016-09-28,351.268
2016-09-27,352.603
2016-09-26,347.363
2016-09-23,343.866
2016-09-22,344.922
2016-09-21,351.404
2016-09-20,352.234
2016-09-19,350.365
2016-09-16,350.381
2016-09-15,346.333
2016-09-14,344.605
2016-09-13,339.012
2016-09-12,340.17
2016-09-09,327.021
2016-09-08,321.365
2016-09-07,320.487
2016-09-06,320.511
2016-09-05,322.255
2016-09-02,323.329
2016-09-01,318.202
2016-08-31,320.401
2016-08-30,324.206
2016-08-29,326.964
2016-08-26,325.417
2016-08-25,327.313
2016-08-24,326.596
2016-08-23,328.419
2016-08-22,329.968
2016-08-19,330.357
2016-08-18,331.278
2016-08-17,331.517
2016-08-16,330.98
2016-08-15,332.193
2016-08-12,337.028
2016-08-11,339.81
2016-08-10,342.86
2016-08-09,343.633
2016-08-08,346.629
2016-08-05,349.925
2016-08-04,351.265
2016-08-03,354.341
2016-08-02,353.905
2016-08-01,353.275
2016-07-29,356.565
2016-07-28,357.687
2016-07-27,358.178
2016-07-26,358.474
2016-07-25,357.314
2016-07-22,358.623
2016-07-21,361.018
2016-07-20,365.279
2016-07-19,367.789
2016-07-18,366.332
2016-07-15,365.94
2016-07-14,367.034
2016-07-13,373.324
2016-07-12,377.231
2016-07-11,389.852
2016-07-08,397.697
2016-07-07,400.621
2016-07-06,402.052
2016-07-05,397.4
2016-07-04,389.82
2016-07-01,393.779
2016-06-30,401.775
2016-06-29,408.38
2016-06-28,422.571
2016-06-27,430.782
2016-06-24,415.623
2016-06-23,375.884
2016-06-22,383.161
2016-06-21,385.408
2016-06-20,420.174
2016-06-17,431.637
2016-06-16,431.909
2016-06-15,423.474
2016-06-14,429.292
2016-06-13,413.031
2016-06-10,401.483
2016-06-09,397.165
2016-06-08,398.244
2016-06-07,402.72
2016-06-06,407.126
2016-06-03,410.005
2016-06-02,410.811
2016-06-01,413.895
2016-05-31,415.425
2016-05-30,415.388
2016-05-27,417.017
2016-05-26,415.382
2016-05-25,418.036
2016-05-24,423.274
2016-05-23,427.974
2016-05-20,429.818
2016-05-19,430.527
2016-05-18,426.393
2016-05-17,427.126
2016-05-16,431.777
2016-05-13,432.64
2016-05-12,432.531
2016-05-11,435.617
2016-05-10,434.773
2016-05-09,431.659
2016-05-06,426.362
2016-05-05,424.649
2016-05-04,424.207
2016-05-03,419.335
2016-05-02,410.47
2016-04-29,410.694
2016-04-28,412.749
2016-04-27,410.559
2016-04-26,408.183
2016-04-25,410.025
2016-04-22,407.922
2016-04-21,413.727
2016-04-20,423.269
2016-04-19,425.434
2016-04-18,431.193
2016-04-15,432.13
2016-04-14,432.222
2016-04-13,438.576
2016-04-12,450.275
2016-04-11,460.069
2016-04-08,464.023
2016-04-07,463.091
2016-04-06,461.32
2016-04-05,462.94
2016-04-04,459.695
2016-04-01,462.861
2016-03-31,474.083
2016-03-30,476.845
2016-03-29,480.952
2016-03-24,477.573
2016-03-23,474.254
2016-03-22,475.841
2016-03-21,477.412
2016-03-18,481.205
2016-03-17,483.132
2016-03-16,482.922
2016-03-15,476.171
2016-03-14,465.173
2016-03-11,482.635
2016-03-10,514.002
2016-03-09,529.157
2016-03-08,530.662
2016-03-07,529.555
2016-03-04,526.543
2016-03-03,538.365
2016-03-02,539.584
2016-03-01,550.143
2016-02-29,561.666
2016-02-26,566.062
2016-02-25,572.694
2016-02-24,566.965
2016-02-23,563.719
2016-02-22,566.132
2016-02-19,570.798
2016-02-18,568.525
2016-02-17,578.757
2016-02-16,585.36
2016-02-15,590.364
2016-02-12,598.037
2016-02-11,593.579
2016-02-10,575.141
2016-02-09,569.695
2016-02-08,588.246
2016-02-05,572.671
2016-02-04,570.548
2016-02-03,572.178
2016-02-02,563.021
2016-02-01,554.999
2016-01-29,555.133
2016-01-28,557.393
2016-01-27,562.282
2016-01-26,574.526
2016-01-25,571.553
2016-01-22,574.841
2016-01-21,593.966
2016-01-20,593.086
2016-01-19,571.392
2016-01-18,570.752
2016-01-15,558.273
2016-01-14,545.997
2016-01-13,533.005
2016-01-12,530.387
2016-01-11,520.196
2016-01-08,513.873
2016-01-07,518.492
2016-01-06,506.114
2016-01-05,503.955
2016-01-04,495.327
2015-12-31,486.021
2015-12-30,485.261
2015-12-29,468.773
2015-12-28,469.874
2015-12-24,468.573
2015-12-23,469.036
2015-12-22,469.284
2015-12-21,470.947
2015-12-18,471.144
2015-12-17,464.535
2015-12-16,467.153
2015-12-15,472.324
2015-12-14,483.203
2015-12-11,465.454
2015-12-10,448.35
2015-12-09,442.893
2015-12-08,434.725
2015-12-07,425.195
2015-12-04,420.806
2015-12-03,418.688
2015-12-02,420.885
2015-12-01,416.765
2015-11-30,414.463
2015-11-27,416.056
2015-11-26,414.919
2015-11-25,411.324
2015-11-24,410.614
2015-11-23,409.956
2015-11-20,408.352
2015-11-19,406.767
2015-11-18,410.146
2015-11-17,409.541
2015-11-16,414.601
2015-11-13,416.199
2015-11-12,413.062
2015-11-11,411.566
2015-11-10,410.81
2015-11-09,408.305
2015-11-06,404.326
2015-11-05,405.759
2015-11-04,405.162
2015-11-03,412.313
2015-11-02,420.208
2015-10-30,423.919
2015-10-29,429.407
2015-10-28,429.714
2015-10-27,433.869
2015-10-26,431.954
2015-10-23,437.525
2015-10-22,441.475
2015-10-21,443.905
2015-10-20,444.24
2015-10-19,447.802
2015-10-16,450.886
2015-10-15,456.113
2015-10-14,457.705
2015-10-13,452.523
2015-10-12,451.93
2015-10-09,454.418
2015-10-08,462.851
2015-10-07,461.369
2015-10-06,472.574
2015-10-05,483.114
2015-10-02,491.865
2015-10-01,475.41
2015-09-30,479.551
2015-09-29,480.716
2015-09-28,468.46
2015-09-25,449.486
2015-09-24,451.125
2015-09-23,439.793
2015-09-22,430.453
2015-09-21,419.499
2015-09-18,414.332
2015-09-17,409.321
2015-09-16,410.516
2015-09-15,416.155
2015-09-14,414.442
2015-09-11,408.638
2015-09-10,407.129
2015-09-09,403.011
2015-09-08,407.882
2015-09-07,407.662
2015-09-04,407.208
2015-09-03,387.502
2015-09-02,385.446
2015-09-01,383.351
2015-08-31,381.55
2015-08-28,383.187
2015-08-27,384.923
2015-08-26,391.43
2015-08-25,394.148
2015-08-24,402.895
2015-08-21,384.068
2015-08-20,378.488
2015-08-19,372.559
2015-08-18,369.22
2015-08-17,368.148
2015-08-14,366.126
2015-08-13,365.503
2015-08-12,370.488
2015-08-11,366.033
2015-08-10,368.426
2015-08-07,366.874
2015-08-06,360.723
2015-08-05,355.812
2015-08-04,358.091
2015-08-03,355.86
2015-07-31,353.71
2015-07-30,354.928
2015-07-29,354.059
2015-07-28,356.45
2015-07-27,354.667
2015-07-24,350.478
2015-07-23,346.523
2015-07-22,345.146
2015-07-21,342.233
2015-07-20,341.109
2015-07-17,343.739
2015-07-16,346.409
2015-07-15,353.946
2015-07-14,354.332
2015-07-13,356.563
2015-07-10,362.927
2015-07-09,374.663
2015-07-08,377.287
2015-07-07,372.738
2015-07-06,368.155
2015-07-03,356.193
2015-07-02,354.623
2015-07-01,358.858
2015-06-30,365.734
2015-06-29,363.804
2015-06-26,339.642
2015-06-25,340.709
2015-06-24,338.328
2015-06-23,340.399
2015-06-22,348.959
2015-06-19,363.56
2015-06-18,365.949
2015-06-17,359.701
2015-06-16,355.278
2015-06-15,345.524
2015-06-12,331.086
2015-06-11,323.299
2015-06-10,326.684
2015-06-09,324.147
2015-06-08,322.954
2015-06-05,321.315
2015-06-04,315.384
2015-06-03,310.739
2015-06-02,314.726
2015-06-01,315.931
2015-05-29,315.062
2015-05-28,313.399
2015-05-27,312.452
2015-05-26,313.051
2015-05-25,311.703
2015-05-22,310.415
2015-05-21,311.632
2015-05-20,310.678
2015-05-19,311.588
2015-05-18,313.281
2015-05-15,312.689
2015-05-14,314.34
2015-05-13,314.419
2015-05-12,319.434
2015-05-11,319.507
2015-05-08,323.281
2015-05-07,320.204
2015-05-06,314.535
2015-05-05,311.64
2015-05-04,310.944
2015-04-30,313.791
2015-04-29,314.839
2015-04-28,317.956
2015-04-27,319.181
2015-04-24,322.076
2015-04-23,323.95
2015-04-22,324.785
2015-04-21,324.46
2015-04-20,322.061
2015-04-17,321.097
2015-04-16,315.181
2015-04-15,310.32
2015-04-14,310.104
2015-04-13,306.905
2015-04-10,305.621
2015-04-09,331.048
2015-04-08,335.192
2015-04-07,337.614
2015-04-02,338.931
2015-04-01,340.424
2015-03-31,343.864
2015-03-30,342.347
2015-03-27,344.184
2015-03-26,348.082
2015-03-25,348.063
2015-03-24,347.507
2015-03-23,346.134
2015-03-20,346.837
2015-03-19,348.441
2015-03-18,346.371
2015-03-17,340.07
2015-03-16,330.927
2015-03-13,327.713
2015-03-12,326.022
2015-03-11,328.003
2015-03-10,326.746
2015-03-09,323.33
2015-03-06,319.42
2015-03-05,311.5
2015-03-04,314.724
2015-03-03,317.292
2015-03-02,319.011
2015-02-27,311.649
2015-02-26,315.119
2015-02-25,319.73
2015-02-24,321.048
2015-02-23,327.373
2015-02-20,331.22
2015-02-19,333.437
2015-02-18,337.468
2015-02-17,340.727
2015-02-16,342.848
2015-02-13,343.759
2015-02-12,350.535
2015-02-11,351.333
2015-02-10,350.761
2015-02-09,353.397
2015-02-06,351.023
2015-02-05,348.28
2015-02-04,348.732
2015-02-03,350.4
2015-02-02,357.534
2015-01-30,355.905
2015-01-29,355.123
2015-01-28,355.879
2015-01-27,351.202
2015-01-26,347.438
2015-01-23,348.796
2015-01-22,355.155
2015-01-21,359.154
2015-01-20,360.649
2015-01-19,364.878
2015-01-16,366.033
2015-01-15,363.669
2015-01-14,362.89
2015-01-13,362.21
2015-01-12,362.752
2015-01-09,363.221
2015-01-08,364.283
2015-01-07,369.37
2015-01-06,368.56
2015-01-05,365.143
2015-01-02,364.706
2014-12-31,363.156
2014-12-30,363.094
2014-12-29,363.371
2014-12-24,360.469
2014-12-23,360.52
2014-12-22,362.285
2014-12-19,357.753
2014-12-18,359.474
2014-12-17,366.28
2014-12-16,364.814
2014-12-15,356.7
2014-12-12,351.894
2014-12-11,346.271
2014-12-10,342.029
2014-12-09,336.879
2014-12-08,330.5
2014-12-05,329.529
2014-12-04,325.588
2014-12-03,328.811
2014-12-02,329.096
2014-12-01,328.262
2014-11-28,329.691
2014-11-27,330.192
2014-11-26,331.055
2014-11-25,332.409
2014-11-24,333.914
2014-11-21,336.476
2014-11-20,338.325
2014-11-19,333.975
2014-11-18,332.025
2014-11-17,334.2
2014-11-14,338.52
2014-11-13,329.968
2014-11-12,327.79
2014-11-11,328.049
2014-11-10,332.046
2014-11-07,335.728
2014-11-06,341.155
2014-11-05,344.648
2014-11-04,347.611
2014-11-03,348.44
2014-10-31,350.887
2014-10-30,352.329
2014-10-29,346.909
2014-10-28,349.174
2014-10-27,348.611
2014-10-24,351.032
2014-10-23,354.293
2014-10-22,359.764
2014-10-21,366.995
2014-10-20,376.549
2014-10-17,375.664
2014-10-16,386.433
2014-10-15,374.996
2014-10-14,363.46
2014-10-13,357.794
2014-10-10,352.263
2014-10-09,345.041
2014-10-08,343.388
2014-10-07,340.415
2014-10-06,336.327
2014-10-03,337.859
2014-10-02,340.87
2014-10-01,338.034
2014-09-30,340.724
2014-09-29,340.816
2014-09-26,328.434
2014-09-25,320.788
2014-09-24,315.913
2014-09-23,313.184
2014-09-22,314.82
2014-09-19,305.507
2014-09-18,304.9
2014-09-17,308.082
2014-09-16,308.997
2014-09-15,305.644
2014-09-12,302.941
2014-09-11,305.776
2014-09-10,306.751
2014-09-09,305.718
2014-09-08,303.867
2014-09-05,304.566
2014-09-04,279.522
2014-09-03,276.897
2014-09-02,277.798
2014-09-01,277.047
2014-08-29,275.495
2014-08-28,271.78
2014-08-27,269.9
2014-08-26,273.616
2014-08-25,279.452
2014-08-22,278.5
2014-08-21,280.346
2014-08-20,283.74
2014-08-19,287.142
2014-08-18,292.342
2014-08-15,296.296
2014-08-14,299.624
2014-08-13,301.245
2014-08-12,307.262
2014-08-11,311.621
2014-08-08,317.194
2014-08-07,306.7
2014-08-06,303.181
2014-08-05,293.613
2014-08-04,292.345
2014-08-01,291.714
2014-07-31,263.243
2014-07-30,259.031
2014-07-29,265.574
2014-07-28,266.961
2014-07-25,262.187
2014-07-24,263.021
2014-07-23,262.086
2014-07-22,267.046
2014-07-21,266.464
2014-07-18,260.584
2014-07-17,259.791
2014-07-16,256.428
2014-07-15,261.096
2014-07-14,260.821
2014-07-11,256.68
2014-07-10,276.857
2014-07-09,264.235
2014-07-08,262.714
2014-07-07,256.694
2014-07-04,255.171
2014-07-03,254.641
2014-07-02,253.583
2014-07-01,260.209
2014-06-30,258.095
2014-06-27,248.51
2014-06-26,245.949
2014-06-25,238.26
2014-06-24,233.906
2014-06-23,234.224
2014-06-20,230.18
2014-06-19,232.914
2014-06-18,233.466
2014-06-17,237.124
2014-06-16,236.511
2014-06-13,234.021
2014-06-12,233.986
2014-06-11,231.349
2014-06-10,232.989
2014-06-09,235.196
2014-06-06,239.809
2014-06-05,214.489
2014-06-04,210.207
2014-06-03,215.8
2014-06-02,216.842
2014-05-30,214.93
2014-05-29,221.168
2014-05-28,220.373
2014-05-27,223.997
2014-05-26,228.273
2014-05-23,227.729
2014-05-22,229.474
2014-05-21,226.726
2014-05-20,226.518
2014-05-19,222.12
2014-05-16,217.737
2014-05-15,215.978
2014-05-14,205.667
2014-05-13,208.109
2014-05-12,208.735
2014-05-09,207.534
2014-05-08,213.469
2014-05-07,215.837
2014-05-06,219.397
2014-05-05,219.724
2014-05-02,220.245
2014-04-30,246.602
2014-04-29,246.213
2014-04-28,246.396
2014-04-25,247.179
2014-04-24,245.554
2014-04-23,247.666
2014-04-22,250.243
2014-04-17,250.304
2014-04-16,253.673
2014-04-15,254.196
2014-04-14,251.978
2014-04-11,251.641
2014-04-10,249.857
2014-04-09,248.97
2014-04-08,253.112
2014-04-07,253.29
2014-04-04,254.954
2014-04-03,253.004
2014-04-02,252.36
2014-04-01,256.042
2014-03-31,258.412
2014-03-28,261.862
2014-03-27,263.42
2014-03-26,262.645
2014-03-25,262.945
2014-03-24,261.416
2014-03-21,259.838
2014-03-20,260.54
2014-03-19,263.095
2014-03-18,268.832
2014-03-17,270.756
2014-03-14,272.513
2014-03-13,268.737
2014-03-12,264.685
2014-03-11,259.45
2014-03-10,261.44
2014-03-07,256.178
2014-03-06,260.145
2014-03-05,264.547
2014-03-04,267.544
2014-03-03,271.189
2014-02-28,266.842
2014-02-27,273.732
2014-02-26,273.109
2014-02-25,274.194
2014-02-24,277.278
2014-02-21,280.984
2014-02-20,281.761
2014-02-19,284.145
2014-02-18,286.199
2014-02-17,285.559
2014-02-14,287.806
2014-02-13,291.152
2014-02-12,288.679
2014-02-11,292.937
2014-02-10,296.216
2014-02-07,301.237
2014-02-06,273.723
2014-02-05,281.372
2014-02-04,289.042
2014-01-31,280.754
2014-01-30,276.484
2014-01-29,270.862
2014-01-28,272.401
2014-01-27,270.008
2014-01-24,260.46
2014-01-23,245.945
2014-01-22,234.214
2014-01-21,239.752
2014-01-20,241.448
2014-01-17,238.666
2014-01-16,238.01
2014-01-15,234.412
2014-01-14,259.142
2014-01-13,257.437
2014-01-10,257.233
2014-01-09,253.979
2014-01-08,248.3
2014-01-07,255.918
2014-01-06,256.799
2014-01-03,258.705
2014-01-02,261.748
2013-12-31,262.97
2013-12-30,264.059
2013-12-27,264.233
2013-12-24,269.239
2013-12-23,267.99
2013-12-20,271.435
2013-12-19,279.256
2013-12-18,280.347
2013-12-17,280.413
2013-12-16,284.101
2013-12-13,284.109
2013-12-12,284.494
2013-12-11,282.522
2013-12-10,287.622
2013-12-09,290.191
2013-12-06,290.945
2013-12-05,294.103
2013-12-04,293.254
2013-12-03,297.685
2013-12-02,296.878
2013-11-29,292.116
2013-11-28,294.582
2013-11-27,296.613
2013-11-26,300.116
2013-11-25,297.192
2013-11-22,302.928
2013-11-21,305.553
2013-11-20,301.329
2013-11-19,305.248
2013-11-18,307.679
2013-11-15,296.923
2013-11-14,303.406
2013-11-13,302.002
2013-11-12,294.971
2013-11-11,293.656
2013-11-08,291.522
2013-11-07,294.004
2013-11-06,288.532
2013-11-05,293.37
2013-11-04,296.865
2013-11-01,298.078
2013-10-31,298.213
2013-10-30,285.909
2013-10-29,298.138
2013-10-28,299.127
2013-10-25,300.578
2013-10-24,300.159
2013-10-23,300.691
2013-10-22,300.275
2013-10-21,300.762
2013-10-18,303.335
2013-10-17,305.473
2013-10-16,305.462
2013-10-15,309.066
2013-10-14,315.673
2013-10-11,306.095
2013-10-10,311.63
2013-10-09,315.822
2013-10-08,319.802
2013-10-07,322.008
2013-10-04,320.013
2013-10-03,326.689
2013-10-02,331.735
2013-10-01,336.132
2013-09-30,339.669
2013-09-27,332.876
2013-09-26,330.717
2013-09-25,332.712
2013-09-24,336.911
2013-09-23,333.345
2013-09-20,328.519
2013-09-19,328.306
2013-09-18,337.819
2013-09-17,338.329
2013-09-16,338.8
2013-09-13,339.445
2013-09-12,338.355
2013-09-11,331.74
2013-09-10,332.598
2013-09-09,336.372
2013-09-06,335.508
2013-09-05,329.015
2013-09-04,335.743
2013-09-03,338.25
2013-09-02,342.226
2013-08-30,342.126
2013-08-29,344.606
2013-08-28,344.256
2013-08-27,344.321
2013-08-26,334.774
2013-08-23,334.755
2013-08-22,340.523
2013-08-21,338.718
2013-08-20,337.736
2013-08-19,338.676
2013-08-16,335.016
2013-08-15,334.774
2013-08-14,335.17
2013-08-13,335.191
2013-08-12,334.026
2013-08-09,335.355
2013-08-08,336.617
2013-08-07,337.618
2013-08-06,337.603
2013-08-05,342.579
2013-08-02,346.612
2013-08-01,345.476
2013-07-31,348.161
2013-07-30,350.427
2013-07-29,352.48
2013-07-26,348.315
2013-07-25,350.797
2013-07-24,340.414
2013-07-23,349.955
2013-07-22,355.524
2013-07-19,363.375
2013-07-18,368.222
2013-07-17,368.978
2013-07-16,375.491
2013-07-15,376.476
2013-07-12,380.765
2013-07-11,379.586
2013-07-10,383.628
2013-07-09,392.04
2013-07-08,395.857
2013-07-05,398.62
2013-07-04,404.607
2013-07-03,404.927
2013-07-02,392.818
2013-07-01,391.201
2013-06-28,393.654
2013-06-27,400.948
2013-06-26,409.3
2013-06-25,414.078
2013-06-24,409.108
2013-06-21,383.018
2013-06-20,358.952
2013-06-19,352.222
2013-06-18,358.341
2013-06-17,362.182
2013-06-14,364.847
2013-06-13,372.819
2013-06-12,361.659
2013-06-11,351.461
2013-06-10,341.103
2013-06-07,337.938
2013-06-06,342.234
2013-06-05,338.438
2013-06-04,346.802
2013-06-03,347.557
2013-05-31,338.919
2013-05-30,330.6
2013-05-29,320.831
2013-05-28,319.457
2013-05-27,324.37
2013-05-24,324.453
2013-05-23,323.494
2013-05-22,317.813
2013-05-21,322.6
2013-05-20,323.349
2013-05-17,335.301
2013-05-16,336.822
2013-05-15,333.393
2013-05-14,332.342
2013-05-13,330.305
2013-05-10,325.827
2013-05-09,331.329
2013-05-08,327.674
2013-05-07,320.666
2013-05-06,332.231
2013-05-03,329.845
2013-05-02,338.964
2013-04-30,331.317
2013-04-29,341.39
2013-04-26,348.618
2013-04-25,350.464
2013-04-24,353.223
2013-04-23,359.61
2013-04-22,364.854
2013-04-19,363.806
2013-04-18,366.799
2013-04-17,361.659
2013-04-16,363.372
2013-04-15,363.092
2013-04-12,359.676
2013-04-11,357.291
2013-04-10,359.05
2013-04-09,371.922
2013-04-08,378.412
2013-04-05,382.291
2013-04-04,383.651
2013-04-03,381.427
2013-04-02,384.692
2013-03-28,377.895
2013-03-27,375.271
2013-03-26,371.881
2013-03-25,371.204
2013-03-22,370.706
2013-03-21,371.508
2013-03-20,368.563
2013-03-19,371.133
2013-03-18,372.334
2013-03-15,363.556
2013-03-14,362.546
2013-03-13,366.471
2013-03-12,365.657
2013-03-11,364.56
2013-03-08,365.521
2013-03-07,370.677
2013-03-06,378.45
2013-03-05,379.549
2013-03-04,386.641
2013-03-01,387.818
2013-02-28,378.042
2013-02-27,378.103
2013-02-26,378.058
2013-02-25,366.86
2013-02-22,366.077
2013-02-21,368.508
2013-02-20,360.687
2013-02-19,369.582
2013-02-18,370.349
2013-02-15,370.067
2013-02-14,372.766
2013-02-13,371.307
2013-02-12,383.774
2013-02-11,387.233
2013-02-08,387.248
2013-02-07,388.113
2013-02-06,384.462
2013-02-05,386.745
2013-02-04,388.216
2013-02-01,378.079
2013-01-31,378.33
2013-01-30,366.322
2013-01-29,357.193
2013-01-28,343.971
2013-01-25,345.783
2013-01-24,356.695
2013-01-23,348.387
2013-01-22,342.684
2013-01-21,336.523
2013-01-18,337.565
2013-01-17,333.805
2013-01-16,343.936
2013-01-15,342.148
2013-01-14,335.343
2013-01-11,334.257
2013-01-10,336.233
2013-01-09,345.77
2013-01-08,344.491
2013-01-07,341.226
2013-01-04,342.668
2013-01-03,353.616
2013-01-02,363.083
2012-12-31,375.225
2012-12-28,376.422
2012-12-27,374.386
2012-12-24,369.64
2012-12-21,371.469
2012-12-20,373.084
2012-12-19,376.168
2012-12-18,382.097
2012-12-17,389.746
2012-12-14,389.799
2012-12-13,396.872
2012-12-12,400.244
2012-12-11,408.315
2012-12-10,414.474
2012-12-07,406.252
2012-12-06,408.747
2012-12-05,404.467
2012-12-04,410.642
2012-12-03,413.167
2012-11-30,419.743
2012-11-29,421.448
2012-11-28,421.917
2012-11-27,423.156
2012-11-26,428.929
2012-11-23,429.972
2012-11-22,436.113
2012-11-21,440.212
2012-11-20,448.116
2012-11-19,450.883
2012-11-16,456.445
2012-11-15,456.228
2012-11-14,451.847
2012-11-13,451.973
2012-11-12,450.856
2012-11-09,451.392
2012-11-08,450.05
2012-11-07,448.716
2012-11-06,446.701
2012-11-05,452.057
2012-11-02,448.325
2012-11-01,450.082
2012-10-31,445.863
2012-10-30,447.916
2012-10-29,452.017
2012-10-26,446.302
2012-10-25,441.784
2012-10-24,444.452
2012-10-23,443.97
2012-10-22,439.604
2012-10-19,438.822
2012-10-18,435.43
2012-10-17,435.747
2012-10-16,451.324
2012-10-15,459.299
2012-10-12,464.694
2012-10-11,469.92
2012-10-10,471.997
2012-10-09,466.815
2012-10-08,466.927
2012-10-05,464.753
2012-10-04,471.155
2012-10-03,475.139
2012-10-02,480.847
2012-10-01,484.777
2012-09-28,482.092
2012-09-27,484.512
2012-09-26,483.16
2012-09-25,470.084
2012-09-24,471.021
2012-09-21,465.829
2012-09-20,465.678
2012-09-19,452.671
2012-09-18,451.303
2012-09-17,446.656
2012-09-14,447.377
2012-09-13,464.105
2012-09-12,465.555
2012-09-11,472.644
2012-09-10,470.215
2012-09-07,467.695
2012-09-06,482.381
2012-09-05,494.294
2012-09-04,496.807
2012-09-03,502.469
2012-08-31,501.928
2012-08-30,503.228
2012-08-29,499.431
2012-08-28,498.663
2012-08-27,498.807
2012-08-24,498.259
2012-08-23,496.658
2012-08-22,486.845
2012-08-21,489.236
2012-08-20,493.281
2012-08-17,493.976
2012-08-16,494.466
2012-08-15,495.723
2012-08-14,502.189
2012-08-13,505.492
2012-08-10,499.532
2012-08-09,499.754
2012-08-08,499.735
2012-08-07,501.027
2012-08-06,513.827
2012-08-03,521.77
2012-08-02,535.732
2012-08-01,534.519
2012-07-31,546.15
2012-07-30,549.768
2012-07-27,557.312
2012-07-26,567.579
2012-07-25,567.131
2012-07-24,568.716
2012-07-23,567.018
2012-07-20,551.774
2012-07-19,548.421
2012-07-18,550.668
2012-07-17,556.366
2012-07-16,557.978
2012-07-13,549.937
2012-07-12,547.948
2012-07-11,544.459
2012-07-10,545.084
2012-07-09,547.427
2012-07-06,547.994
2012-07-05,546.553
2012-07-04,542.631
2012-07-03,546.41
2012-07-02,556.04
2012-06-29,558.221
2012-06-28,573.168
2012-06-27,568.636
2012-06-26,574.896
2012-06-25,575.422
2012-06-22,571.991
2012-06-21,574.241
2012-06-20,574.637
2012-06-19,586.358
2012-06-18,593.113
2012-06-15,593.932
2012-06-14,591.036
2012-06-13,590.687
2012-06-12,588.328
2012-06-11,591.691
2012-06-08,600.078
2012-06-07,597.32
2012-06-06,609.629
2012-06-05,608.486
2012-06-04,609.635
2012-06-01,620.221
2012-05-31,593.242
2012-05-30,593.163
2012-05-29,584.224
2012-05-28,590.313
2012-05-25,590.049
2012-05-24,589.367
2012-05-23,580.97
2012-05-22,573.328
2012-05-21,576.436
2012-05-18,572.058
2012-05-17,557.136
2012-05-16,553.962
2012-05-15,542.999
2012-05-14,535.876
2012-05-11,526.099
2012-05-10,527.021
2012-05-09,526.864
2012-05-08,517.488
2012-05-07,514.841
2012-05-04,520.149
2012-05-03,520.727
2012-05-02,523.75
2012-05-01,524.278
2012-04-30,512.374
2012-04-27,512.24
2012-04-26,513.964
2012-04-25,515.221
2012-04-24,519.867
2012-04-23,526.154
2012-04-20,522.738
2012-04-19,524.633
2012-04-18,525.622
2012-04-17,525.226
2012-04-16,526.495
2012-04-13,522.132
2012-04-12,521.056
2012-04-11,527.912
2012-04-10,527.965
2012-04-09,500.188
2012-04-06,499.4
2012-04-05,501.817
2012-04-04,489.806
2012-04-03,483.895
2012-04-02,487.053
2012-03-30,489.044
2012-03-29,491.423
2012-03-28,482.272
2012-03-27,480.298
2012-03-26,481.978
2012-03-23,486.407
2012-03-22,481.231
2012-03-21,467.884
2012-03-20,463.044
2012-03-19,457.266
2012-03-16,459.964
2012-03-15,465.251
2012-03-14,473.603
2012-03-13,482.974
2012-03-12,491.478
2012-03-09,487.617
2012-03-08,495.03
2012-03-07,505.612
2012-03-06,505.348
2012-03-05,488.528
2012-03-02,471.221
2012-03-01,473.481
2012-02-29,449.099
2012-02-28,464.347
2012-02-27,470.82
2012-02-24,466.771
2012-02-23,477.788
2012-02-22,475.807
2012-02-21,477.814
2012-02-20,481.803
2012-02-17,483.576
2012-02-16,496.631
2012-02-15,495.944
2012-02-14,491.732
2012-02-13,494.132
2012-02-10,498.015
2012-02-09,489.883
2012-02-08,487.834
2012-02-07,493.223
2012-02-06,491.411
2012-02-03,491.85
2012-02-02,507.824
2012-02-01,514.78
2012-01-31,522.751
2012-01-30,522.024
2012-01-27,514.741
2012-01-26,516.034
2012-01-25,519.52
2012-01-24,521.494
2012-01-23,529.069
2012-01-20,542.195
2012-01-19,545.58
2012-01-18,557.347
2012-01-17,569.96
2012-01-16,582.716
2012-01-13,583.826
2012-01-12,580.3
2012-01-11,579.63
2012-01-10,584.407
2012-01-09,589.336
2012-01-06,603.04
2012-01-05,601.297
2012-01-04,598.793
2012-01-03,601.606
