Date,EU IG OAS
2022-10-31,121.777
2022-10-28,125.926
2022-10-27,127.876
2022-10-26,129.098
2022-10-25,130.468
2022-10-24,129.479
2022-10-21,128.434
2022-10-20,123.583
2022-10-19,123.324
2022-10-18,119.796
2022-10-17,117.694
2022-10-14,117.299
2022-10-13,117.404
2022-10-12,110.808
2022-10-11,106.776
2022-10-10,105.122
2022-10-07,104.118
2022-10-06,104.891
2022-10-05,111.667
2022-10-04,110.66
2022-10-03,115.142
2022-09-30,111.011
2022-09-29,110.349
2022-09-28,103.102
2022-09-27,95.6
2022-09-26,95.831
2022-09-23,97.142
2022-09-22,100.379
2022-09-21,99.159
2022-09-20,101.478
2022-09-19,100.833
2022-09-16,100.761
2022-09-15,96.025
2022-09-14,92.847
2022-09-13,92.444
2022-09-12,95.137
2022-09-09,95.897
2022-09-08,100.864
2022-09-07,98.714
2022-09-06,95.333
2022-09-05,94.333
2022-09-02,98.534
2022-09-01,100.459
2022-08-31,96.132
2022-08-30,90.69
2022-08-29,86.296
2022-08-26,86.13
2022-08-25,89.858
2022-08-24,89.489
2022-08-23,91.553
2022-08-22,90.433
2022-08-19,90.52
2022-08-18,89.749
2022-08-17,88.651
2022-08-16,84.435
2022-08-15,82.929
2022-08-12,83.715
2022-08-11,82.65
2022-08-10,84.565
2022-08-09,85.104
2022-08-08,86.347
2022-08-05,86.159
2022-08-04,88.611
2022-08-03,89.777
2022-08-02,88.964
2022-08-01,88.875
2022-07-29,92.328
2022-07-28,93.344
2022-07-27,97.864
2022-07-26,97.913
2022-07-25,96.571
2022-07-22,98.371
2022-07-21,103.898
2022-07-20,105.604
2022-07-19,111.956
2022-07-18,114.4
2022-07-15,114.915
2022-07-14,116.079
2022-07-13,117.696
2022-07-12,113.232
2022-07-11,113.749
2022-07-08,116.932
2022-07-07,122.872
2022-07-06,126.493
2022-07-05,126.682
2022-07-04,130.024
2022-07-01,132.0
2022-06-30,130.598
2022-06-29,123.995
2022-06-28,121.071
2022-06-27,119.598
2022-06-24,120.624
2022-06-23,119.446
2022-06-22,114.851
2022-06-21,112.348
2022-06-20,113.897
2022-06-17,114.893
2022-06-16,112.444
2022-06-15,106.743
2022-06-14,99.591
2022-06-13,102.928
2022-06-10,96.969
2022-06-09,89.676
2022-06-08,88.217
2022-06-07,87.259
2022-06-06,86.302
2022-06-03,86.283
2022-06-02,87.867
2022-06-01,89.114
2022-05-31,90.076
2022-05-30,90.507
2022-05-27,90.175
2022-05-26,92.896
2022-05-25,94.673
2022-05-24,96.514
2022-05-23,94.84
2022-05-20,94.244
2022-05-19,92.353
2022-05-18,90.371
2022-05-17,89.958
2022-05-16,90.004
2022-05-13,89.919
2022-05-12,88.154
2022-05-11,85.563
2022-05-10,81.795
2022-05-09,80.619
2022-05-06,75.67
2022-05-05,73.423
2022-05-04,72.309
2022-05-03,70.693
2022-05-02,69.022
2022-04-29,70.415
2022-04-28,70.539
2022-04-27,72.816
2022-04-26,68.683
2022-04-25,66.572
2022-04-22,64.722
2022-04-21,63.195
2022-04-20,62.22
2022-04-19,58.841
2022-04-14,56.792
2022-04-13,59.179
2022-04-12,59.526
2022-04-11,59.639
2022-04-08,57.099
2022-04-07,59.611
2022-04-06,59.336
2022-04-05,58.735
2022-04-04,59.146
2022-04-01,61.68
2022-03-31,62.599
2022-03-30,60.801
2022-03-29,63.104
2022-03-28,69.239
2022-03-25,70.385
2022-03-24,71.458
2022-03-23,73.941
2022-03-22,73.398
2022-03-21,74.018
2022-03-18,75.319
2022-03-17,77.763
2022-03-16,76.671
2022-03-15,75.883
2022-03-14,78.32
2022-03-11,77.697
2022-03-10,79.068
2022-03-09,81.135
2022-03-08,78.567
2022-03-07,75.796
2022-03-04,65.452
2022-03-03,67.548
2022-03-02,71.204
2022-03-01,66.841
2022-02-28,74.866
2022-02-25,70.916
2022-02-24,73.822
2022-02-23,65.401
2022-02-22,66.767
2022-02-21,61.648
2022-02-18,59.874
2022-02-17,60.102
2022-02-16,60.799
2022-02-15,59.745
2022-02-14,56.398
2022-02-11,55.225
2022-02-10,52.651
2022-02-09,57.685
2022-02-08,60.773
2022-02-07,64.49
2022-02-04,59.96
2022-02-03,52.089
2022-02-02,50.64
2022-02-01,52.125
2022-01-31,51.604
2022-01-28,49.657
2022-01-27,48.764
2022-01-26,46.965
2022-01-25,47.585
2022-01-24,46.37
2022-01-21,46.647
2022-01-20,47.962
2022-01-19,48.724
2022-01-18,48.089
2022-01-17,48.011
2022-01-14,46.62
2022-01-13,46.396
2022-01-12,47.68
2022-01-11,45.372
2022-01-10,45.127
2022-01-07,44.616
2022-01-06,43.657
2022-01-05,42.774
2022-01-04,42.939
2022-01-03,43.369
2021-12-31,41.439
2021-12-30,41.496
2021-12-29,40.434
2021-12-28,40.59
2021-12-27,40.388
2021-12-24,39.183
2021-12-23,38.613
2021-12-22,38.347
2021-12-21,38.237
2021-12-20,36.588
2021-12-17,37.469
2021-12-16,39.444
2021-12-15,40.017
2021-12-14,39.199
2021-12-13,37.703
2021-12-10,39.005
2021-12-09,37.085
2021-12-08,40.702
2021-12-07,37.634
2021-12-06,38.75
2021-12-03,39.411
2021-12-02,40.688
2021-12-01,43.101
2021-11-30,47.282
2021-11-29,48.236
2021-11-26,45.631
2021-11-25,42.157
2021-11-24,41.489
2021-11-23,39.018
2021-11-22,38.551
2021-11-19,35.484
2021-11-18,37.709
2021-11-17,38.807
2021-11-16,35.843
2021-11-15,36.529
2021-11-12,28.288
2021-11-11,31.698
2021-11-10,34.122
2021-11-09,30.786
2021-11-08,34.138
2021-11-05,32.201
2021-11-04,30.733
2021-11-03,36.98
2021-11-02,35.485
2021-11-01,35.926
2021-10-29,37.745
2021-10-28,38.137
2021-10-27,36.616
2021-10-26,37.125
2021-10-25,36.192
2021-10-22,38.381
2021-10-21,39.384
2021-10-20,35.915
2021-10-19,40.146
2021-10-18,37.703
2021-10-15,37.089
2021-10-14,33.555
2021-10-13,36.676
2021-10-12,38.797
2021-10-11,35.877
2021-10-08,34.893
2021-10-07,34.051
2021-10-06,34.019
2021-10-05,34.994
2021-10-04,33.078
2021-10-01,32.293
2021-09-30,32.328
2021-09-29,32.247
2021-09-28,32.975
2021-09-27,31.652
2021-09-24,31.851
2021-09-23,32.451
2021-09-22,29.222
2021-09-21,29.044
2021-09-20,28.499
2021-09-17,30.365
2021-09-16,29.906
2021-09-15,30.697
2021-09-14,29.458
2021-09-13,29.718
2021-09-10,30.14
2021-09-09,29.548
2021-09-08,30.884
2021-09-07,30.733
2021-09-06,28.855
2021-09-03,29.01
2021-09-02,27.513
2021-09-01,28.134
2021-08-31,27.737
2021-08-30,25.377
2021-08-27,25.883
2021-08-26,26.226
2021-08-25,25.156
2021-08-24,23.056
2021-08-23,22.599
2021-08-20,21.702
2021-08-19,22.092
2021-08-18,22.021
2021-08-17,22.886
2021-08-16,22.909
2021-08-13,23.224
2021-08-12,22.753
2021-08-11,22.747
2021-08-10,22.787
2021-08-09,22.406
2021-08-06,21.729
2021-08-05,19.201
2021-08-04,19.126
2021-08-03,20.349
2021-08-02,20.445
2021-07-30,21.317
2021-07-29,21.859
2021-07-28,21.939
2021-07-27,23.226
2021-07-26,24.49
2021-07-23,24.865
2021-07-22,25.248
2021-07-21,26.035
2021-07-20,26.328
2021-07-19,28.138
2021-07-16,28.749
2021-07-15,29.652
2021-07-14,30.0
2021-07-13,31.123
2021-07-12,31.484
2021-07-09,31.682
2021-07-08,31.358
2021-07-07,31.868
2021-07-06,32.902
2021-07-05,34.723
2021-07-02,34.246
2021-07-01,34.394
2021-06-30,34.635
2021-06-29,35.707
2021-06-28,35.547
2021-06-25,36.592
2021-06-24,35.964
2021-06-23,36.408
2021-06-22,37.184
2021-06-21,36.372
2021-06-18,34.804
2021-06-17,34.919
2021-06-16,33.684
2021-06-15,34.206
2021-06-14,33.644
2021-06-11,33.58
2021-06-10,34.454
2021-06-09,35.193
2021-06-08,36.154
2021-06-07,37.101
2021-06-04,36.75
2021-06-03,37.458
2021-06-02,37.94
2021-06-01,39.199
2021-05-31,39.095
2021-05-28,39.012
2021-05-27,39.441
2021-05-26,39.051
2021-05-25,40.069
2021-05-24,41.369
2021-05-21,41.765
2021-05-20,42.379
2021-05-19,41.665
2021-05-18,40.909
2021-05-17,40.924
2021-05-14,40.502
2021-05-13,40.824
2021-05-12,39.34
2021-05-11,37.624
2021-05-10,35.131
2021-05-07,35.438
2021-05-06,35.552
2021-05-05,35.533
2021-05-04,35.829
2021-05-03,36.457
2021-04-30,36.841
2021-04-29,37.206
2021-04-28,36.778
2021-04-27,36.149
2021-04-26,36.372
2021-04-23,36.084
2021-04-22,36.648
2021-04-21,36.441
2021-04-20,36.65
2021-04-19,37.206
2021-04-16,36.929
2021-04-15,36.732
2021-04-14,37.356
2021-04-13,36.723
2021-04-12,36.321
2021-04-09,36.579
2021-04-08,34.278
2021-04-07,34.881
2021-04-06,35.483
2021-04-01,36.416
2021-03-31,39.264
2021-03-30,40.836
2021-03-29,39.283
2021-03-26,38.206
2021-03-25,37.36
2021-03-24,38.235
2021-03-23,38.478
2021-03-22,39.299
2021-03-19,39.693
2021-03-18,40.768
2021-03-17,40.105
2021-03-16,38.78
2021-03-15,38.371
2021-03-12,39.166
2021-03-11,38.782
2021-03-10,40.17
2021-03-09,39.9
2021-03-08,40.11
2021-03-05,39.423
2021-03-04,37.969
2021-03-03,39.088
2021-03-02,37.614
2021-03-01,38.749
2021-02-26,42.093
2021-02-25,40.012
2021-02-24,37.915
2021-02-23,37.452
2021-02-22,36.421
2021-02-19,37.024
2021-02-18,36.213
2021-02-17,35.253
2021-02-16,35.806
2021-02-15,35.153
2021-02-12,33.35
2021-02-11,32.276
2021-02-10,33.163
2021-02-09,33.286
2021-02-08,33.452
2021-02-05,33.562
2021-02-04,33.844
2021-02-03,33.114
2021-02-02,33.115
2021-02-01,33.175
2021-01-29,32.718
2021-01-28,32.05
2021-01-27,28.902
2021-01-26,28.697
2021-01-25,27.852
2021-01-22,29.462
2021-01-21,29.866
2021-01-20,29.063
2021-01-19,29.894
2021-01-18,29.941
2021-01-15,28.648
2021-01-14,27.839
2021-01-13,31.768
2021-01-12,31.218
2021-01-11,29.231
2021-01-08,28.367
2021-01-07,28.215
2021-01-06,29.656
2021-01-05,29.512
2021-01-04,29.02
2020-12-31,30.238
2020-12-30,30.565
2020-12-29,29.993
2020-12-28,31.103
2020-12-24,31.802
2020-12-23,31.841
2020-12-22,29.03
2020-12-21,29.752
2020-12-18,29.878
2020-12-17,30.508
2020-12-16,30.26
2020-12-15,27.729
2020-12-14,26.819
2020-12-11,26.471
2020-12-10,36.785
2020-12-09,33.689
2020-12-08,40.263
2020-12-07,24.504
2020-12-04,26.879
2020-12-03,27.62
2020-12-02,31.288
2020-12-01,31.195
2020-11-30,29.082
2020-11-27,28.086
2020-11-26,28.356
2020-11-25,31.169
2020-11-24,31.644
2020-11-23,31.835
2020-11-20,32.527
2020-11-19,33.716
2020-11-18,34.128
2020-11-17,34.323
2020-11-16,35.423
2020-11-13,36.452
2020-11-12,38.053
2020-11-11,39.866
2020-11-10,41.806
2020-11-09,40.433
2020-11-06,41.68
2020-11-05,40.747
2020-11-04,43.227
2020-11-03,44.314
2020-11-02,44.261
2020-10-30,45.106
2020-10-29,43.281
2020-10-28,43.913
2020-10-27,44.133
2020-10-26,45.754
2020-10-23,45.494
2020-10-22,44.988
2020-10-21,44.174
2020-10-20,43.667
2020-10-19,43.711
2020-10-16,44.982
2020-10-15,45.887
2020-10-14,47.642
2020-10-13,48.946
2020-10-12,49.963
2020-10-09,51.442
2020-10-08,52.205
2020-10-07,55.015
2020-10-06,54.691
2020-10-05,56.668
2020-10-02,56.88
2020-10-01,56.605
2020-09-30,58.177
2020-09-29,57.74
2020-09-28,59.157
2020-09-25,59.163
2020-09-24,59.053
2020-09-23,57.234
2020-09-22,56.957
2020-09-21,54.461
2020-09-18,55.768
2020-09-17,55.902
2020-09-16,56.889
2020-09-15,56.938
2020-09-14,56.696
2020-09-11,57.049
2020-09-10,59.547
2020-09-09,57.727
2020-09-08,56.268
2020-09-07,57.097
2020-09-04,56.309
2020-09-03,55.429
2020-09-02,57.676
2020-09-01,61.799
2020-08-31,63.452
2020-08-28,61.642
2020-08-27,60.667
2020-08-26,60.878
2020-08-25,59.731
2020-08-24,57.207
2020-08-21,56.743
2020-08-20,57.448
2020-08-19,58.364
2020-08-18,59.519
2020-08-17,59.929
2020-08-14,61.031
2020-08-13,61.152
2020-08-12,60.097
2020-08-11,59.61
2020-08-10,59.715
2020-08-07,62.396
2020-08-06,61.736
2020-08-05,63.843
2020-08-04,63.018
2020-08-03,64.623
2020-07-31,63.816
2020-07-30,63.202
2020-07-29,64.435
2020-07-28,64.229
2020-07-27,65.577
2020-07-24,68.085
2020-07-23,66.945
2020-07-22,67.208
2020-07-21,71.099
2020-07-20,74.352
2020-07-17,76.81
2020-07-16,77.439
2020-07-15,80.273
2020-07-14,83.564
2020-07-13,84.168
2020-07-10,82.389
2020-07-09,83.007
2020-07-08,84.784
2020-07-07,85.391
2020-07-06,84.899
2020-07-03,86.589
2020-07-02,87.882
2020-07-01,90.909
2020-06-30,88.72
2020-06-29,88.343
2020-06-26,86.703
2020-06-25,86.84
2020-06-24,87.771
2020-06-23,87.739
2020-06-22,85.912
2020-06-19,85.577
2020-06-18,85.711
2020-06-17,82.863
2020-06-16,82.155
2020-06-15,88.713
2020-06-12,87.592
2020-06-11,88.771
2020-06-10,86.457
2020-06-09,84.671
2020-06-08,82.597
2020-06-05,88.286
2020-06-04,98.574
2020-06-03,105.387
2020-06-02,109.692
2020-06-01,113.288
2020-05-29,112.74
2020-05-28,114.038
2020-05-27,117.421
2020-05-26,122.721
2020-05-25,125.08
2020-05-22,125.8
2020-05-21,125.976
2020-05-20,130.745
2020-05-19,133.892
2020-05-18,135.427
2020-05-15,131.826
2020-05-14,130.882
2020-05-13,128.016
2020-05-12,127.784
2020-05-11,125.246
2020-05-08,122.03
2020-05-07,123.557
2020-05-06,123.612
2020-05-05,118.876
2020-05-04,119.843
2020-04-30,117.341
2020-04-29,122.663
2020-04-28,124.157
2020-04-27,126.723
2020-04-24,130.532
2020-04-23,135.665
2020-04-22,139.617
2020-04-21,139.281
2020-04-20,140.536
2020-04-17,140.393
2020-04-16,142.085
2020-04-15,140.22
2020-04-14,145.778
2020-04-09,158.619
2020-04-08,172.399
2020-04-07,175.014
2020-04-06,176.324
2020-04-03,177.14
2020-04-02,180.799
2020-04-01,179.453
2020-03-31,176.998
2020-03-30,177.97
2020-03-27,179.712
2020-03-26,186.863
2020-03-25,189.587
2020-03-24,187.628
2020-03-23,181.183
2020-03-20,173.691
2020-03-19,173.398
2020-03-18,164.549
2020-03-17,132.837
2020-03-16,117.524
2020-03-13,102.119
2020-03-12,87.867
2020-03-11,75.992
2020-03-10,72.363
2020-03-09,68.493
2020-03-06,52.319
2020-03-05,48.364
2020-03-04,49.968
2020-03-03,51.696
2020-03-02,51.754
2020-02-28,49.737
2020-02-27,44.07
2020-02-26,42.842
2020-02-25,40.958
2020-02-24,40.2
2020-02-21,39.886
2020-02-20,39.798
2020-02-19,40.635
2020-02-18,41.217
2020-02-17,41.133
2020-02-14,41.518
2020-02-13,42.604
2020-02-12,42.678
2020-02-11,42.136
2020-02-10,42.087
2020-02-07,42.109
2020-02-06,42.202
2020-02-05,42.289
2020-02-04,41.938
2020-02-03,41.186
2020-01-31,41.402
2020-01-30,42.429
2020-01-29,42.855
2020-01-28,44.269
2020-01-27,43.166
2020-01-24,42.751
2020-01-23,43.651
2020-01-22,45.216
2020-01-21,46.201
2020-01-20,46.941
2020-01-17,47.705
2020-01-16,48.395
2020-01-15,49.393
2020-01-14,50.064
2020-01-13,50.318
2020-01-10,49.618
2020-01-09,50.516
2020-01-08,49.156
2020-01-07,47.296
2020-01-06,46.585
2020-01-03,46.856
2020-01-02,47.712
2019-12-31,48.105
2019-12-30,48.077
2019-12-27,46.143
2019-12-24,45.987
2019-12-23,46.392
2019-12-20,46.684
2019-12-19,47.73
2019-12-18,47.18
2019-12-17,47.044
2019-12-16,48.423
2019-12-13,50.077
2019-12-12,51.74
2019-12-11,50.786
2019-12-10,51.461
2019-12-09,51.798
2019-12-06,53.482
2019-12-05,52.876
2019-12-04,53.062
2019-12-03,52.851
2019-12-02,54.636
2019-11-29,53.218
2019-11-28,53.641
2019-11-27,53.355
2019-11-26,53.655
2019-11-25,55.028
2019-11-22,55.498
2019-11-21,56.166
2019-11-20,54.847
2019-11-19,53.379
2019-11-18,52.584
2019-11-15,52.119
2019-11-14,50.732
2019-11-13,51.556
2019-11-12,52.298
2019-11-11,52.182
2019-11-08,50.976
2019-11-07,51.184
2019-11-06,49.754
2019-11-05,49.696
2019-11-04,49.657
2019-11-01,50.469
2019-10-31,49.628
2019-10-30,51.704
2019-10-29,51.962
2019-10-28,51.864
2019-10-25,51.925
2019-10-24,52.204
2019-10-23,54.066
2019-10-22,54.32
2019-10-21,54.643
2019-10-18,54.858
2019-10-17,55.074
2019-10-16,55.887
2019-10-15,55.907
2019-10-14,56.281
2019-10-11,55.808
2019-10-10,57.297
2019-10-09,53.702
2019-10-08,52.288
2019-10-07,52.84
2019-10-04,51.115
2019-10-03,51.304
2019-10-02,51.96
2019-10-01,49.465
2019-09-30,50.941
2019-09-27,51.633
2019-09-26,52.59
2019-09-25,53.587
2019-09-24,53.433
2019-09-23,53.932
2019-09-20,54.89
2019-09-19,55.389
2019-09-18,54.642
2019-09-17,53.927
2019-09-16,51.714
2019-09-13,52.356
2019-09-12,53.054
2019-09-11,52.557
2019-09-10,51.94
2019-09-09,49.44
2019-09-06,47.481
2019-09-05,45.917
2019-09-04,44.671
2019-09-03,43.165
2019-09-02,41.241
2019-08-30,40.046
2019-08-29,40.842
2019-08-28,40.716
2019-08-27,42.38
2019-08-26,41.127
2019-08-23,40.961
2019-08-22,40.749
2019-08-21,41.082
2019-08-20,41.369
2019-08-19,42.467
2019-08-16,43.743
2019-08-15,44.787
2019-08-14,44.189
2019-08-13,43.556
2019-08-12,43.228
2019-08-09,44.085
2019-08-08,44.155
2019-08-07,44.598
2019-08-06,46.623
2019-08-05,47.134
2019-08-02,44.68
2019-08-01,43.379
2019-07-31,41.04
2019-07-30,41.618
2019-07-29,40.859
2019-07-26,42.174
2019-07-25,43.991
2019-07-24,44.763
2019-07-23,45.755
2019-07-22,47.079
2019-07-19,48.151
2019-07-18,50.12
2019-07-17,50.154
2019-07-16,51.379
2019-07-15,50.83
2019-07-12,51.925
2019-07-11,51.933
2019-07-10,52.961
2019-07-09,52.473
2019-07-08,52.636
2019-07-05,52.238
2019-07-04,51.104
2019-07-03,52.549
2019-07-02,52.927
2019-07-01,53.307
2019-06-28,55.289
2019-06-27,55.984
2019-06-26,55.953
2019-06-25,54.445
2019-06-24,54.576
2019-06-21,55.45
2019-06-20,55.874
2019-06-19,60.4
2019-06-18,61.396
2019-06-17,66.022
2019-06-14,66.479
2019-06-13,66.889
2019-06-12,66.336
2019-06-11,66.592
2019-06-10,67.774
2019-06-07,69.579
2019-06-06,69.114
2019-06-05,69.087
2019-06-04,71.193
2019-06-03,71.742
2019-05-31,69.501
2019-05-30,69.327
2019-05-29,69.154
2019-05-28,68.361
2019-05-27,67.797
2019-05-24,68.544
2019-05-23,68.485
2019-05-22,66.013
2019-05-21,65.171
2019-05-20,63.305
2019-05-17,62.895
2019-05-16,62.424
2019-05-15,63.239
2019-05-14,63.54
2019-05-13,62.176
2019-05-10,59.75
2019-05-09,59.098
2019-05-08,56.831
2019-05-07,54.848
2019-05-06,53.827
2019-05-03,53.843
2019-05-02,53.155
2019-04-30,54.14
2019-04-29,54.784
2019-04-26,55.202
2019-04-25,55.876
2019-04-24,57.246
2019-04-23,58.995
2019-04-18,60.129
2019-04-17,60.41
2019-04-16,61.138
2019-04-15,62.696
2019-04-12,64.108
2019-04-11,64.742
2019-04-10,65.353
2019-04-09,65.17
2019-04-08,65.434
2019-04-05,65.74
2019-04-04,64.524
2019-04-03,64.259
2019-04-02,63.66
2019-04-01,65.412
2019-03-29,66.56
2019-03-28,68.663
2019-03-27,69.104
2019-03-26,70.086
2019-03-25,70.497
2019-03-22,68.629
2019-03-21,68.755
2019-03-20,70.069
2019-03-19,69.193
2019-03-18,71.366
2019-03-15,72.212
2019-03-14,73.22
2019-03-13,75.018
2019-03-12,76.769
2019-03-11,78.509
2019-03-08,79.915
2019-03-07,77.146
2019-03-06,76.722
2019-03-05,75.623
2019-03-04,74.795
2019-03-01,76.021
2019-02-28,76.011
2019-02-27,76.908
2019-02-26,78.414
2019-02-25,78.748
2019-02-22,79.314
2019-02-21,78.977
2019-02-20,78.784
2019-02-19,78.304
2019-02-18,78.415
2019-02-15,79.797
2019-02-14,80.519
2019-02-13,81.087
2019-02-12,82.44
2019-02-11,82.763
2019-02-08,82.52
2019-02-07,81.026
2019-02-06,81.352
2019-02-05,83.747
2019-02-04,86.4
2019-02-01,87.566
2019-01-31,87.831
2019-01-30,90.101
2019-01-29,91.103
2019-01-28,90.509
2019-01-25,90.258
2019-01-24,92.38
2019-01-23,92.853
2019-01-22,92.868
2019-01-21,93.021
2019-01-18,94.322
2019-01-17,96.932
2019-01-16,97.194
2019-01-15,98.791
2019-01-14,100.423
2019-01-11,100.183
2019-01-10,100.581
2019-01-09,100.868
2019-01-08,102.497
2019-01-07,101.811
2019-01-04,99.118
2019-01-03,96.751
2019-01-02,95.135
2018-12-31,93.719
2018-12-28,93.677
2018-12-27,92.322
2018-12-24,92.585
2018-12-21,92.658
2018-12-20,91.65
2018-12-19,90.839
2018-12-18,90.363
2018-12-17,89.198
2018-12-14,88.949
2018-12-13,91.152
2018-12-12,93.485
2018-12-11,93.317
2018-12-10,94.783
2018-12-07,93.743
2018-12-06,89.669
2018-12-05,89.585
2018-12-04,88.856
2018-12-03,87.157
2018-11-30,87.514
2018-11-29,85.972
2018-11-28,85.162
2018-11-27,84.585
2018-11-26,84.127
2018-11-23,83.973
2018-11-22,84.892
2018-11-21,85.315
2018-11-20,84.115
2018-11-19,79.902
2018-11-16,76.038
2018-11-15,73.487
2018-11-14,71.36
2018-11-13,69.805
2018-11-12,67.05
2018-11-09,65.312
2018-11-08,66.303
2018-11-07,66.28
2018-11-06,67.146
2018-11-05,67.211
2018-11-02,65.991
2018-11-01,66.659
2018-10-31,66.868
2018-10-30,66.38
2018-10-29,66.099
2018-10-26,64.571
2018-10-25,63.716
2018-10-24,62.25
2018-10-23,61.524
2018-10-22,61.089
2018-10-19,62.193
2018-10-18,58.445
2018-10-17,59.875
2018-10-16,60.083
2018-10-15,58.827
2018-10-12,58.871
2018-10-11,59.524
2018-10-10,58.836
2018-10-09,59.275
2018-10-08,57.491
2018-10-05,59.322
2018-10-04,57.737
2018-10-03,56.491
2018-10-02,55.692
2018-10-01,56.458
2018-09-28,58.184
2018-09-27,59.322
2018-09-26,59.938
2018-09-25,59.306
2018-09-24,58.823
2018-09-21,58.632
2018-09-20,59.353
2018-09-19,60.622
2018-09-18,61.869
2018-09-17,61.786
2018-09-14,62.826
2018-09-13,62.742
2018-09-12,63.079
2018-09-11,64.292
2018-09-10,64.168
2018-09-07,63.23
2018-09-06,63.503
2018-09-05,64.172
2018-09-04,62.429
2018-09-03,60.508
2018-08-31,59.234
2018-08-30,58.239
2018-08-29,59.833
2018-08-28,58.754
2018-08-27,57.974
2018-08-24,57.037
2018-08-23,56.263
2018-08-22,55.767
2018-08-21,54.415
2018-08-20,53.166
2018-08-17,52.639
2018-08-16,53.528
2018-08-15,52.056
2018-08-14,51.988
2018-08-13,51.429
2018-08-10,50.385
2018-08-09,50.358
2018-08-08,50.889
2018-08-07,51.58
2018-08-06,51.848
2018-08-03,52.236
2018-08-02,53.463
2018-08-01,53.98
2018-07-31,53.846
2018-07-30,54.54
2018-07-27,54.189
2018-07-26,54.653
2018-07-25,56.939
2018-07-24,56.914
2018-07-23,57.651
2018-07-20,56.789
2018-07-19,56.21
2018-07-18,55.594
2018-07-17,55.901
2018-07-16,56.317
2018-07-13,55.857
2018-07-12,57.031
2018-07-11,58.365
2018-07-10,57.606
2018-07-09,58.854
2018-07-06,59.294
2018-07-05,59.734
2018-07-04,59.329
2018-07-03,59.86
2018-07-02,59.598
2018-06-29,59.309
2018-06-28,59.646
2018-06-27,57.507
2018-06-26,56.028
2018-06-25,54.303
2018-06-22,53.476
2018-06-21,53.959
2018-06-20,55.085
2018-06-19,56.882
2018-06-18,55.676
2018-06-15,54.833
2018-06-14,54.438
2018-06-13,56.007
2018-06-12,56.511
2018-06-11,56.0
2018-06-08,53.654
2018-06-07,54.22
2018-06-06,52.884
2018-06-05,51.491
2018-06-04,53.953
2018-06-01,55.387
2018-05-31,54.748
2018-05-30,57.61
2018-05-29,50.093
2018-05-28,47.746
2018-05-25,51.086
2018-05-24,49.678
2018-05-23,48.904
2018-05-22,46.695
2018-05-21,43.982
2018-05-18,45.409
2018-05-17,45.276
2018-05-16,43.778
2018-05-15,44.043
2018-05-14,43.651
2018-05-11,42.618
2018-05-10,43.977
2018-05-09,43.605
2018-05-08,43.919
2018-05-07,44.159
2018-05-04,44.622
2018-05-03,42.658
2018-05-02,42.082
2018-04-30,41.525
2018-04-27,41.55
2018-04-26,41.385
2018-04-25,42.321
2018-04-24,42.827
2018-04-23,42.737
2018-04-20,41.592
2018-04-19,43.07
2018-04-18,41.871
2018-04-17,40.818
2018-04-16,41.21
2018-04-13,41.759
2018-04-12,42.758
2018-04-11,43.237
2018-04-10,43.593
2018-04-09,43.142
2018-04-06,42.933
2018-04-05,42.929
2018-04-04,43.386
2018-04-03,42.839
2018-03-29,42.147
2018-03-28,42.141
2018-03-27,41.575
2018-03-26,41.526
2018-03-23,40.632
2018-03-22,39.366
2018-03-21,39.651
2018-03-20,40.183
2018-03-19,38.786
2018-03-16,37.015
2018-03-15,37.076
2018-03-14,33.258
2018-03-13,31.395
2018-03-12,30.82
2018-03-09,31.519
2018-03-08,31.377
2018-03-07,33.078
2018-03-06,31.918
2018-03-05,31.264
2018-03-02,31.662
2018-03-01,29.88
2018-02-28,28.718
2018-02-27,29.09
2018-02-26,28.187
2018-02-23,28.784
2018-02-22,28.78
2018-02-21,29.327
2018-02-20,28.953
2018-02-19,28.546
2018-02-16,29.286
2018-02-15,30.07
2018-02-14,30.855
2018-02-13,30.97
2018-02-12,28.689
2018-02-09,30.674
2018-02-08,30.293
2018-02-07,28.68
2018-02-06,28.414
2018-02-05,27.645
2018-02-02,28.673
2018-02-01,27.655
2018-01-31,29.268
2018-01-30,28.559
2018-01-29,28.559
2018-01-26,28.306
2018-01-25,27.525
2018-01-24,27.608
2018-01-23,27.286
2018-01-22,27.504
2018-01-19,29.457
2018-01-18,30.762
2018-01-17,31.982
2018-01-16,31.485
2018-01-15,31.716
2018-01-12,32.71
2018-01-11,33.131
2018-01-10,32.324
2018-01-09,32.633
2018-01-08,32.665
2018-01-05,33.145
2018-01-04,33.547
2018-01-03,34.082
2018-01-02,34.334
2017-12-29,33.716
2017-12-28,34.355
2017-12-27,32.624
2017-12-22,32.187
2017-12-21,32.635
2017-12-20,31.83
2017-12-19,32.139
2017-12-18,31.601
2017-12-15,31.549
2017-12-14,31.331
2017-12-13,30.069
2017-12-12,29.423
2017-12-11,29.861
2017-12-08,29.754
2017-12-07,28.696
2017-12-06,29.924
2017-12-05,31.239
2017-12-04,31.934
2017-12-01,31.55
2017-11-30,30.893
2017-11-29,32.489
2017-11-28,31.324
2017-11-27,32.179
2017-11-24,32.729
2017-11-23,33.327
2017-11-22,33.048
2017-11-21,32.841
2017-11-20,32.438
2017-11-17,32.546
2017-11-16,33.085
2017-11-15,33.49
2017-11-14,32.246
2017-11-13,30.613
2017-11-10,29.95
2017-11-09,29.406
2017-11-08,27.079
2017-11-07,26.489
2017-11-06,26.667
2017-11-03,27.378
2017-11-02,27.434
2017-11-01,27.155
2017-10-31,29.08
2017-10-30,29.639
2017-10-27,29.778
2017-10-26,33.282
2017-10-25,35.285
2017-10-24,35.492
2017-10-23,34.368
2017-10-20,35.117
2017-10-19,34.736
2017-10-18,34.949
2017-10-17,35.042
2017-10-16,35.141
2017-10-13,36.114
2017-10-12,37.143
2017-10-11,37.932
2017-10-10,38.099
2017-10-09,38.507
2017-10-06,38.17
2017-10-05,38.35
2017-10-04,37.336
2017-10-03,36.895
2017-10-02,37.013
2017-09-29,37.845
2017-09-28,38.44
2017-09-27,38.414
2017-09-26,37.953
2017-09-25,38.241
2017-09-22,39.299
2017-09-21,39.532
2017-09-20,39.658
2017-09-19,39.698
2017-09-18,39.585
2017-09-15,40.015
2017-09-14,39.794
2017-09-13,40.207
2017-09-12,39.888
2017-09-11,39.376
2017-09-08,39.167
2017-09-07,39.489
2017-09-06,40.1
2017-09-05,44.164
2017-09-04,40.322
2017-09-01,39.851
2017-08-31,39.262
2017-08-30,38.667
2017-08-29,37.821
2017-08-28,36.637
2017-08-25,37.624
2017-08-24,37.245
2017-08-23,37.94
2017-08-22,37.632
2017-08-21,38.14
2017-08-18,37.03
2017-08-17,37.871
2017-08-16,37.136
2017-08-15,36.661
2017-08-14,35.968
2017-08-11,36.957
2017-08-10,36.522
2017-08-09,35.343
2017-08-08,35.797
2017-08-07,34.331
2017-08-04,34.565
2017-08-03,34.111
2017-08-02,34.261
2017-08-01,34.704
2017-07-31,35.429
2017-07-28,36.132
2017-07-27,37.512
2017-07-26,39.126
2017-07-25,39.374
2017-07-24,39.296
2017-07-21,40.029
2017-07-20,39.57
2017-07-19,40.49
2017-07-18,39.718
2017-07-17,40.826
2017-07-14,42.071
2017-07-13,43.309
2017-07-12,42.87
2017-07-11,44.69
2017-07-10,44.103
2017-07-07,44.936
2017-07-06,44.745
2017-07-05,44.703
2017-07-04,48.785
2017-07-03,48.062
2017-06-30,49.052
2017-06-29,50.162
2017-06-28,49.87
2017-06-27,50.101
2017-06-26,48.385
2017-06-23,49.638
2017-06-22,50.493
2017-06-21,50.346
2017-06-20,49.503
2017-06-19,49.226
2017-06-16,49.975
2017-06-15,50.634
2017-06-14,48.917
2017-06-13,48.227
2017-06-12,47.982
2017-06-09,47.585
2017-06-08,46.744
2017-06-07,47.16
2017-06-06,46.814
2017-06-05,46.512
2017-06-02,45.468
2017-06-01,45.861
2017-05-31,46.195
2017-05-30,46.371
2017-05-29,45.809
2017-05-26,47.522
2017-05-25,47.904
2017-05-24,49.175
2017-05-23,49.424
2017-05-22,49.359
2017-05-19,50.266
2017-05-18,50.089
2017-05-17,49.727
2017-05-16,48.993
2017-05-15,48.114
2017-05-12,47.418
2017-05-11,47.356
2017-05-10,46.531
2017-05-09,46.481
2017-05-08,47.113
2017-05-05,47.718
2017-05-04,47.155
2017-05-03,47.612
2017-05-02,47.946
2017-04-28,48.306
2017-04-27,48.903
2017-04-26,50.704
2017-04-25,52.603
2017-04-24,54.586
2017-04-21,51.962
2017-04-20,53.393
2017-04-19,53.758
2017-04-18,50.129
2017-04-13,50.245
2017-04-12,49.959
2017-04-11,49.08
2017-04-10,49.741
2017-04-07,50.208
2017-04-06,51.153
2017-04-05,50.537
2017-04-04,50.81
2017-04-03,51.271
2017-03-31,54.085
2017-03-30,54.636
2017-03-29,53.629
2017-03-28,55.235
2017-03-27,55.512
2017-03-24,52.401
2017-03-23,53.238
2017-03-22,52.29
2017-03-21,52.779
2017-03-20,51.547
2017-03-17,52.541
2017-03-16,52.052
2017-03-15,52.348
2017-03-14,51.747
2017-03-13,51.014
2017-03-10,47.944
2017-03-09,48.901
2017-03-08,51.725
2017-03-07,50.022
2017-03-06,51.905
2017-03-03,52.845
2017-03-02,53.091
2017-03-01,54.739
2017-02-28,50.981
2017-02-27,48.03
2017-02-24,47.046
2017-02-23,48.712
2017-02-22,49.357
2017-02-21,50.805
2017-02-20,51.193
2017-02-17,53.354
2017-02-16,55.137
2017-02-15,53.681
2017-02-14,53.215
2017-02-13,54.118
2017-02-10,55.188
2017-02-09,56.29
2017-02-08,56.719
2017-02-07,56.372
2017-02-06,57.397
2017-02-03,58.428
2017-02-02,64.926
2017-02-01,65.732
2017-01-31,66.528
2017-01-30,67.052
2017-01-27,67.327
2017-01-26,67.849
2017-01-25,67.391
2017-01-24,68.193
2017-01-23,68.293
2017-01-20,68.64
2017-01-19,68.248
2017-01-18,68.878
2017-01-17,68.701
2017-01-16,67.976
2017-01-13,69.846
2017-01-12,69.749
2017-01-11,70.103
2017-01-10,68.144
2017-01-09,67.136
2017-01-06,66.965
2017-01-05,65.604
2017-01-04,64.094
2017-01-03,64.58
2017-01-02,64.052
2016-12-30,63.688
2016-12-29,63.115
2016-12-28,60.79
2016-12-27,61.82
2016-12-23,62.057
2016-12-22,63.049
2016-12-21,64.016
2016-12-20,64.627
2016-12-19,64.084
2016-12-16,65.293
2016-12-15,67.128
2016-12-14,66.861
2016-12-13,68.533
2016-12-12,68.449
2016-12-09,69.717
2016-12-08,71.595
2016-12-07,73.835
2016-12-06,73.672
2016-12-05,76.623
2016-12-02,74.539
2016-12-01,70.248
2016-11-30,71.45
2016-11-29,71.585
2016-11-28,69.651
2016-11-25,69.684
2016-11-24,70.294
2016-11-23,71.545
2016-11-22,68.682
2016-11-21,72.121
2016-11-18,70.812
2016-11-17,69.266
2016-11-16,67.37
2016-11-15,65.125
2016-11-14,65.077
2016-11-11,63.311
2016-11-10,61.681
2016-11-09,62.146
2016-11-08,62.168
2016-11-07,62.15
2016-11-04,62.061
2016-11-03,61.198
2016-11-02,62.458
2016-11-01,62.192
2016-10-31,62.558
2016-10-28,62.98
2016-10-27,62.111
2016-10-26,61.334
2016-10-25,60.689
2016-10-24,60.903
2016-10-21,60.847
2016-10-20,60.813
2016-10-19,61.618
2016-10-18,62.053
2016-10-17,62.919
2016-10-14,63.222
2016-10-13,63.498
2016-10-12,64.15
2016-10-11,62.555
2016-10-10,62.551
2016-10-07,63.45
2016-10-06,61.788
2016-10-05,63.144
2016-10-04,62.079
2016-10-03,62.05
2016-09-30,61.534
2016-09-29,63.275
2016-09-28,60.981
2016-09-27,61.125
2016-09-26,62.266
2016-09-23,62.631
2016-09-22,62.18
2016-09-21,63.781
2016-09-20,63.24
2016-09-19,62.995
2016-09-16,62.447
2016-09-15,62.032
2016-09-14,61.908
2016-09-13,61.321
2016-09-12,61.779
2016-09-09,59.413
2016-09-08,57.989
2016-09-07,57.887
2016-09-06,58.534
2016-09-05,59.783
2016-09-02,59.895
2016-09-01,43.785
2016-08-31,43.862
2016-08-30,43.322
2016-08-29,43.656
2016-08-26,43.379
2016-08-25,43.875
2016-08-24,43.304
2016-08-23,43.108
2016-08-22,43.28
2016-08-19,44.575
2016-08-18,44.488
2016-08-17,44.939
2016-08-16,45.271
2016-08-15,44.61
2016-08-12,44.12
2016-08-11,44.507
2016-08-10,45.265
2016-08-09,45.907
2016-08-08,45.717
2016-08-05,46.185
2016-08-04,47.117
2016-08-03,47.98
2016-08-02,47.677
2016-08-01,46.775
2016-07-29,46.581
2016-07-28,47.061
2016-07-27,46.781
2016-07-26,46.838
2016-07-25,46.444
2016-07-22,47.799
2016-07-21,47.995
2016-07-20,49.087
2016-07-19,49.891
2016-07-18,51.237
2016-07-15,51.887
2016-07-14,52.391
2016-07-13,54.515
2016-07-12,56.634
2016-07-11,58.585
2016-07-08,60.022
2016-07-07,61.314
2016-07-06,62.105
2016-07-05,61.731
2016-07-04,63.595
2016-07-01,64.46
2016-06-30,62.974
2016-06-29,66.864
2016-06-28,68.726
2016-06-27,69.576
2016-06-24,67.613
2016-06-23,62.277
2016-06-22,63.579
2016-06-21,64.066
2016-06-20,64.879
2016-06-17,65.367
2016-06-16,63.353
2016-06-15,63.487
2016-06-14,63.21
2016-06-13,63.324
2016-06-10,62.765
2016-06-09,63.071
2016-06-08,63.915
2016-06-07,65.096
2016-06-06,66.021
2016-06-03,67.324
2016-06-02,67.229
2016-06-01,67.922
2016-05-31,69.447
2016-05-30,69.023
2016-05-27,69.854
2016-05-26,69.125
2016-05-25,70.823
2016-05-24,70.138
2016-05-23,70.443
2016-05-20,71.812
2016-05-19,71.161
2016-05-18,69.141
2016-05-17,68.773
2016-05-16,69.078
2016-05-13,69.253
2016-05-12,69.143
2016-05-11,69.098
2016-05-10,68.193
2016-05-09,67.512
2016-05-06,65.785
2016-05-05,64.671
2016-05-04,64.562
2016-05-03,64.586
2016-05-02,64.628
2016-04-29,64.84
2016-04-28,64.678
2016-04-27,64.345
2016-04-26,63.562
2016-04-25,64.78
2016-04-22,65.179
2016-04-21,66.831
2016-04-20,68.276
2016-04-19,68.655
2016-04-18,69.524
2016-04-15,69.745
2016-04-14,69.096
2016-04-13,69.57
2016-04-12,69.412
2016-04-11,69.26
2016-04-08,69.702
2016-04-07,69.429
2016-04-06,68.881
2016-04-05,69.853
2016-04-04,70.627
2016-04-01,72.154
2016-03-31,70.996
2016-03-30,72.03
2016-03-29,72.809
2016-03-24,72.796
2016-03-23,73.415
2016-03-22,74.096
2016-03-21,77.149
2016-03-18,77.665
2016-03-17,78.114
2016-03-16,77.362
2016-03-15,75.705
2016-03-14,74.821
2016-03-11,81.791
2016-03-10,90.68
2016-03-09,90.103
2016-03-08,89.883
2016-03-07,90.736
2016-03-04,93.771
2016-03-03,94.604
2016-03-02,93.823
2016-03-01,95.284
2016-02-29,97.709
2016-02-26,97.92
2016-02-25,99.376
2016-02-24,99.442
2016-02-23,99.885
2016-02-22,100.026
2016-02-19,99.625
2016-02-18,100.34
2016-02-17,102.054
2016-02-16,101.795
2016-02-15,101.885
2016-02-12,101.997
2016-02-11,101.898
2016-02-10,101.377
2016-02-09,100.613
2016-02-08,98.727
2016-02-05,99.037
2016-02-04,98.704
2016-02-03,98.663
2016-02-02,97.742
2016-02-01,96.509
2016-01-29,94.986
2016-01-28,96.35
2016-01-27,97.516
2016-01-26,99.434
2016-01-25,98.959
2016-01-22,99.628
2016-01-21,102.3
2016-01-20,101.135
2016-01-19,99.166
2016-01-18,97.853
2016-01-15,95.635
2016-01-14,93.575
2016-01-13,91.503
2016-01-12,91.539
2016-01-11,89.049
2016-01-08,87.295
2016-01-07,84.957
2016-01-06,83.051
2016-01-05,83.091
2016-01-04,82.863
2015-12-31,81.299
2015-12-30,81.224
2015-12-29,81.711
2015-12-28,81.58
2015-12-24,82.709
2015-12-23,81.773
2015-12-22,81.716
2015-12-21,82.324
2015-12-18,83.501
2015-12-17,83.362
2015-12-16,83.665
2015-12-15,84.092
2015-12-14,84.632
2015-12-11,83.634
2015-12-10,81.461
2015-12-09,83.214
2015-12-08,82.015
2015-12-07,80.864
2015-12-04,80.724
2015-12-03,80.778
2015-12-02,75.081
2015-12-01,75.671
2015-11-30,75.078
2015-11-27,76.092
2015-11-26,75.411
2015-11-25,74.379
2015-11-24,77.209
2015-11-23,78.481
2015-11-20,77.111
2015-11-19,74.688
2015-11-18,76.196
2015-11-17,75.101
2015-11-16,76.265
2015-11-13,76.618
2015-11-12,77.731
2015-11-11,77.577
2015-11-10,77.376
2015-11-09,78.372
2015-11-06,78.427
2015-11-05,76.664
2015-11-04,76.622
2015-11-03,76.882
2015-11-02,77.038
2015-10-30,77.544
2015-10-29,81.866
2015-10-28,77.632
2015-10-27,78.798
2015-10-26,78.892
2015-10-23,79.213
2015-10-22,76.123
2015-10-21,79.767
2015-10-20,83.488
2015-10-19,83.261
2015-10-16,83.079
2015-10-15,83.199
2015-10-14,82.37
2015-10-13,82.196
2015-10-12,81.843
2015-10-09,83.102
2015-10-08,84.569
2015-10-07,84.156
2015-10-06,87.43
2015-10-05,89.103
2015-10-02,89.042
2015-10-01,89.427
2015-09-30,93.338
2015-09-29,94.871
2015-09-28,90.133
2015-09-25,85.419
2015-09-24,85.91
2015-09-23,82.179
2015-09-22,76.153
2015-09-21,78.535
2015-09-18,79.236
2015-09-17,79.1
2015-09-16,79.022
2015-09-15,80.92
2015-09-14,78.124
2015-09-11,74.334
2015-09-10,74.923
2015-09-09,73.391
2015-09-08,74.088
2015-09-07,73.955
2015-09-04,73.778
2015-09-03,71.255
2015-09-02,72.581
2015-09-01,72.643
2015-08-31,74.056
2015-08-28,72.524
2015-08-27,71.694
2015-08-26,70.177
2015-08-25,71.86
2015-08-24,70.052
2015-08-21,66.41
2015-08-20,65.32
2015-08-19,63.318
2015-08-18,63.313
2015-08-17,62.667
2015-08-14,63.824
2015-08-13,60.805
2015-08-12,60.971
2015-08-11,60.483
2015-08-10,61.125
2015-08-07,61.034
2015-08-06,60.925
2015-08-05,61.092
2015-08-04,61.228
2015-08-03,61.707
2015-07-31,62.243
2015-07-30,61.892
2015-07-29,63.15
2015-07-28,62.874
2015-07-27,64.218
2015-07-24,62.972
2015-07-23,62.633
2015-07-22,61.953
2015-07-21,63.663
2015-07-20,63.323
2015-07-17,64.042
2015-07-16,64.215
2015-07-15,65.721
2015-07-14,65.755
2015-07-13,67.755
2015-07-10,68.578
2015-07-09,70.911
2015-07-08,69.27
2015-07-07,66.831
2015-07-06,67.906
2015-07-03,63.268
2015-07-02,64.016
2015-07-01,65.943
2015-06-30,66.939
2015-06-29,66.277
2015-06-26,65.716
2015-06-25,63.428
2015-06-24,60.329
2015-06-23,62.279
2015-06-22,63.213
2015-06-19,62.939
2015-06-18,63.72
2015-06-17,60.122
2015-06-16,57.483
2015-06-15,56.561
2015-06-12,55.016
2015-06-11,51.879
2015-06-10,56.414
2015-06-09,55.698
2015-06-08,54.507
2015-06-05,54.413
2015-06-04,54.602
2015-06-03,52.829
2015-06-02,53.74
2015-06-01,51.234
2015-05-29,50.779
2015-05-28,50.395
2015-05-27,49.548
2015-05-26,49.234
2015-05-25,48.334
2015-05-22,48.759
2015-05-21,49.875
2015-05-20,48.962
2015-05-19,48.969
2015-05-18,49.711
2015-05-15,50.395
2015-05-14,51.358
2015-05-13,51.099
2015-05-12,51.376
2015-05-11,50.903
2015-05-08,51.933
2015-05-07,51.333
2015-05-06,49.5
2015-05-05,49.215
2015-05-04,50.022
2015-04-30,51.691
2015-04-29,51.085
2015-04-28,50.124
2015-04-27,50.586
2015-04-24,50.63
2015-04-23,50.838
2015-04-22,50.515
2015-04-21,49.86
2015-04-20,49.724
2015-04-17,49.601
2015-04-16,49.31
2015-04-15,48.926
2015-04-14,48.03
2015-04-13,47.977
2015-04-10,46.8
2015-04-09,47.376
2015-04-08,47.515
2015-04-07,48.151
2015-04-02,47.68
2015-04-01,48.992
2015-03-31,50.329
2015-03-30,49.699
2015-03-27,49.863
2015-03-26,51.275
2015-03-25,51.242
2015-03-24,51.752
2015-03-23,50.907
2015-03-20,50.099
2015-03-19,50.111
2015-03-18,50.095
2015-03-17,49.592
2015-03-16,48.109
2015-03-13,45.597
2015-03-12,43.031
2015-03-11,43.525
2015-03-10,40.707
2015-03-09,39.838
2015-03-06,39.377
2015-03-05,40.61
2015-03-04,41.241
2015-03-03,41.798
2015-03-02,42.621
2015-02-27,41.611
2015-02-26,41.231
2015-02-25,41.422
2015-02-24,41.882
2015-02-23,41.1
2015-02-20,40.301
2015-02-19,41.226
2015-02-18,41.599
2015-02-17,42.407
2015-02-16,43.085
2015-02-13,42.549
2015-02-12,42.947
2015-02-11,43.315
2015-02-10,43.969
2015-02-09,44.331
2015-02-06,45.079
2015-02-05,46.707
2015-02-04,47.036
2015-02-03,47.246
2015-02-02,47.859
2015-01-30,48.02
2015-01-29,48.127
2015-01-28,50.395
2015-01-27,50.628
2015-01-26,49.751
2015-01-23,51.239
2015-01-22,51.226
2015-01-21,52.71
2015-01-20,53.83
2015-01-19,53.78
2015-01-16,53.879
2015-01-15,54.331
2015-01-14,53.966
2015-01-13,53.588
2015-01-12,53.47
2015-01-09,52.334
2015-01-08,52.256
2015-01-07,53.456
2015-01-06,53.449
2015-01-05,53.252
2015-01-02,52.97
2014-12-31,54.153
2014-12-30,52.146
2014-12-29,51.938
2014-12-24,54.96
2014-12-23,52.236
2014-12-22,52.207
2014-12-19,53.014
2014-12-18,54.123
2014-12-17,56.596
2014-12-16,56.396
2014-12-15,55.635
2014-12-12,55.025
2014-12-11,53.828
2014-12-10,53.214
2014-12-09,52.764
2014-12-08,52.145
2014-12-05,52.699
2014-12-04,52.349
2014-12-03,52.31
2014-12-02,52.538
2014-12-01,50.499
2014-11-28,51.921
2014-11-27,50.855
2014-11-26,51.065
2014-11-25,51.626
2014-11-24,51.7
2014-11-21,51.685
2014-11-20,51.386
2014-11-19,50.892
2014-11-18,48.515
2014-11-17,49.095
2014-11-14,49.341
2014-11-13,48.94
2014-11-12,47.859
2014-11-11,48.391
2014-11-10,48.815
2014-11-07,48.866
2014-11-06,50.576
2014-11-05,50.711
2014-11-04,51.815
2014-11-03,52.281
2014-10-31,52.473
2014-10-30,52.528
2014-10-29,52.667
2014-10-28,52.948
2014-10-27,52.932
2014-10-24,53.354
2014-10-23,53.438
2014-10-22,54.058
2014-10-21,54.294
2014-10-20,54.919
2014-10-17,55.2
2014-10-16,54.506
2014-10-15,55.101
2014-10-14,54.833
2014-10-13,53.676
2014-10-10,53.476
2014-10-09,53.639
2014-10-08,53.297
2014-10-07,54.76
2014-10-06,54.599
2014-10-03,54.329
2014-10-02,54.566
2014-10-01,54.875
2014-09-30,54.773
2014-09-29,55.0
2014-09-26,53.543
2014-09-25,52.965
2014-09-24,53.259
2014-09-23,53.383
2014-09-22,53.24
2014-09-19,52.226
2014-09-18,53.599
2014-09-17,53.455
2014-09-16,54.713
2014-09-15,54.011
2014-09-12,53.957
2014-09-11,53.995
2014-09-10,53.905
2014-09-09,53.608
2014-09-08,53.257
2014-09-05,52.85
2014-09-04,51.537
2014-09-03,53.969
2014-09-02,53.585
2014-09-01,53.902
2014-08-29,54.063
2014-08-28,54.273
2014-08-27,54.147
2014-08-26,54.558
2014-08-25,55.586
2014-08-22,55.245
2014-08-21,54.75
2014-08-20,55.208
2014-08-19,54.702
2014-08-18,55.051
2014-08-15,54.377
2014-08-14,55.899
2014-08-13,55.3
2014-08-12,55.186
2014-08-11,56.408
2014-08-08,56.689
2014-08-07,56.756
2014-08-06,56.743
2014-08-05,56.043
2014-08-04,55.712
2014-08-01,55.348
2014-07-31,54.707
2014-07-30,55.923
2014-07-29,56.508
2014-07-28,58.363
2014-07-25,57.929
2014-07-24,58.378
2014-07-23,59.502
2014-07-22,60.446
2014-07-21,60.351
2014-07-18,60.374
2014-07-17,60.519
2014-07-16,60.302
2014-07-15,59.938
2014-07-14,60.159
2014-07-11,59.318
2014-07-10,57.618
2014-07-09,57.415
2014-07-08,57.487
2014-07-07,56.755
2014-07-04,57.365
2014-07-03,57.399
2014-07-02,57.423
2014-07-01,58.202
2014-06-30,59.192
2014-06-27,58.443
2014-06-26,58.493
2014-06-25,58.211
2014-06-24,58.095
2014-06-23,58.218
2014-06-20,58.557
2014-06-19,57.393
2014-06-18,58.776
2014-06-17,58.906
2014-06-16,57.227
2014-06-13,57.258
2014-06-12,57.041
2014-06-11,57.249
2014-06-10,58.472
2014-06-09,58.786
2014-06-06,59.215
2014-06-05,59.709
2014-06-04,60.493
2014-06-03,60.298
2014-06-02,59.022
2014-05-30,57.784
2014-05-29,57.949
2014-05-28,58.54
2014-05-27,58.757
2014-05-26,58.708
2014-05-23,58.77
2014-05-22,58.748
2014-05-21,59.645
2014-05-20,58.607
2014-05-19,57.821
2014-05-16,58.907
2014-05-15,57.646
2014-05-14,56.682
2014-05-13,56.364
2014-05-12,56.228
2014-05-09,55.314
2014-05-08,56.243
2014-05-07,57.524
2014-05-06,58.336
2014-05-05,58.925
2014-05-02,59.924
2014-04-30,59.472
2014-04-29,59.983
2014-04-28,61.517
2014-04-25,61.428
2014-04-24,61.708
2014-04-23,62.633
2014-04-22,64.113
2014-04-17,63.154
2014-04-16,64.575
2014-04-15,65.071
2014-04-14,65.41
2014-04-11,65.085
2014-04-10,64.613
2014-04-09,65.147
2014-04-08,67.273
2014-04-07,66.921
2014-04-04,67.606
2014-04-03,66.479
2014-04-02,66.498
2014-04-01,66.039
2014-03-31,66.448
2014-03-28,66.714
2014-03-27,65.763
2014-03-26,66.466
2014-03-25,66.836
2014-03-24,65.196
2014-03-21,66.129
2014-03-20,65.842
2014-03-19,64.917
2014-03-18,66.134
2014-03-17,67.49
2014-03-14,67.064
2014-03-13,66.741
2014-03-12,66.341
2014-03-11,65.851
2014-03-10,66.002
2014-03-07,64.451
2014-03-06,65.967
2014-03-05,65.784
2014-03-04,66.263
2014-03-03,66.56
2014-02-28,66.56
2014-02-27,66.709
2014-02-26,67.183
2014-02-25,67.751
2014-02-24,68.809
2014-02-21,70.067
2014-02-20,69.807
2014-02-19,70.952
2014-02-18,71.126
2014-02-17,70.348
2014-02-14,70.279
2014-02-13,71.528
2014-02-12,71.046
2014-02-11,71.393
2014-02-10,71.135
2014-02-07,71.013
2014-02-06,71.428
2014-02-05,71.977
2014-02-04,72.336
2014-01-31,69.847
2014-01-30,69.669
2014-01-29,69.157
2014-01-28,68.89
2014-01-27,68.319
2014-01-24,68.239
2014-01-23,68.563
2014-01-22,67.44
2014-01-21,67.685
2014-01-20,68.138
2014-01-17,68.483
2014-01-16,67.754
2014-01-15,68.356
2014-01-14,68.615
2014-01-13,69.164
2014-01-10,68.897
2014-01-09,68.92
2014-01-08,68.403
2014-01-07,69.673
2014-01-06,70.556
2014-01-03,71.609
2014-01-02,71.625
2013-12-31,72.129
2013-12-30,72.497
2013-12-27,72.376
2013-12-24,73.19
2013-12-23,71.932
2013-12-20,72.945
2013-12-19,74.568
2013-12-18,76.098
2013-12-17,71.798
2013-12-16,76.533
2013-12-13,77.214
2013-12-12,77.597
2013-12-11,74.546
2013-12-10,76.665
2013-12-09,76.241
2013-12-06,76.978
2013-12-05,76.732
2013-12-04,75.997
2013-12-03,74.137
2013-12-02,74.355
2013-11-29,76.107
2013-11-28,76.899
2013-11-27,77.232
2013-11-26,76.662
2013-11-25,77.718
2013-11-22,78.821
2013-11-21,77.696
2013-11-20,73.843
2013-11-19,74.596
2013-11-18,75.925
2013-11-15,74.933
2013-11-14,75.39
2013-11-13,75.921
2013-11-12,73.863
2013-11-11,73.116
2013-11-08,73.264
2013-11-07,72.97
2013-11-06,72.39
2013-11-05,72.997
2013-11-04,71.897
2013-11-01,72.625
2013-10-31,71.162
2013-10-30,69.19
2013-10-29,72.31
2013-10-28,71.443
2013-10-25,72.291
2013-10-24,71.655
2013-10-23,72.578
2013-10-22,72.887
2013-10-21,72.357
2013-10-18,72.066
2013-10-17,72.667
2013-10-16,75.399
2013-10-15,73.493
2013-10-14,73.905
2013-10-11,74.069
2013-10-10,74.793
2013-10-09,74.272
2013-10-08,74.664
2013-10-07,74.398
2013-10-04,74.976
2013-10-03,75.374
2013-10-02,77.847
2013-10-01,77.636
2013-09-30,77.691
2013-09-27,75.084
2013-09-26,75.712
2013-09-25,76.312
2013-09-24,76.206
2013-09-23,75.839
2013-09-20,74.999
2013-09-19,74.679
2013-09-18,82.77
2013-09-17,77.093
2013-09-16,76.601
2013-09-13,77.654
2013-09-12,77.205
2013-09-11,77.103
2013-09-10,77.691
2013-09-09,77.603
2013-09-06,77.093
2013-09-05,76.082
2013-09-04,77.076
2013-09-03,78.416
2013-09-02,76.863
2013-08-30,75.93
2013-08-29,77.043
2013-08-28,76.628
2013-08-27,77.551
2013-08-26,74.867
2013-08-23,75.052
2013-08-22,76.517
2013-08-21,74.665
2013-08-20,76.14
2013-08-19,74.295
2013-08-16,72.282
2013-08-15,73.997
2013-08-14,74.176
2013-08-13,73.229
2013-08-12,75.208
2013-08-09,76.074
2013-08-08,75.794
2013-08-07,77.267
2013-08-06,76.795
2013-08-05,78.311
2013-08-02,78.936
2013-08-01,78.469
2013-07-31,83.641
2013-07-30,82.057
2013-07-29,83.197
2013-07-26,83.132
2013-07-25,84.554
2013-07-24,82.488
2013-07-23,83.524
2013-07-22,84.151
2013-07-19,84.772
2013-07-18,86.641
2013-07-17,86.174
2013-07-16,84.547
2013-07-15,85.74
2013-07-12,85.384
2013-07-11,85.771
2013-07-10,85.778
2013-07-09,87.899
2013-07-08,87.543
2013-07-05,87.972
2013-07-04,87.992
2013-07-03,87.481
2013-07-02,90.011
2013-07-01,88.398
2013-06-28,82.509
2013-06-27,83.799
2013-06-26,85.41
2013-06-25,85.173
2013-06-24,82.795
2013-06-21,76.308
2013-06-20,77.08
2013-06-19,70.276
2013-06-18,77.516
2013-06-17,76.235
2013-06-14,76.655
2013-06-13,77.966
2013-06-12,74.332
2013-06-11,73.181
2013-06-10,71.134
2013-06-07,70.041
2013-06-06,71.421
2013-06-05,71.371
2013-06-04,70.555
2013-06-03,71.162
2013-05-31,68.676
2013-05-30,67.914
2013-05-29,67.777
2013-05-28,66.391
2013-05-27,66.162
2013-05-24,66.233
2013-05-23,67.099
2013-05-22,66.711
2013-05-21,68.617
2013-05-20,70.044
2013-05-17,68.872
2013-05-16,70.247
2013-05-15,71.714
2013-05-14,70.418
2013-05-13,71.398
2013-05-10,70.426
2013-05-09,70.421
2013-05-08,69.537
2013-05-07,71.766
2013-05-06,73.714
2013-05-03,73.589
2013-05-02,76.378
2013-04-30,77.482
2013-04-29,78.98
2013-04-26,79.978
2013-04-25,80.733
2013-04-24,81.058
2013-04-23,83.013
2013-04-22,83.166
2013-04-19,83.983
2013-04-18,83.731
2013-04-17,83.093
2013-04-16,83.984
2013-04-15,83.589
2013-04-12,82.625
2013-04-11,82.947
2013-04-10,84.118
2013-04-09,84.996
2013-04-08,86.633
2013-04-05,87.309
2013-04-04,87.088
2013-04-03,86.837
2013-04-02,85.878
2013-03-28,80.249
2013-03-27,78.991
2013-03-26,81.329
2013-03-25,79.131
2013-03-22,81.305
2013-03-21,81.438
2013-03-20,80.121
2013-03-19,79.257
2013-03-18,84.156
2013-03-15,83.711
2013-03-14,84.038
2013-03-13,85.469
2013-03-12,85.376
2013-03-11,85.077
2013-03-08,86.615
2013-03-07,86.326
2013-03-06,87.669
2013-03-05,85.954
2013-03-04,86.227
2013-03-01,87.435
2013-02-28,84.896
2013-02-27,84.332
2013-02-26,83.274
2013-02-25,85.319
2013-02-22,83.069
2013-02-21,83.642
2013-02-20,83.841
2013-02-19,84.736
2013-02-18,85.113
2013-02-15,86.02
2013-02-14,86.263
2013-02-13,85.164
2013-02-12,88.475
2013-02-11,89.659
2013-02-08,89.269
2013-02-07,89.706
2013-02-06,89.024
2013-02-05,88.798
2013-02-04,89.387
2013-02-01,86.828
2013-01-31,85.24
2013-01-30,84.658
2013-01-29,83.967
2013-01-28,82.194
2013-01-25,81.954
2013-01-24,84.001
2013-01-23,82.343
2013-01-22,81.908
2013-01-21,81.88
2013-01-18,80.087
2013-01-17,79.226
2013-01-16,82.966
2013-01-15,82.401
2013-01-14,80.488
2013-01-11,82.612
2013-01-10,82.951
2013-01-09,85.168
2013-01-08,86.311
2013-01-07,86.591
2013-01-04,86.646
2013-01-03,87.254
2013-01-02,87.947
2012-12-31,89.755
2012-12-28,90.751
2012-12-27,90.081
2012-12-24,90.885
2012-12-21,91.163
2012-12-20,92.206
2012-12-19,92.01
2012-12-18,92.815
2012-12-17,93.902
2012-12-14,93.08
2012-12-13,93.724
2012-12-12,93.819
2012-12-11,95.775
2012-12-10,96.364
2012-12-07,93.727
2012-12-06,93.936
2012-12-05,92.705
2012-12-04,94.214
2012-12-03,94.046
2012-11-30,93.191
2012-11-29,92.104
2012-11-28,92.812
2012-11-27,93.476
2012-11-26,91.126
2012-11-23,91.785
2012-11-22,93.184
2012-11-21,94.383
2012-11-20,94.586
2012-11-19,93.733
2012-11-16,93.883
2012-11-15,94.07
2012-11-14,94.9
2012-11-13,94.915
2012-11-12,94.136
2012-11-09,93.767
2012-11-08,92.719
2012-11-07,92.403
2012-11-06,92.291
2012-11-05,93.513
2012-11-02,93.874
2012-11-01,95.412
2012-10-31,94.939
2012-10-30,96.379
2012-10-29,95.517
2012-10-26,96.878
2012-10-25,96.003
2012-10-24,96.421
2012-10-23,96.684
2012-10-22,96.255
2012-10-19,97.747
2012-10-18,96.991
2012-10-17,96.423
2012-10-16,100.209
2012-10-15,101.296
2012-10-12,101.736
2012-10-11,105.241
2012-10-10,105.465
2012-10-09,104.415
2012-10-08,104.311
2012-10-05,103.982
2012-10-04,104.341
2012-10-03,108.08
2012-10-02,109.195
2012-10-01,110.594
2012-09-28,109.133
2012-09-27,110.446
2012-09-26,109.232
2012-09-25,111.765
2012-09-24,111.604
2012-09-21,111.713
2012-09-20,110.19
2012-09-19,109.19
2012-09-18,108.918
2012-09-17,106.841
2012-09-14,108.521
2012-09-13,108.517
2012-09-12,111.608
2012-09-11,113.351
2012-09-10,112.537
2012-09-07,110.44
2012-09-06,113.586
2012-09-05,114.241
2012-09-04,113.377
2012-09-03,114.337
2012-08-31,113.321
2012-08-30,113.129
2012-08-29,114.331
2012-08-28,112.492
2012-08-27,113.157
2012-08-24,111.904
2012-08-23,110.506
2012-08-22,107.834
2012-08-21,109.596
2012-08-20,108.025
2012-08-17,107.037
2012-08-16,106.845
2012-08-15,108.582
2012-08-14,109.972
2012-08-13,109.9
2012-08-10,110.157
2012-08-09,110.897
2012-08-08,111.264
2012-08-07,114.187
2012-08-06,116.616
2012-08-03,120.032
2012-08-02,119.882
2012-08-01,122.203
2012-07-31,123.161
2012-07-30,125.829
2012-07-27,128.067
2012-07-26,127.444
2012-07-25,129.51
2012-07-24,129.12
2012-07-23,128.209
2012-07-20,125.458
2012-07-19,125.051
2012-07-18,126.835
2012-07-17,127.844
2012-07-16,127.98
2012-07-13,129.099
2012-07-12,130.004
2012-07-11,130.503
2012-07-10,131.094
2012-07-09,131.725
2012-07-06,132.882
2012-07-05,132.882
2012-07-04,132.24
2012-07-03,136.242
2012-07-02,138.58
2012-06-29,136.537
2012-06-28,141.77
2012-06-27,143.208
2012-06-26,141.042
2012-06-25,140.57
2012-06-22,141.787
2012-06-21,141.409
2012-06-20,142.13
2012-06-19,140.183
2012-06-18,138.97
2012-06-15,138.703
2012-06-14,135.026
2012-06-13,136.25
2012-06-12,133.39
2012-06-11,134.727
2012-06-08,135.317
2012-06-07,135.577
2012-06-06,138.275
2012-06-05,138.706
2012-06-04,138.959
2012-06-01,137.629
2012-05-31,134.344
2012-05-30,134.599
2012-05-29,131.277
2012-05-28,131.592
2012-05-25,131.646
2012-05-24,130.716
2012-05-23,128.024
2012-05-22,127.511
2012-05-21,124.169
2012-05-18,124.373
2012-05-17,119.639
2012-05-16,120.808
2012-05-15,118.93
2012-05-14,117.279
2012-05-11,116.442
2012-05-10,116.263
2012-05-09,114.321
2012-05-08,115.494
2012-05-07,119.01
2012-05-04,118.367
2012-05-03,118.606
2012-05-02,118.654
2012-05-01,117.589
2012-04-30,116.258
2012-04-27,115.308
2012-04-26,113.754
2012-04-25,114.477
2012-04-24,112.982
2012-04-23,112.96
2012-04-20,112.624
2012-04-19,113.997
2012-04-18,116.17
2012-04-17,114.669
2012-04-16,113.555
2012-04-13,113.63
2012-04-12,113.47
2012-04-11,112.632
2012-04-10,110.942
2012-04-09,105.293
2012-04-06,107.39
2012-04-05,108.648
2012-04-04,107.062
2012-04-03,104.838
2012-04-02,105.799
2012-03-30,102.318
2012-03-29,103.277
2012-03-28,103.29
2012-03-27,104.66
2012-03-26,105.93
2012-03-23,105.042
2012-03-22,104.763
2012-03-21,105.091
2012-03-20,105.858
2012-03-19,104.552
2012-03-16,104.984
2012-03-15,105.633
2012-03-14,105.801
2012-03-13,106.808
2012-03-12,107.063
2012-03-09,107.95
2012-03-08,109.012
2012-03-07,110.424
2012-03-06,106.895
2012-03-05,107.663
2012-03-02,110.077
2012-03-01,113.748
2012-02-29,113.911
2012-02-28,116.654
2012-02-27,120.471
2012-02-24,120.53
2012-02-23,122.419
2012-02-22,123.953
2012-02-21,126.712
2012-02-20,127.665
2012-02-17,128.585
2012-02-16,129.62
2012-02-15,127.29
2012-02-14,128.803
2012-02-13,128.229
2012-02-10,127.927
2012-02-09,127.552
2012-02-08,127.338
2012-02-07,128.656
2012-02-06,129.463
2012-02-03,129.867
2012-02-02,135.911
2012-02-01,137.613
2012-01-31,133.755
2012-01-30,132.255
2012-01-27,133.519
2012-01-26,136.332
2012-01-25,138.407
2012-01-24,143.142
2012-01-23,147.227
2012-01-20,150.754
2012-01-19,151.07
2012-01-18,151.072
2012-01-17,152.917
2012-01-16,156.29
2012-01-13,156.575
2012-01-12,157.114
2012-01-11,155.093
2012-01-10,154.79
2012-01-09,151.872
2012-01-06,152.07
2012-01-05,151.852
2012-01-04,152.717
2012-01-03,151.473
