Date,USD HY OAS
2022-10-31,472.284
2022-10-28,467.056
2022-10-27,493.411
2022-10-26,493.709
2022-10-25,494.462
2022-10-24,499.683
2022-10-21,506.042
2022-10-20,499.993
2022-10-19,502.034
2022-10-18,501.458
2022-10-17,514.057
2022-10-14,524.164
2022-10-13,529.41
2022-10-12,534.466
2022-10-11,527.147
2022-10-10,505.579
2022-10-07,507.459
2022-10-06,498.434
2022-10-05,506.404
2022-10-04,517.512
2022-10-03,545.028
2022-09-30,538.689
2022-09-29,549.864
2022-09-28,543.625
2022-09-27,532.39
2022-09-26,515.41
2022-09-23,505.767
2022-09-22,489.201
2022-09-21,487.204
2022-09-20,489.146
2022-09-19,489.987
2022-09-16,493.576
2022-09-15,480.272
2022-09-14,474.95
2022-09-13,467.865
2022-09-12,460.467
2022-09-09,469.223
2022-09-08,486.001
2022-09-07,502.282
2022-09-06,501.531
2022-09-02,508.725
2022-09-01,519.155
2022-08-31,510.653
2022-08-30,506.85
2022-08-29,492.382
2022-08-26,483.268
2022-08-25,480.592
2022-08-24,482.55
2022-08-23,486.627
2022-08-22,481.723
2022-08-19,469.607
2022-08-18,464.001
2022-08-17,456.196
2022-08-16,454.268
2022-08-15,454.516
2022-08-12,449.542
2022-08-11,450.604
2022-08-10,462.139
2022-08-09,473.482
2022-08-08,470.499
2022-08-05,468.079
2022-08-04,476.063
2022-08-03,479.783
2022-08-02,481.547
2022-08-01,502.722
2022-07-29,505.118
2022-07-28,520.604
2022-07-27,521.013
2022-07-26,524.007
2022-07-25,520.273
2022-07-22,528.974
2022-07-21,525.787
2022-07-20,518.77
2022-07-19,531.843
2022-07-18,547.461
2022-07-15,560.599
2022-07-14,567.26
2022-07-13,560.517
2022-07-12,561.013
2022-07-11,558.825
2022-07-08,552.291
2022-07-07,567.959
2022-07-06,589.784
2022-07-05,609.229
2022-07-01,602.7
2022-06-30,584.405
2022-06-29,562.2
2022-06-28,536.895
2022-06-27,523.391
2022-06-24,528.807
2022-06-23,544.636
2022-06-22,538.792
2022-06-21,518.204
2022-06-17,522.168
2022-06-16,527.34
2022-06-15,498.751
2022-06-14,492.04
2022-06-13,480.357
2022-06-10,453.769
2022-06-09,451.575
2022-06-08,442.589
2022-06-07,439.594
2022-06-06,429.339
2022-06-03,431.993
2022-06-02,426.731
2022-06-01,428.219
2022-05-31,433.913
2022-05-27,444.178
2022-05-26,461.735
2022-05-25,488.263
2022-05-24,507.137
2022-05-23,500.197
2022-05-20,509.305
2022-05-19,505.272
2022-05-18,498.422
2022-05-17,476.939
2022-05-16,488.382
2022-05-13,482.23
2022-05-12,486.341
2022-05-11,470.157
2022-05-10,465.838
2022-05-09,462.655
2022-05-06,427.809
2022-05-05,422.266
2022-05-04,418.499
2022-05-03,417.516
2022-05-02,421.978
2022-04-29,411.715
2022-04-28,409.518
2022-04-27,410.92
2022-04-26,416.018
2022-04-25,405.007
2022-04-22,392.964
2022-04-21,382.848
2022-04-20,385.757
2022-04-19,382.401
2022-04-18,392.621
2022-04-15,388.276
2022-04-14,388.213
2022-04-13,397.784
2022-04-12,398.266
2022-04-11,391.314
2022-04-08,380.167
2022-04-07,377.724
2022-04-06,373.091
2022-04-05,358.511
2022-04-04,365.247
2022-04-01,367.383
2022-03-31,373.51
2022-03-30,376.235
2022-03-29,374.642
2022-03-28,383.066
2022-03-25,383.479
2022-03-24,391.844
2022-03-23,401.016
2022-03-22,391.153
2022-03-21,393.379
2022-03-18,404.955
2022-03-17,409.854
2022-03-16,420.898
2022-03-15,444.786
2022-03-14,445.321
2022-03-11,439.298
2022-03-10,432.55
2022-03-09,423.999
2022-03-08,440.541
2022-03-07,436.439
2022-03-04,424.921
2022-03-03,409.126
2022-03-02,404.248
2022-03-01,421.637
2022-02-28,411.552
2022-02-25,398.243
2022-02-24,412.958
2022-02-23,406.624
2022-02-22,410.049
2022-02-18,413.282
2022-02-17,409.787
2022-02-16,400.29
2022-02-15,402.092
2022-02-14,407.64
2022-02-11,402.336
2022-02-10,380.095
2022-02-09,377.491
2022-02-08,383.104
2022-02-07,387.999
2022-02-04,385.852
2022-02-03,378.432
2022-02-02,375.042
2022-02-01,378.109
2022-01-31,386.803
2022-01-28,387.762
2022-01-27,376.995
2022-01-26,359.699
2022-01-25,371.087
2022-01-24,366.5
2022-01-21,359.88
2022-01-20,350.776
2022-01-19,342.392
2022-01-18,341.412
2022-01-14,338.81
2022-01-13,344.411
2022-01-12,337.947
2022-01-11,344.739
2022-01-10,348.966
2022-01-07,345.896
2022-01-06,341.679
2022-01-05,338.55
2022-01-04,338.881
2022-01-03,334.749
2021-12-31,337.674
2021-12-30,338.462
2021-12-29,334.279
2021-12-28,338.233
2021-12-27,338.912
2021-12-23,343.116
2021-12-22,349.235
2021-12-21,355.142
2021-12-20,366.851
2021-12-17,364.434
2021-12-16,357.888
2021-12-15,360.473
2021-12-14,364.484
2021-12-13,359.704
2021-12-10,357.963
2021-12-09,359.525
2021-12-08,352.272
2021-12-07,354.441
2021-12-06,373.352
2021-12-03,378.033
2021-12-02,373.978
2021-12-01,376.067
2021-11-30,386.694
2021-11-29,372.549
2021-11-26,379.566
2021-11-24,353.558
2021-11-23,352.188
2021-11-22,350.393
2021-11-19,354.462
2021-11-18,343.847
2021-11-17,340.007
2021-11-16,338.959
2021-11-15,341.621
2021-11-12,336.57
2021-11-10,344.304
2021-11-09,337.085
2021-11-08,337.489
2021-11-05,312.845
2021-11-04,311.53
2021-11-03,320.231
2021-11-02,318.633
2021-11-01,317.252
2021-10-29,315.9
2021-10-28,315.673
2021-10-27,317.446
2021-10-26,316.333
2021-10-25,314.66
2021-10-22,312.38
2021-10-21,313.869
2021-10-20,316.231
2021-10-19,316.706
2021-10-18,316.454
2021-10-15,322.896
2021-10-14,323.554
2021-10-13,329.961
2021-10-12,330.389
2021-10-08,327.754
2021-10-07,326.927
2021-10-06,329.98
2021-10-05,327.443
2021-10-04,326.698
2021-10-01,321.669
2021-09-30,314.827
2021-09-29,314.035
2021-09-28,313.536
2021-09-27,308.921
2021-09-24,311.429
2021-09-23,311.995
2021-09-22,315.855
2021-09-21,320.275
2021-09-20,322.511
2021-09-17,309.541
2021-09-16,312.913
2021-09-15,312.688
2021-09-14,315.231
2021-09-13,315.314
2021-09-10,315.982
2021-09-09,319.223
2021-09-08,317.533
2021-09-07,317.256
2021-09-03,318.512
2021-09-02,317.326
2021-09-01,320.544
2021-08-31,322.219
2021-08-30,324.144
2021-08-27,324.414
2021-08-26,326.668
2021-08-25,328.616
2021-08-24,334.652
2021-08-23,342.084
2021-08-20,344.954
2021-08-19,347.518
2021-08-18,343.927
2021-08-17,343.773
2021-08-16,342.76
2021-08-13,341.477
2021-08-12,337.644
2021-08-11,339.969
2021-08-10,336.75
2021-08-09,336.355
2021-08-06,336.062
2021-08-05,339.019
2021-08-04,342.783
2021-08-03,341.636
2021-08-02,338.032
2021-07-30,333.848
2021-07-29,330.198
2021-07-28,334.013
2021-07-27,334.467
2021-07-26,329.314
2021-07-23,330.504
2021-07-22,331.906
2021-07-21,333.029
2021-07-20,343.917
2021-07-19,346.018
2021-07-16,326.607
2021-07-15,324.644
2021-07-14,318.877
2021-07-13,312.038
2021-07-12,315.72
2021-07-09,316.044
2021-07-08,322.209
2021-07-07,316.83
2021-07-06,317.611
2021-07-02,311.733
2021-07-01,307.852
2021-06-30,311.39
2021-06-29,313.645
2021-06-28,314.544
2021-06-25,314.065
2021-06-24,317.309
2021-06-23,320.217
2021-06-22,324.89
2021-06-21,323.524
2021-06-18,327.787
2021-06-17,323.316
2021-06-16,318.895
2021-06-15,325.758
2021-06-14,325.45
2021-06-11,328.591
2021-06-10,332.794
2021-06-09,332.584
2021-06-08,332.61
2021-06-07,332.949
2021-06-04,335.813
2021-06-03,333.091
2021-06-02,336.113
2021-06-01,337.195
2021-05-28,340.82
2021-05-27,341.2
2021-05-26,343.967
2021-05-25,346.64
2021-05-24,344.205
2021-05-21,344.518
2021-05-20,345.913
2021-05-19,344.09
2021-05-18,341.622
2021-05-17,340.203
2021-05-14,340.333
2021-05-13,342.112
2021-05-12,337.534
2021-05-11,337.087
2021-05-10,333.098
2021-05-07,333.946
2021-05-06,329.385
2021-05-05,330.186
2021-05-04,330.194
2021-05-03,328.499
2021-04-30,328.265
2021-04-29,327.758
2021-04-28,331.459
2021-04-27,330.4
2021-04-26,334.056
2021-04-23,335.738
2021-04-22,340.216
2021-04-21,340.729
2021-04-20,341.239
2021-04-19,334.651
2021-04-16,332.849
2021-04-15,334.465
2021-04-14,335.304
2021-04-13,337.029
2021-04-12,331.035
2021-04-09,329.382
2021-04-08,325.585
2021-04-07,324.877
2021-04-06,327.831
2021-04-05,327.795
2021-04-01,336.08
2021-03-31,338.328
2021-03-30,347.032
2021-03-29,346.719
2021-03-26,350.147
2021-03-25,354.69
2021-03-24,356.357
2021-03-23,360.607
2021-03-22,358.856
2021-03-19,362.769
2021-03-18,365.012
2021-03-17,360.542
2021-03-16,357.919
2021-03-15,357.033
2021-03-12,354.107
2021-03-11,355.421
2021-03-10,364.431
2021-03-09,364.296
2021-03-08,357.688
2021-03-05,352.996
2021-03-04,347.025
2021-03-03,347.258
2021-03-02,349.635
2021-03-01,348.859
2021-02-26,356.838
2021-02-25,344.439
2021-02-24,347.753
2021-02-23,348.586
2021-02-22,346.216
2021-02-19,345.409
2021-02-18,347.361
2021-02-17,346.491
2021-02-16,342.452
2021-02-12,347.005
2021-02-11,350.425
2021-02-10,353.129
2021-02-09,351.501
2021-02-08,352.575
2021-02-05,357.672
2021-02-04,355.865
2021-02-03,361.579
2021-02-02,368.751
2021-02-01,376.332
2021-01-29,378.735
2021-01-28,375.725
2021-01-27,379.209
2021-01-26,372.781
2021-01-25,373.243
2021-01-22,369.871
2021-01-21,365.18
2021-01-20,365.982
2021-01-19,370.663
2021-01-15,373.452
2021-01-14,371.537
2021-01-13,377.603
2021-01-12,377.811
2021-01-11,374.327
2021-01-08,371.674
2021-01-07,372.114
2021-01-06,377.735
2021-01-05,381.996
2021-01-04,383.168
2020-12-31,379.769
2020-12-30,379.786
2020-12-29,380.922
2020-12-28,383.889
2020-12-24,392.979
2020-12-23,396.495
2020-12-22,400.614
2020-12-21,400.893
2020-12-18,394.834
2020-12-17,396.274
2020-12-16,400.297
2020-12-15,401.009
2020-12-14,403.575
2020-12-11,404.588
2020-12-10,402.569
2020-12-09,401.117
2020-12-08,399.924
2020-12-07,401.072
2020-12-04,401.409
2020-12-03,414.646
2020-12-02,420.522
2020-12-01,425.567
2020-11-30,433.915
2020-11-27,432.987
2020-11-25,432.871
2020-11-24,434.605
2020-11-23,445.219
2020-11-20,449.951
2020-11-19,448.689
2020-11-18,447.391
2020-11-17,451.731
2020-11-16,452.879
2020-11-13,460.721
2020-11-12,461.042
2020-11-10,442.388
2020-11-09,442.064
2020-11-06,474.753
2020-11-05,482.384
2020-11-04,500.836
2020-11-03,517.15
2020-11-02,528.616
2020-10-30,530.985
2020-10-29,532.009
2020-10-28,531.919
2020-10-27,515.721
2020-10-26,511.148
2020-10-23,500.276
2020-10-22,502.286
2020-10-21,503.816
2020-10-20,503.89
2020-10-19,504.951
2020-10-16,507.162
2020-10-15,510.052
2020-10-14,503.341
2020-10-13,501.578
2020-10-09,503.995
2020-10-08,508.156
2020-10-07,513.964
2020-10-06,521.691
2020-10-05,526.49
2020-10-02,539.314
2020-10-01,539.477
2020-09-30,546.252
2020-09-29,553.478
2020-09-28,557.168
2020-09-25,565.751
2020-09-24,561.284
2020-09-23,551.106
2020-09-22,543.219
2020-09-21,536.309
2020-09-18,517.228
2020-09-17,515.762
2020-09-16,513.729
2020-09-15,517.938
2020-09-14,520.405
2020-09-11,520.813
2020-09-10,519.628
2020-09-09,517.179
2020-09-08,520.279
2020-09-04,506.644
2020-09-03,503.388
2020-09-02,499.596
2020-09-01,504.475
2020-08-31,505.37
2020-08-28,505.844
2020-08-27,506.324
2020-08-26,511.107
2020-08-25,514.385
2020-08-24,523.421
2020-08-21,529.968
2020-08-20,529.9
2020-08-19,528.369
2020-08-18,529.113
2020-08-17,529.783
2020-08-14,525.898
2020-08-13,515.911
2020-08-12,510.072
2020-08-11,506.681
2020-08-10,509.007
2020-08-07,509.422
2020-08-06,513.565
2020-08-05,515.415
2020-08-04,524.905
2020-08-03,524.621
2020-07-31,533.826
2020-07-30,537.287
2020-07-29,540.248
2020-07-28,547.993
2020-07-27,546.285
2020-07-24,549.085
2020-07-23,550.935
2020-07-22,553.275
2020-07-21,563.173
2020-07-20,577.037
2020-07-17,586.131
2020-07-16,591.874
2020-07-15,595.225
2020-07-14,606.748
2020-07-13,607.148
2020-07-10,612.443
2020-07-09,619.568
2020-07-08,614.158
2020-07-07,613.932
2020-07-06,613.345
2020-07-02,628.059
2020-07-01,638.508
2020-06-30,646.086
2020-06-29,647.551
2020-06-26,634.093
2020-06-25,621.197
2020-06-24,612.381
2020-06-23,597.354
2020-06-22,597.143
2020-06-19,595.94
2020-06-18,593.135
2020-06-17,582.671
2020-06-16,583.906
2020-06-15,614.873
2020-06-12,615.943
2020-06-11,613.288
2020-06-10,576.153
2020-06-09,561.19
2020-06-08,546.192
2020-06-05,551.562
2020-06-04,589.343
2020-06-03,601.492
2020-06-02,625.369
2020-06-01,644.239
2020-05-29,649.84
2020-05-28,645.052
2020-05-27,654.212
2020-05-26,663.831
2020-05-22,684.551
2020-05-21,689.254
2020-05-20,695.989
2020-05-19,713.969
2020-05-18,717.626
2020-05-15,738.576
2020-05-14,770.103
2020-05-13,758.283
2020-05-12,747.512
2020-05-11,753.573
2020-05-08,747.329
2020-05-07,754.125
2020-05-06,753.021
2020-05-05,754.962
2020-05-04,765.985
2020-05-01,762.325
2020-04-30,757.605
2020-04-29,763.908
2020-04-28,773.529
2020-04-27,773.65
2020-04-24,770.803
2020-04-23,762.547
2020-04-22,760.74
2020-04-21,762.898
2020-04-20,725.582
2020-04-17,713.024
2020-04-16,725.085
2020-04-15,728.865
2020-04-14,708.766
2020-04-13,731.858
2020-04-09,768.776
2020-04-08,824.334
2020-04-07,840.283
2020-04-06,869.394
2020-04-03,881.269
2020-04-02,919.174
2020-04-01,906.764
2020-03-31,882.383
2020-03-30,897.083
2020-03-27,927.799
2020-03-26,957.652
2020-03-25,1021.72
2020-03-24,1077.96
2020-03-23,1091.7
2020-03-20,1034.33
2020-03-19,986.707
2020-03-18,920.736
2020-03-17,856.895
2020-03-16,829.731
2020-03-13,744.834
2020-03-12,740.446
2020-03-11,676.819
2020-03-10,647.349
2020-03-09,633.254
2020-03-06,553.532
2020-03-05,544.994
2020-03-04,518.58
2020-03-03,537.13
2020-03-02,528.474
2020-02-28,533.133
2020-02-27,504.957
2020-02-26,471.161
2020-02-25,462.273
2020-02-24,451.25
2020-02-21,423.782
2020-02-20,417.564
2020-02-19,414.445
2020-02-18,417.421
2020-02-14,413.592
2020-02-13,411.88
2020-02-12,410.977
2020-02-11,418.106
2020-02-10,429.644
2020-02-07,426.612
2020-02-06,416.992
2020-02-05,422.379
2020-02-04,431.499
2020-02-03,442.654
2020-01-31,445.784
2020-01-30,434.127
2020-01-29,431.648
2020-01-28,427.756
2020-01-27,438.644
2020-01-24,413.477
2020-01-23,405.162
2020-01-22,396.597
2020-01-21,394.16
2020-01-17,388.332
2020-01-16,388.471
2020-01-15,391.429
2020-01-14,391.378
2020-01-13,392.155
2020-01-10,396.156
2020-01-09,395.99
2020-01-08,396.08
2020-01-07,399.798
2020-01-06,401.069
2020-01-03,401.568
2020-01-02,393.243
2019-12-31,393.216
2019-12-30,395.859
2019-12-27,393.786
2019-12-26,393.06
2019-12-24,395.08
2019-12-23,392.931
2019-12-20,395.671
2019-12-19,398.562
2019-12-18,399.74
2019-12-17,407.74
2019-12-16,414.182
2019-12-13,424.289
2019-12-12,422.782
2019-12-11,436.297
2019-12-10,436.571
2019-12-09,443.14
2019-12-06,444.868
2019-12-05,458.224
2019-12-04,464.336
2019-12-03,476.849
2019-12-02,465.851
2019-11-29,464.843
2019-11-27,465.013
2019-11-26,469.941
2019-11-25,471.394
2019-11-22,474.25
2019-11-21,476.629
2019-11-20,477.454
2019-11-19,470.425
2019-11-18,462.959
2019-11-15,459.192
2019-11-14,461.763
2019-11-13,456.34
2019-11-12,448.198
2019-11-08,446.371
2019-11-07,445.639
2019-11-06,453.613
2019-11-05,448.406
2019-11-04,452.414
2019-11-01,461.598
2019-10-31,463.937
2019-10-30,450.963
2019-10-29,442.886
2019-10-28,443.867
2019-10-25,447.238
2019-10-24,452.151
2019-10-23,451.493
2019-10-22,452.836
2019-10-21,449.103
2019-10-18,452.728
2019-10-17,451.165
2019-10-16,455.01
2019-10-15,451.558
2019-10-11,459.29
2019-10-10,471.605
2019-10-09,479.722
2019-10-08,487.86
2019-10-07,477.708
2019-10-04,493.149
2019-10-03,497.675
2019-10-02,485.782
2019-10-01,471.003
2019-09-30,463.045
2019-09-27,461.465
2019-09-26,458.258
2019-09-25,453.794
2019-09-24,457.772
2019-09-23,447.106
2019-09-20,447.146
2019-09-19,444.367
2019-09-18,443.016
2019-09-17,442.521
2019-09-16,441.731
2019-09-13,441.481
2019-09-12,448.598
2019-09-11,453.087
2019-09-10,451.244
2019-09-09,460.417
2019-09-06,470.131
2019-09-05,475.314
2019-09-04,487.774
2019-09-03,491.439
2019-08-30,482.104
2019-08-29,481.157
2019-08-28,485.975
2019-08-27,486.373
2019-08-26,484.322
2019-08-23,490.311
2019-08-22,476.022
2019-08-21,484.802
2019-08-20,495.642
2019-08-19,493.934
2019-08-16,504.728
2019-08-15,507.203
2019-08-14,504.223
2019-08-13,480.094
2019-08-12,493.2
2019-08-09,483.964
2019-08-08,486.979
2019-08-07,495.42
2019-08-06,491.175
2019-08-05,495.562
2019-08-02,456.007
2019-08-01,449.444
2019-07-31,434.388
2019-07-30,434.606
2019-07-29,431.199
2019-07-26,429.895
2019-07-25,432.447
2019-07-24,436.819
2019-07-23,437.28
2019-07-22,442.673
2019-07-19,443.284
2019-07-18,447.938
2019-07-17,439.162
2019-07-16,431.728
2019-07-15,432.365
2019-07-12,430.309
2019-07-11,427.897
2019-07-10,432.098
2019-07-09,431.52
2019-07-08,430.153
2019-07-05,428.773
2019-07-03,436.406
2019-07-02,437.156
2019-07-01,432.802
2019-06-28,440.25
2019-06-27,442.541
2019-06-26,440.217
2019-06-25,446.688
2019-06-24,439.762
2019-06-21,436.56
2019-06-20,435.596
2019-06-19,449.132
2019-06-18,444.877
2019-06-17,450.461
2019-06-14,452.029
2019-06-13,450.129
2019-06-12,447.974
2019-06-11,440.989
2019-06-10,443.143
2019-06-07,453.001
2019-06-06,470.947
2019-06-05,475.287
2019-06-04,478.951
2019-06-03,495.577
2019-05-31,482.875
2019-05-30,462.752
2019-05-29,459.499
2019-05-28,452.948
2019-05-24,444.697
2019-05-23,444.686
2019-05-22,431.607
2019-05-21,426.485
2019-05-20,430.581
2019-05-17,432.957
2019-05-16,433.159
2019-05-15,440.413
2019-05-14,434.372
2019-05-13,436.123
2019-05-10,416.921
2019-05-09,417.511
2019-05-08,406.642
2019-05-07,407.064
2019-05-06,399.991
2019-05-03,392.196
2019-05-02,394.986
2019-05-01,395.636
2019-04-30,397.823
2019-04-29,396.716
2019-04-26,399.232
2019-04-25,396.359
2019-04-24,396.763
2019-04-23,393.262
2019-04-22,393.407
2019-04-18,393.031
2019-04-17,388.304
2019-04-16,386.268
2019-04-15,389.071
2019-04-12,391.08
2019-04-11,400.725
2019-04-10,406.608
2019-04-09,405.767
2019-04-08,404.388
2019-04-05,407.337
2019-04-04,404.601
2019-04-03,404.416
2019-04-02,410.764
2019-04-01,407.312
2019-03-29,419.414
2019-03-28,427.283
2019-03-27,431.903
2019-03-26,428.403
2019-03-25,438.506
2019-03-22,426.978
2019-03-21,412.249
2019-03-20,415.299
2019-03-19,409.507
2019-03-18,408.986
2019-03-15,410.241
2019-03-14,409.676
2019-03-13,410.974
2019-03-12,416.571
2019-03-11,416.892
2019-03-08,421.378
2019-03-07,414.629
2019-03-06,407.262
2019-03-05,401.663
2019-03-04,400.511
2019-03-01,397.408
2019-02-28,404.494
2019-02-27,408.571
2019-02-26,414.081
2019-02-25,416.274
2019-02-22,418.815
2019-02-21,417.346
2019-02-20,419.802
2019-02-19,424.297
2019-02-15,420.447
2019-02-14,425.594
2019-02-13,421.551
2019-02-12,424.225
2019-02-11,432.369
2019-02-08,434.053
2019-02-07,429.381
2019-02-06,418.672
2019-02-05,420.566
2019-02-04,426.167
2019-02-01,430.75
2019-01-31,437.997
2019-01-30,441.818
2019-01-29,442.64
2019-01-28,441.576
2019-01-25,435.757
2019-01-24,444.681
2019-01-23,441.134
2019-01-22,441.863
2019-01-18,430.091
2019-01-17,439.927
2019-01-16,444.418
2019-01-15,452.032
2019-01-14,456.105
2019-01-11,452.282
2019-01-10,450.432
2019-01-09,452.772
2019-01-08,461.21
2019-01-07,477.381
2019-01-04,496.993
2019-01-03,536.79
2019-01-02,525.986
2018-12-31,521.029
2018-12-28,522.046
2018-12-27,524.635
2018-12-26,521.837
2018-12-24,525.834
2018-12-21,511.258
2018-12-20,500.013
2018-12-19,480.33
2018-12-18,464.314
2018-12-17,451.083
2018-12-14,439.944
2018-12-13,433.199
2018-12-12,433.126
2018-12-11,441.167
2018-12-10,447.188
2018-12-07,440.738
2018-12-06,437.75
2018-12-04,423.98
2018-12-03,412.385
2018-11-30,423.402
2018-11-29,420.171
2018-11-28,419.861
2018-11-27,425.887
2018-11-26,421.935
2018-11-23,423.917
2018-11-21,418.129
2018-11-20,424.766
2018-11-19,418.647
2018-11-16,413.779
2018-11-15,401.917
2018-11-14,392.906
2018-11-13,382.515
2018-11-09,364.238
2018-11-08,352.769
2018-11-07,352.607
2018-11-06,360.579
2018-11-05,364.233
2018-11-02,363.838
2018-11-01,375.621
2018-10-31,375.792
2018-10-30,382.145
2018-10-29,381.406
2018-10-26,380.292
2018-10-25,368.871
2018-10-24,368.445
2018-10-23,359.132
2018-10-22,349.081
2018-10-19,346.479
2018-10-18,347.186
2018-10-17,340.097
2018-10-16,342.533
2018-10-15,348.52
2018-10-12,347.845
2018-10-11,353.01
2018-10-10,352.815
2018-10-09,337.099
2018-10-05,327.435
2018-10-04,324.644
2018-10-03,316.983
2018-10-02,323.507
2018-10-01,323.458
2018-09-28,328.009
2018-09-27,328.759
2018-09-26,330.003
2018-09-25,327.193
2018-09-24,328.009
2018-09-21,328.51
2018-09-20,327.305
2018-09-19,328.559
2018-09-18,327.319
2018-09-17,332.801
2018-09-14,331.412
2018-09-13,334.314
2018-09-12,337.599
2018-09-11,338.819
2018-09-10,344.002
2018-09-07,344.813
2018-09-06,348.905
2018-09-05,345.312
2018-09-04,343.725
2018-08-31,344.437
2018-08-30,343.611
2018-08-29,339.033
2018-08-28,339.819
2018-08-27,342.667
2018-08-24,346.397
2018-08-23,347.233
2018-08-22,348.133
2018-08-21,348.702
2018-08-20,351.347
2018-08-17,349.044
2018-08-16,349.699
2018-08-15,353.108
2018-08-14,346.003
2018-08-13,349.153
2018-08-10,347.251
2018-08-09,339.833
2018-08-08,335.987
2018-08-07,334.511
2018-08-06,339.515
2018-08-03,339.573
2018-08-02,334.757
2018-08-01,333.306
2018-07-31,337.343
2018-07-30,339.783
2018-07-27,340.109
2018-07-26,339.674
2018-07-25,341.375
2018-07-24,343.967
2018-07-23,346.176
2018-07-20,349.728
2018-07-19,352.638
2018-07-18,349.807
2018-07-17,350.709
2018-07-16,351.33
2018-07-13,353.2
2018-07-12,352.994
2018-07-11,354.986
2018-07-10,353.703
2018-07-09,355.938
2018-07-06,362.345
2018-07-05,361.509
2018-07-03,363.032
2018-07-02,361.148
2018-06-29,357.68
2018-06-28,359.275
2018-06-27,353.075
2018-06-26,347.051
2018-06-25,344.308
2018-06-22,339.048
2018-06-21,339.189
2018-06-20,334.44
2018-06-19,340.319
2018-06-18,336.259
2018-06-15,335.039
2018-06-14,333.781
2018-06-13,333.63
2018-06-12,337.915
2018-06-11,340.885
2018-06-08,343.711
2018-06-07,345.627
2018-06-06,343.488
2018-06-05,348.214
2018-06-04,348.079
2018-06-01,353.916
2018-05-31,360.883
2018-05-30,365.237
2018-05-29,374.625
2018-05-25,352.961
2018-05-24,348.146
2018-05-23,346.354
2018-05-22,339.028
2018-05-21,339.198
2018-05-18,339.601
2018-05-17,334.092
2018-05-16,333.288
2018-05-15,335.48
2018-05-14,336.773
2018-05-11,338.85
2018-05-10,338.5
2018-05-09,338.665
2018-05-08,340.892
2018-05-07,341.508
2018-05-04,343.813
2018-05-03,344.739
2018-05-02,340.598
2018-05-01,341.445
2018-04-30,340.706
2018-04-27,340.397
2018-04-26,339.608
2018-04-25,339.196
2018-04-24,334.805
2018-04-23,330.451
2018-04-20,326.475
2018-04-19,327.441
2018-04-18,323.299
2018-04-17,326.591
2018-04-16,329.839
2018-04-13,333.395
2018-04-12,336.79
2018-04-11,345.982
2018-04-10,346.654
2018-04-09,354.453
2018-04-06,357.115
2018-04-05,349.943
2018-04-04,357.99
2018-04-03,360.262
2018-04-02,364.204
2018-03-29,360.742
2018-03-28,360.673
2018-03-27,360.804
2018-03-26,352.773
2018-03-23,356.077
2018-03-22,353.64
2018-03-21,344.674
2018-03-20,343.925
2018-03-19,346.436
2018-03-16,343.184
2018-03-15,352.168
2018-03-14,350.681
2018-03-13,347.566
2018-03-12,345.15
2018-03-09,343.929
2018-03-08,348.017
2018-03-07,347.665
2018-03-06,345.169
2018-03-05,351.027
2018-03-02,353.602
2018-03-01,354.591
2018-02-28,343.689
2018-02-27,340.535
2018-02-26,345.422
2018-02-23,350.729
2018-02-22,347.633
2018-02-21,340.802
2018-02-20,344.962
2018-02-16,347.859
2018-02-15,353.371
2018-02-14,363.553
2018-02-13,372.217
2018-02-12,365.358
2018-02-09,368.887
2018-02-08,355.96
2018-02-07,343.486
2018-02-06,347.004
2018-02-05,351.784
2018-02-02,328.599
2018-02-01,330.41
2018-01-31,333.908
2018-01-30,335.105
2018-01-29,330.99
2018-01-26,329.818
2018-01-25,334.397
2018-01-24,333.432
2018-01-23,336.62
2018-01-22,335.166
2018-01-19,334.599
2018-01-18,336.998
2018-01-17,337.032
2018-01-16,340.902
2018-01-12,341.949
2018-01-11,344.171
2018-01-10,345.406
2018-01-09,339.652
2018-01-08,343.664
2018-01-05,344.832
2018-01-04,355.312
2018-01-03,362.945
2018-01-02,368.748
2017-12-29,375.14
2017-12-28,373.567
2017-12-27,375.516
2017-12-26,373.802
2017-12-22,373.163
2017-12-21,374.222
2017-12-20,374.961
2017-12-19,375.769
2017-12-18,378.607
2017-12-15,379.726
2017-12-14,379.192
2017-12-13,379.209
2017-12-12,374.244
2017-12-11,376.043
2017-12-08,378.972
2017-12-07,379.288
2017-12-06,378.763
2017-12-05,375.698
2017-12-04,375.692
2017-12-01,378.781
2017-11-30,372.326
2017-11-29,378.086
2017-11-28,382.051
2017-11-27,382.64
2017-11-24,382.405
2017-11-22,384.916
2017-11-21,382.803
2017-11-20,387.185
2017-11-17,392.651
2017-11-16,393.051
2017-11-15,407.277
2017-11-14,397.222
2017-11-13,388.306
2017-11-10,390.004
2017-11-09,389.948
2017-11-08,382.0
2017-11-07,376.269
2017-11-06,373.352
2017-11-03,370.706
2017-11-02,367.931
2017-11-01,366.25
2017-10-31,366.336
2017-10-30,368.007
2017-10-27,364.049
2017-10-26,359.401
2017-10-25,360.624
2017-10-24,356.29
2017-10-23,360.75
2017-10-20,360.037
2017-10-19,365.553
2017-10-18,362.704
2017-10-17,366.207
2017-10-16,369.408
2017-10-13,374.645
2017-10-12,370.741
2017-10-11,367.909
2017-10-10,366.909
2017-10-06,366.851
2017-10-05,364.472
2017-10-04,368.12
2017-10-03,369.472
2017-10-02,369.193
2017-09-29,370.459
2017-09-28,374.432
2017-09-27,373.685
2017-09-26,377.071
2017-09-25,379.693
2017-09-22,377.778
2017-09-21,376.148
2017-09-20,376.929
2017-09-19,380.874
2017-09-18,383.792
2017-09-15,386.533
2017-09-14,388.776
2017-09-13,391.761
2017-09-12,393.935
2017-09-11,397.063
2017-09-08,404.089
2017-09-07,401.686
2017-09-06,399.923
2017-09-05,405.007
2017-09-01,396.471
2017-08-31,405.199
2017-08-30,408.389
2017-08-29,411.204
2017-08-28,408.22
2017-08-25,406.977
2017-08-24,407.755
2017-08-23,412.516
2017-08-22,408.419
2017-08-21,412.582
2017-08-18,411.429
2017-08-17,409.212
2017-08-16,403.306
2017-08-15,400.778
2017-08-14,404.543
2017-08-11,409.341
2017-08-10,403.579
2017-08-09,391.367
2017-08-08,382.837
2017-08-07,380.941
2017-08-04,378.755
2017-08-03,379.324
2017-08-02,375.536
2017-08-01,377.411
2017-07-31,375.345
2017-07-28,375.17
2017-07-27,373.638
2017-07-26,374.639
2017-07-25,371.663
2017-07-24,377.381
2017-07-21,378.892
2017-07-20,377.596
2017-07-19,380.109
2017-07-18,385.774
2017-07-17,384.543
2017-07-14,387.332
2017-07-13,389.422
2017-07-12,391.564
2017-07-11,393.031
2017-07-10,391.447
2017-07-07,389.582
2017-07-06,382.757
2017-07-05,381.223
2017-07-03,380.88
2017-06-30,384.746
2017-06-29,389.426
2017-06-28,392.134
2017-06-27,394.206
2017-06-26,398.809
2017-06-23,401.304
2017-06-22,402.849
2017-06-21,399.503
2017-06-20,392.111
2017-06-19,385.405
2017-06-16,390.017
2017-06-15,386.781
2017-06-14,389.796
2017-06-13,384.725
2017-06-12,389.463
2017-06-09,390.833
2017-06-08,392.378
2017-06-07,390.033
2017-06-06,389.996
2017-06-05,387.574
2017-06-02,390.146
2017-06-01,388.061
2017-05-31,390.655
2017-05-30,391.023
2017-05-26,388.428
2017-05-25,387.231
2017-05-24,390.831
2017-05-23,388.997
2017-05-22,392.357
2017-05-19,397.172
2017-05-18,402.405
2017-05-17,402.553
2017-05-16,390.589
2017-05-15,391.754
2017-05-12,394.104
2017-05-11,388.639
2017-05-10,388.926
2017-05-09,389.351
2017-05-08,389.761
2017-05-05,392.542
2017-05-04,390.819
2017-05-03,389.026
2017-05-02,391.375
2017-05-01,389.994
2017-04-28,392.867
2017-04-27,395.253
2017-04-26,394.107
2017-04-25,394.127
2017-04-24,402.702
2017-04-21,410.178
2017-04-20,412.17
2017-04-19,416.501
2017-04-18,419.83
2017-04-17,411.166
2017-04-13,410.235
2017-04-12,409.953
2017-04-11,404.196
2017-04-10,397.043
2017-04-07,395.752
2017-04-06,396.796
2017-04-05,398.642
2017-04-04,398.287
2017-04-03,401.097
2017-03-31,396.414
2017-03-30,397.218
2017-03-29,408.768
2017-03-28,413.101
2017-03-27,421.538
2017-03-24,416.192
2017-03-23,419.003
2017-03-22,422.186
2017-03-21,414.877
2017-03-20,406.591
2017-03-17,400.782
2017-03-16,399.274
2017-03-15,410.185
2017-03-14,408.392
2017-03-13,398.309
2017-03-10,397.182
2017-03-09,393.602
2017-03-08,387.709
2017-03-07,381.78
2017-03-06,373.828
2017-03-03,368.295
2017-03-02,366.043
2017-03-01,369.614
2017-02-28,378.671
2017-02-27,383.777
2017-02-24,389.407
2017-02-23,387.775
2017-02-22,387.754
2017-02-21,387.567
2017-02-17,394.483
2017-02-16,392.646
2017-02-15,389.507
2017-02-14,392.831
2017-02-13,397.094
2017-02-10,400.712
2017-02-09,404.156
2017-02-08,409.539
2017-02-07,402.3
2017-02-06,402.82
2017-02-03,400.339
2017-02-02,394.165
2017-02-01,395.806
2017-01-31,398.888
2017-01-30,395.749
2017-01-27,394.014
2017-01-26,394.408
2017-01-25,397.502
2017-01-24,404.398
2017-01-23,410.063
2017-01-20,402.13
2017-01-19,403.133
2017-01-18,404.174
2017-01-17,413.007
2017-01-13,406.442
2017-01-12,410.001
2017-01-11,408.768
2017-01-10,408.966
2017-01-09,411.476
2017-01-06,408.132
2017-01-05,423.038
2017-01-04,421.613
2017-01-03,426.568
2016-12-30,429.748
2016-12-29,428.818
2016-12-28,426.764
2016-12-27,422.599
2016-12-23,427.025
2016-12-22,428.663
2016-12-21,430.931
2016-12-20,430.239
2016-12-19,431.984
2016-12-16,428.677
2016-12-15,427.021
2016-12-14,426.545
2016-12-13,437.681
2016-12-12,442.033
2016-12-09,446.181
2016-12-08,455.879
2016-12-07,463.369
2016-12-06,467.344
2016-12-05,473.612
2016-12-02,479.501
2016-12-01,473.97
2016-11-30,478.735
2016-11-29,488.346
2016-11-28,485.119
2016-11-25,470.336
2016-11-23,485.832
2016-11-22,489.977
2016-11-21,494.395
2016-11-18,493.482
2016-11-17,495.614
2016-11-16,503.397
2016-11-15,503.686
2016-11-14,511.776
2016-11-10,500.694
2016-11-09,500.633
2016-11-08,509.709
2016-11-07,513.329
2016-11-04,526.89
2016-11-03,525.971
2016-11-02,524.256
2016-11-01,514.367
2016-10-31,503.108
2016-10-28,493.46
2016-10-27,486.054
2016-10-26,484.896
2016-10-25,483.657
2016-10-24,483.912
2016-10-21,487.623
2016-10-20,487.209
2016-10-19,492.045
2016-10-18,497.175
2016-10-17,497.411
2016-10-14,495.451
2016-10-13,499.656
2016-10-12,494.83
2016-10-11,493.449
2016-10-07,497.546
2016-10-06,499.699
2016-10-05,504.022
2016-10-04,508.079
2016-10-03,514.05
2016-09-30,517.877
2016-09-29,524.24
2016-09-28,526.41
2016-09-27,530.959
2016-09-26,530.017
2016-09-23,524.414
2016-09-22,525.768
2016-09-21,534.164
2016-09-20,536.023
2016-09-19,535.628
2016-09-16,538.476
2016-09-15,538.465
2016-09-14,537.26
2016-09-13,530.647
2016-09-12,525.443
2016-09-09,517.863
2016-09-08,514.807
2016-09-07,520.149
2016-09-06,522.157
2016-09-02,516.774
2016-09-01,524.237
2016-08-31,521.065
2016-08-30,521.911
2016-08-29,523.71
2016-08-26,519.558
2016-08-25,525.796
2016-08-24,527.082
2016-08-23,528.406
2016-08-22,530.18
2016-08-19,527.515
2016-08-18,531.054
2016-08-17,532.294
2016-08-16,532.859
2016-08-15,536.729
2016-08-12,541.597
2016-08-11,539.515
2016-08-10,545.219
2016-08-09,544.797
2016-08-08,548.999
2016-08-05,555.758
2016-08-04,565.032
2016-08-03,568.065
2016-08-02,569.174
2016-08-01,565.518
2016-07-29,567.904
2016-07-28,561.157
2016-07-27,558.02
2016-07-26,552.511
2016-07-25,545.99
2016-07-22,548.649
2016-07-21,551.37
2016-07-20,553.014
2016-07-19,558.492
2016-07-18,557.524
2016-07-15,559.114
2016-07-14,561.224
2016-07-13,569.926
2016-07-12,565.979
2016-07-11,582.398
2016-07-08,601.039
2016-07-07,609.17
2016-07-06,615.385
2016-07-05,615.998
2016-07-01,612.868
2016-06-30,619.879
2016-06-29,623.36
2016-06-28,641.521
2016-06-27,648.891
2016-06-24,622.532
2016-06-23,587.568
2016-06-22,600.062
2016-06-21,601.189
2016-06-20,606.791
2016-06-17,625.562
2016-06-16,631.406
2016-06-15,625.152
2016-06-14,621.994
2016-06-13,612.832
2016-06-10,604.186
2016-06-09,593.989
2016-06-08,593.249
2016-06-07,599.704
2016-06-06,605.505
2016-06-03,620.661
2016-06-02,612.698
2016-06-01,612.2
2016-05-31,611.914
2016-05-27,609.81
2016-05-26,614.678
2016-05-25,612.341
2016-05-24,617.728
2016-05-23,624.731
2016-05-20,625.088
2016-05-19,627.403
2016-05-18,621.17
2016-05-17,625.917
2016-05-16,632.074
2016-05-13,640.602
2016-05-12,637.489
2016-05-11,644.108
2016-05-10,647.103
2016-05-09,651.48
2016-05-06,645.045
2016-05-05,655.525
2016-05-04,650.349
2016-05-03,642.575
2016-05-02,629.046
2016-04-29,634.237
2016-04-28,635.639
2016-04-27,640.906
2016-04-26,641.045
2016-04-25,643.502
2016-04-22,642.948
2016-04-21,646.303
2016-04-20,649.313
2016-04-19,662.493
2016-04-18,675.299
2016-04-15,676.646
2016-04-14,673.944
2016-04-13,683.032
2016-04-12,695.897
2016-04-11,706.382
2016-04-08,709.607
2016-04-07,716.297
2016-04-06,710.066
2016-04-05,716.75
2016-04-04,709.602
2016-04-01,708.797
2016-03-31,718.134
2016-03-30,719.177
2016-03-29,724.215
2016-03-28,711.53
2016-03-24,707.096
2016-03-23,700.028
2016-03-22,692.85
2016-03-21,694.059
2016-03-18,701.883
2016-03-17,707.071
2016-03-16,716.941
2016-03-15,706.736
2016-03-14,700.706
2016-03-11,704.354
2016-03-10,723.146
2016-03-09,733.669
2016-03-08,734.473
2016-03-07,723.838
2016-03-04,728.178
2016-03-03,744.91
2016-03-02,751.313
2016-03-01,766.664
2016-02-29,790.609
2016-02-26,797.378
2016-02-25,815.132
2016-02-24,821.036
2016-02-23,820.146
2016-02-22,813.64
2016-02-19,823.83
2016-02-18,825.538
2016-02-17,828.105
2016-02-16,849.795
2016-02-12,859.948
2016-02-11,873.068
2016-02-10,852.029
2016-02-09,847.022
2016-02-08,824.242
2016-02-05,798.026
2016-02-04,796.196
2016-02-03,797.618
2016-02-02,794.981
2016-02-01,776.989
2016-01-29,776.663
2016-01-28,777.61
2016-01-27,784.914
2016-01-26,790.534
2016-01-25,792.47
2016-01-22,792.039
2016-01-21,813.982
2016-01-20,818.731
2016-01-19,791.66
2016-01-15,788.126
2016-01-14,761.82
2016-01-13,750.915
2016-01-12,740.606
2016-01-11,739.803
2016-01-08,751.106
2016-01-07,748.62
2016-01-06,735.401
2016-01-05,725.531
2016-01-04,728.868
2015-12-31,718.951
2015-12-30,720.911
2015-12-29,720.686
2015-12-28,729.414
2015-12-24,728.734
2015-12-23,730.057
2015-12-22,738.929
2015-12-21,744.594
2015-12-18,741.322
2015-12-17,731.358
2015-12-16,729.023
2015-12-15,737.7
2015-12-14,749.986
2015-12-11,728.324
2015-12-10,696.07
2015-12-09,694.713
2015-12-08,690.753
2015-12-07,677.004
2015-12-04,666.164
2015-12-03,663.69
2015-12-02,666.809
2015-12-01,663.951
2015-11-30,667.173
2015-11-27,668.448
2015-11-25,667.278
2015-11-24,665.382
2015-11-23,660.501
2015-11-20,660.322
2015-11-19,657.868
2015-11-18,653.544
2015-11-17,650.488
2015-11-16,658.057
2015-11-13,652.085
2015-11-12,639.407
2015-11-10,627.017
2015-11-09,617.654
2015-11-06,609.796
2015-11-05,602.604
2015-11-04,599.14
2015-11-03,599.891
2015-11-02,604.548
2015-10-30,609.497
2015-10-29,611.172
2015-10-28,617.84
2015-10-27,628.26
2015-10-26,623.092
2015-10-23,620.011
2015-10-22,631.133
2015-10-21,628.677
2015-10-20,628.773
2015-10-19,632.291
2015-10-16,636.327
2015-10-15,643.13
2015-10-14,640.612
2015-10-13,635.712
2015-10-09,632.87
2015-10-08,645.954
2015-10-07,649.397
2015-10-06,664.768
2015-10-05,678.679
2015-10-02,695.163
2015-10-01,679.925
2015-09-30,675.245
2015-09-29,675.257
2015-09-28,661.923
2015-09-25,634.13
2015-09-24,633.637
2015-09-23,617.927
2015-09-22,610.934
2015-09-21,596.343
2015-09-18,595.124
2015-09-17,581.456
2015-09-16,580.765
2015-09-15,586.232
2015-09-14,583.595
2015-09-11,579.354
2015-09-10,579.092
2015-09-09,578.68
2015-09-08,583.598
2015-09-04,588.597
2015-09-03,605.649
2015-09-02,611.935
2015-09-01,609.877
2015-08-31,606.048
2015-08-28,610.541
2015-08-27,615.836
2015-08-26,630.228
2015-08-25,632.317
2015-08-24,643.52
2015-08-21,610.688
2015-08-20,600.028
2015-08-19,587.005
2015-08-18,583.669
2015-08-17,578.696
2015-08-14,575.646
2015-08-13,578.484
2015-08-12,582.814
2015-08-11,569.602
2015-08-10,556.494
2015-08-07,553.781
2015-08-06,547.816
2015-08-05,543.707
2015-08-04,548.034
2015-08-03,545.889
2015-07-31,535.924
2015-07-30,538.882
2015-07-29,544.632
2015-07-28,551.969
2015-07-27,553.448
2015-07-24,539.16
2015-07-23,531.789
2015-07-22,528.176
2015-07-21,514.719
2015-07-20,512.194
2015-07-17,511.516
2015-07-16,507.616
2015-07-15,510.593
2015-07-14,512.02
2015-07-13,507.854
2015-07-10,515.503
2015-07-09,520.405
2015-07-08,521.925
2015-07-07,517.305
2015-07-06,506.318
2015-07-02,493.655
2015-07-01,493.614
2015-06-30,499.528
2015-06-29,499.622
2015-06-26,482.871
2015-06-25,481.177
2015-06-24,479.171
2015-06-23,478.519
2015-06-22,485.321
2015-06-19,492.473
2015-06-18,489.916
2015-06-17,492.742
2015-06-16,490.445
2015-06-15,483.742
2015-06-12,474.826
2015-06-11,474.804
2015-06-10,470.881
2015-06-09,473.964
2015-06-08,474.055
2015-06-05,465.238
2015-06-04,468.402
2015-06-03,458.865
2015-06-02,463.042
2015-06-01,466.745
2015-05-29,471.427
2015-05-28,470.728
2015-05-27,467.461
2015-05-26,465.561
2015-05-22,462.241
2015-05-21,468.127
2015-05-20,466.666
2015-05-19,462.46
2015-05-18,464.943
2015-05-15,471.194
2015-05-14,468.356
2015-05-13,464.909
2015-05-12,467.552
2015-05-11,460.781
2015-05-08,470.622
2015-05-07,473.52
2015-05-06,468.766
2015-05-05,470.288
2015-05-04,472.886
2015-05-01,475.203
2015-04-30,481.927
2015-04-29,482.99
2015-04-28,481.39
2015-04-27,486.006
2015-04-24,487.627
2015-04-23,486.089
2015-04-22,484.828
2015-04-21,491.054
2015-04-20,491.878
2015-04-17,493.586
2015-04-16,490.901
2015-04-15,492.147
2015-04-14,493.678
2015-04-13,493.342
2015-04-10,490.204
2015-04-09,490.002
2015-04-08,499.118
2015-04-07,505.902
2015-04-06,512.049
2015-04-02,512.342
2015-04-01,517.472
2015-03-31,515.146
2015-03-30,514.052
2015-03-27,514.418
2015-03-26,511.41
2015-03-25,515.034
2015-03-24,521.384
2015-03-23,520.642
2015-03-20,521.301
2015-03-19,522.357
2015-03-18,530.929
2015-03-17,517.4
2015-03-16,512.324
2015-03-13,504.145
2015-03-12,496.893
2015-03-11,497.051
2015-03-10,495.519
2015-03-09,483.568
2015-03-06,475.075
2015-03-05,470.811
2015-03-04,471.537
2015-03-03,466.918
2015-03-02,468.405
2015-02-27,477.154
2015-02-26,476.528
2015-02-25,485.783
2015-02-24,490.686
2015-02-23,487.307
2015-02-20,484.228
2015-02-19,485.531
2015-02-18,490.839
2015-02-17,486.345
2015-02-13,496.502
2015-02-12,503.483
2015-02-11,502.728
2015-02-10,504.254
2015-02-09,504.718
2015-02-06,508.751
2015-02-05,524.473
2015-02-04,536.178
2015-02-03,536.311
2015-02-02,552.467
2015-01-30,554.936
2015-01-29,546.592
2015-01-28,548.363
2015-01-27,542.613
2015-01-26,542.794
2015-01-23,546.152
2015-01-22,546.623
2015-01-21,552.053
2015-01-20,557.553
2015-01-16,556.652
2015-01-15,565.629
2015-01-14,553.933
2015-01-13,545.485
2015-01-12,548.56
2015-01-09,543.711
2015-01-08,540.372
2015-01-07,551.573
2015-01-06,555.549
2015-01-05,537.599
2015-01-02,521.812
2014-12-31,531.859
2014-12-30,532.186
2014-12-29,530.492
2014-12-26,526.484
2014-12-24,526.58
2014-12-23,527.462
2014-12-22,537.556
2014-12-19,546.487
2014-12-18,558.784
2014-12-17,584.429
2014-12-16,602.287
2014-12-15,582.65
2014-12-12,571.106
2014-12-11,547.963
2014-12-10,543.427
2014-12-09,522.685
2014-12-08,506.172
2014-12-05,495.745
2014-12-04,503.388
2014-12-03,496.599
2014-12-02,493.668
2014-12-01,489.419
2014-11-28,479.002
2014-11-26,479.413
2014-11-25,477.488
2014-11-24,468.451
2014-11-21,468.607
2014-11-20,471.208
2014-11-19,467.397
2014-11-18,464.517
2014-11-17,458.408
2014-11-14,453.103
2014-11-13,447.574
2014-11-12,441.479
2014-11-10,440.548
2014-11-07,444.296
2014-11-06,439.372
2014-11-05,440.948
2014-11-04,442.385
2014-11-03,436.716
2014-10-31,436.926
2014-10-30,442.027
2014-10-29,440.775
2014-10-28,444.536
2014-10-27,448.409
2014-10-24,447.076
2014-10-23,448.057
2014-10-22,458.827
2014-10-21,461.562
2014-10-20,473.563
2014-10-17,478.102
2014-10-16,494.418
2014-10-15,498.352
2014-10-14,480.964
2014-10-10,460.762
2014-10-09,449.25
2014-10-08,442.983
2014-10-07,434.142
2014-10-06,425.625
2014-10-03,427.472
2014-10-02,435.134
2014-10-01,438.797
2014-09-30,433.107
2014-09-29,436.875
2014-09-26,424.831
2014-09-25,421.028
2014-09-24,406.853
2014-09-23,406.603
2014-09-22,398.708
2014-09-19,394.22
2014-09-18,394.685
2014-09-17,396.005
2014-09-16,399.965
2014-09-15,396.278
2014-09-12,390.868
2014-09-11,391.258
2014-09-10,388.792
2014-09-09,385.708
2014-09-08,385.377
2014-09-05,384.243
2014-09-04,383.882
2014-09-03,379.478
2014-09-02,372.892
2014-08-29,369.852
2014-08-28,369.39
2014-08-27,368.446
2014-08-26,367.682
2014-08-25,366.117
2014-08-22,365.877
2014-08-21,367.443
2014-08-20,369.083
2014-08-19,375.115
2014-08-18,382.829
2014-08-15,384.964
2014-08-14,385.372
2014-08-13,391.622
2014-08-12,399.342
2014-08-11,403.585
2014-08-08,410.169
2014-08-07,412.502
2014-08-06,411.423
2014-08-05,410.002
2014-08-04,412.089
2014-08-01,407.383
2014-07-31,382.8
2014-07-30,369.195
2014-07-29,371.785
2014-07-28,363.265
2014-07-25,360.977
2014-07-24,357.632
2014-07-23,361.689
2014-07-22,365.542
2014-07-21,365.339
2014-07-18,359.237
2014-07-17,359.681
2014-07-16,348.36
2014-07-15,345.722
2014-07-14,342.404
2014-07-11,342.562
2014-07-10,344.13
2014-07-09,337.028
2014-07-08,335.166
2014-07-07,329.078
2014-07-03,326.589
2014-07-02,327.818
2014-07-01,330.304
2014-06-30,335.532
2014-06-27,336.797
2014-06-26,334.455
2014-06-25,328.491
2014-06-24,324.115
2014-06-23,326.152
2014-06-20,327.177
2014-06-19,329.063
2014-06-18,332.626
2014-06-17,331.31
2014-06-16,334.495
2014-06-13,334.596
2014-06-12,335.195
2014-06-11,334.335
2014-06-10,333.046
2014-06-09,336.928
2014-06-06,340.31
2014-06-05,345.523
2014-06-04,344.193
2014-06-03,346.196
2014-06-02,345.71
2014-05-30,349.64
2014-05-29,352.865
2014-05-28,356.713
2014-05-27,352.283
2014-05-23,351.49
2014-05-22,351.041
2014-05-21,354.784
2014-05-20,357.599
2014-05-19,355.439
2014-05-16,355.458
2014-05-15,358.595
2014-05-14,354.925
2014-05-13,351.947
2014-05-12,350.344
2014-05-09,353.708
2014-05-08,354.122
2014-05-07,354.877
2014-05-06,355.337
2014-05-05,354.5
2014-05-02,355.429
2014-05-01,374.997
2014-04-30,374.473
2014-04-29,385.595
2014-04-28,385.963
2014-04-25,387.459
2014-04-24,383.46
2014-04-23,381.956
2014-04-22,381.448
2014-04-21,382.258
2014-04-17,382.417
2014-04-16,387.249
2014-04-15,390.024
2014-04-14,389.762
2014-04-11,392.744
2014-04-10,387.58
2014-04-09,386.935
2014-04-08,384.995
2014-04-07,383.757
2014-04-04,382.046
2014-04-03,376.191
2014-04-02,376.576
2014-04-01,382.273
2014-03-31,384.961
2014-03-28,385.983
2014-03-27,389.258
2014-03-26,389.712
2014-03-25,387.596
2014-03-24,389.613
2014-03-21,391.33
2014-03-20,390.753
2014-03-19,389.546
2014-03-18,403.555
2014-03-17,404.597
2014-03-14,409.017
2014-03-13,406.223
2014-03-12,399.309
2014-03-11,394.985
2014-03-10,393.538
2014-03-07,394.657
2014-03-06,395.163
2014-03-05,396.044
2014-03-04,396.566
2014-03-03,405.427
2014-02-28,399.322
2014-02-27,403.023
2014-02-26,405.235
2014-02-25,406.697
2014-02-24,407.719
2014-02-21,411.624
2014-02-20,412.284
2014-02-19,415.137
2014-02-18,419.401
2014-02-14,417.877
2014-02-13,421.025
2014-02-12,416.564
2014-02-11,422.922
2014-02-10,431.559
2014-02-07,434.543
2014-02-06,385.932
2014-02-05,392.068
2014-02-04,394.674
2014-01-31,383.659
2014-01-30,379.611
2014-01-29,385.043
2014-01-28,370.816
2014-01-27,373.493
2014-01-24,371.955
2014-01-23,356.487
2014-01-22,346.993
2014-01-21,349.265
2014-01-20,351.463
2014-01-17,351.463
2014-01-16,350.663
2014-01-15,350.58
2014-01-14,355.734
2014-01-13,360.421
2014-01-10,356.289
2014-01-09,349.72
2014-01-08,351.611
2014-01-07,359.311
2014-01-06,361.625
2014-01-03,354.694
2014-01-02,356.816
2013-12-31,351.453
2013-12-30,356.42
2013-12-27,351.62
2013-12-26,349.435
2013-12-25,353.708
2013-12-24,353.708
2013-12-23,359.753
2013-12-20,364.35
2013-12-19,368.812
2013-12-18,372.461
2013-12-17,379.334
2013-12-16,372.326
2013-12-13,373.055
2013-12-12,374.098
2013-12-11,375.021
2013-12-10,379.511
2013-12-09,380.865
2013-12-06,379.072
2013-12-05,385.141
2013-12-04,385.36
2013-12-03,384.766
2013-12-02,378.186
2013-11-29,384.868
2013-11-28,385.872
2013-11-27,385.872
2013-11-26,390.562
2013-11-25,390.039
2013-11-22,390.978
2013-11-21,394.402
2013-11-20,396.956
2013-11-19,397.424
2013-11-18,399.247
2013-11-15,398.745
2013-11-14,403.341
2013-11-13,405.106
2013-11-12,398.286
2013-11-11,391.414
2013-11-08,391.414
2013-11-07,398.166
2013-11-06,395.06
2013-11-05,393.744
2013-11-04,394.322
2013-11-01,389.399
2013-10-31,391.201
2013-10-30,393.844
2013-10-29,393.697
2013-10-28,392.53
2013-10-25,394.827
2013-10-24,392.502
2013-10-23,396.083
2013-10-22,393.683
2013-10-21,390.176
2013-10-18,394.945
2013-10-17,400.69
2013-10-16,406.997
2013-10-15,407.97
2013-10-14,411.458
2013-10-11,411.458
2013-10-10,414.009
2013-10-09,418.022
2013-10-08,421.006
2013-10-07,420.191
2013-10-04,419.133
2013-10-03,427.258
2013-10-02,428.425
2013-10-01,429.039
2013-09-30,424.12
2013-09-27,415.294
2013-09-26,413.262
2013-09-25,412.693
2013-09-24,409.08
2013-09-23,404.972
2013-09-20,399.728
2013-09-19,397.827
2013-09-18,411.517
2013-09-17,403.982
2013-09-16,404.741
2013-09-13,409.395
2013-09-12,408.154
2013-09-11,413.015
2013-09-10,409.626
2013-09-09,413.568
2013-09-06,413.294
2013-09-05,408.267
2013-09-04,414.102
2013-09-03,414.566
2013-08-30,419.361
2013-08-29,423.115
2013-08-28,427.422
2013-08-27,432.134
2013-08-26,423.154
2013-08-23,424.723
2013-08-22,418.932
2013-08-21,417.842
2013-08-20,421.582
2013-08-19,412.183
2013-08-16,410.851
2013-08-15,413.494
2013-08-14,415.304
2013-08-13,413.407
2013-08-12,421.735
2013-08-09,422.075
2013-08-08,422.727
2013-08-07,421.58
2013-08-06,417.55
2013-08-05,413.77
2013-08-02,412.584
2013-08-01,404.126
2013-07-31,411.786
2013-07-30,408.087
2013-07-29,408.494
2013-07-26,406.144
2013-07-25,402.495
2013-07-24,390.924
2013-07-23,392.59
2013-07-22,394.5
2013-07-19,398.255
2013-07-18,402.388
2013-07-17,413.882
2013-07-16,415.889
2013-07-15,418.927
2013-07-12,429.029
2013-07-11,439.299
2013-07-10,448.345
2013-07-09,449.249
2013-07-08,451.747
2013-07-05,434.334
2013-07-04,451.349
2013-07-03,451.349
2013-07-02,456.038
2013-07-01,457.549
2013-06-28,461.694
2013-06-27,466.464
2013-06-26,474.039
2013-06-25,474.872
2013-06-24,474.322
2013-06-21,443.208
2013-06-20,454.69
2013-06-19,437.684
2013-06-18,460.693
2013-06-17,452.999
2013-06-14,457.686
2013-06-13,478.993
2013-06-12,451.121
2013-06-11,455.639
2013-06-10,443.777
2013-06-07,451.62
2013-06-06,460.414
2013-06-05,447.39
2013-06-04,417.325
2013-06-03,413.33
2013-05-31,374.041
2013-05-30,364.877
2013-05-29,363.909
2013-05-28,345.222
2013-05-27,352.095
2013-05-24,352.095
2013-05-23,350.842
2013-05-22,341.162
2013-05-21,347.238
2013-05-20,343.713
2013-05-17,344.45
2013-05-16,348.061
2013-05-15,346.059
2013-05-14,340.452
2013-05-13,339.522
2013-05-10,332.123
2013-05-09,333.125
2013-05-08,333.723
2013-05-07,336.001
2013-05-06,341.008
2013-05-03,346.078
2013-05-02,355.669
2013-05-01,364.286
2013-04-30,367.923
2013-04-29,373.748
2013-04-26,376.615
2013-04-25,377.611
2013-04-24,381.223
2013-04-23,384.433
2013-04-22,390.294
2013-04-19,392.254
2013-04-18,394.338
2013-04-17,394.089
2013-04-16,391.898
2013-04-15,395.919
2013-04-12,391.433
2013-04-11,386.703
2013-04-10,390.222
2013-04-09,397.798
2013-04-08,399.768
2013-04-05,403.485
2013-04-04,400.074
2013-04-03,397.146
2013-04-02,393.836
2013-04-01,395.279
2013-03-29,390.432
2013-03-28,390.432
2013-03-27,391.868
2013-03-26,386.799
2013-03-25,388.748
2013-03-22,385.577
2013-03-21,387.487
2013-03-20,386.618
2013-03-19,392.051
2013-03-18,388.715
2013-03-15,387.779
2013-03-14,385.465
2013-03-13,388.174
2013-03-12,389.377
2013-03-11,386.495
2013-03-08,390.858
2013-03-07,395.377
2013-03-06,402.916
2013-03-05,408.962
2013-03-04,414.28
2013-03-01,417.768
2013-02-28,412.177
2013-02-27,413.444
2013-02-26,420.961
2013-02-25,421.884
2013-02-22,416.398
2013-02-21,414.457
2013-02-20,411.127
2013-02-19,408.958
2013-02-18,415.782
2013-02-15,415.782
2013-02-14,415.186
2013-02-13,409.787
2013-02-12,417.147
2013-02-11,416.84
2013-02-08,417.807
2013-02-07,418.043
2013-02-06,415.152
2013-02-05,411.571
2013-02-04,407.887
2013-02-01,401.356
2013-01-31,402.488
2013-01-30,394.721
2013-01-29,387.161
2013-01-28,387.218
2013-01-25,388.22
2013-01-24,398.761
2013-01-23,400.783
2013-01-22,401.747
2013-01-21,402.792
2013-01-18,402.792
2013-01-17,401.044
2013-01-16,410.764
2013-01-15,411.073
2013-01-14,408.259
2013-01-11,407.149
2013-01-10,405.702
2013-01-09,412.164
2013-01-08,414.385
2013-01-07,411.914
2013-01-04,409.752
2013-01-03,412.343
2013-01-02,420.015
2012-12-31,426.23
2012-12-28,437.354
2012-12-27,435.189
2012-12-26,425.317
2012-12-25,427.65
2012-12-24,427.65
2012-12-21,427.864
2012-12-20,426.255
2012-12-19,424.097
2012-12-18,423.909
2012-12-17,425.921
2012-12-14,434.655
2012-12-13,433.066
2012-12-12,436.255
2012-12-11,441.089
2012-12-10,446.762
2012-12-07,450.609
2012-12-06,456.829
2012-12-05,460.749
2012-12-04,464.829
2012-12-03,469.807
2012-11-30,468.886
2012-11-29,472.244
2012-11-28,474.284
2012-11-27,474.631
2012-11-26,476.053
2012-11-23,480.602
2012-11-21,483.678
2012-11-20,484.432
2012-11-19,488.359
2012-11-16,494.267
2012-11-15,489.183
2012-11-14,482.146
2012-11-13,473.7
2012-11-12,468.959
2012-11-09,471.222
2012-11-08,472.233
2012-11-07,464.519
2012-11-06,457.204
2012-11-05,460.037
2012-11-02,459.077
2012-11-01,460.638
2012-10-31,460.598
2012-10-30,457.212
2012-10-29,462.545
2012-10-26,459.406
2012-10-25,452.798
2012-10-24,456.44
2012-10-23,456.265
2012-10-22,449.978
2012-10-19,452.061
2012-10-18,446.237
2012-10-17,450.692
2012-10-16,457.998
2012-10-15,462.896
2012-10-12,466.136
2012-10-11,466.755
2012-10-10,471.955
2012-10-09,465.575
2012-10-08,461.593
2012-10-05,462.993
2012-10-04,470.975
2012-10-03,473.134
2012-10-02,473.259
2012-10-01,477.613
2012-09-28,456.048
2012-09-27,457.496
2012-09-26,456.868
2012-09-25,447.211
2012-09-24,438.357
2012-09-21,433.487
2012-09-20,434.21
2012-09-19,428.979
2012-09-18,431.662
2012-09-17,429.237
2012-09-14,432.94
2012-09-13,446.447
2012-09-12,447.177
2012-09-11,457.277
2012-09-10,463.339
2012-09-07,463.864
2012-09-06,468.808
2012-09-05,476.724
2012-09-04,475.643
2012-09-03,477.294
2012-08-31,481.139
2012-08-30,474.253
2012-08-29,472.918
2012-08-28,474.65
2012-08-27,471.596
2012-08-24,473.5
2012-08-23,474.333
2012-08-22,472.388
2012-08-21,464.99
2012-08-20,468.615
2012-08-17,466.413
2012-08-16,463.848
2012-08-15,470.172
2012-08-14,467.162
2012-08-13,469.367
2012-08-10,470.38
2012-08-09,468.667
2012-08-08,467.715
2012-08-07,472.745
2012-08-06,476.465
2012-08-03,481.432
2012-08-02,483.205
2012-08-01,488.37
2012-07-31,498.079
2012-07-30,499.35
2012-07-27,499.216
2012-07-26,506.927
2012-07-25,515.311
2012-07-24,512.51
2012-07-23,504.36
2012-07-20,508.466
2012-07-19,503.27
2012-07-18,504.298
2012-07-17,503.928
2012-07-16,506.949
2012-07-13,507.272
2012-07-12,507.745
2012-07-11,503.553
2012-07-10,505.954
2012-07-09,498.66
2012-07-06,499.687
2012-07-05,498.984
2012-07-04,505.284
2012-07-03,498.855
2012-07-02,504.63
2012-06-29,504.587
2012-06-28,515.619
2012-06-27,516.771
2012-06-26,518.694
2012-06-25,519.908
2012-06-22,512.858
2012-06-21,514.967
2012-06-20,514.792
2012-06-19,527.481
2012-06-18,536.581
2012-06-15,538.958
2012-06-14,539.397
2012-06-13,540.643
2012-06-12,537.363
2012-06-11,540.619
2012-06-08,539.55
2012-06-07,542.366
2012-06-06,544.999
2012-06-05,551.649
2012-06-04,543.661
2012-06-01,541.247
2012-05-31,529.27
2012-05-30,528.992
2012-05-29,515.668
2012-05-28,514.555
2012-05-25,519.506
2012-05-24,521.09
2012-05-23,522.26
2012-05-22,522.213
2012-05-21,526.082
2012-05-18,514.387
2012-05-17,509.573
2012-05-16,492.889
2012-05-15,480.437
2012-05-14,477.093
2012-05-11,470.669
2012-05-10,470.43
2012-05-09,470.402
2012-05-08,471.707
2012-05-07,470.056
2012-05-04,477.774
2012-05-03,475.943
2012-05-02,478.038
2012-05-01,477.287
2012-04-30,479.422
2012-04-27,483.116
2012-04-26,486.242
2012-04-25,485.838
2012-04-24,485.615
2012-04-23,494.896
2012-04-20,492.3
2012-04-19,491.465
2012-04-18,493.643
2012-04-17,492.098
2012-04-16,494.472
2012-04-13,496.746
2012-04-12,493.391
2012-04-11,497.483
2012-04-10,496.75
2012-04-09,487.127
2012-04-06,484.772
2012-04-05,475.226
2012-04-04,474.082
2012-04-03,466.818
2012-04-02,477.296
2012-03-30,473.926
2012-03-29,478.093
2012-03-28,475.23
2012-03-27,474.989
2012-03-26,465.7
2012-03-23,468.517
2012-03-22,463.759
2012-03-21,461.561
2012-03-20,454.969
2012-03-19,450.149
2012-03-16,458.67
2012-03-15,454.394
2012-03-14,454.241
2012-03-13,465.428
2012-03-12,472.724
2012-03-09,473.49
2012-03-08,478.867
2012-03-07,481.705
2012-03-06,484.932
2012-03-05,468.878
2012-03-02,468.39
2012-03-01,461.044
2012-02-29,461.601
2012-02-28,466.133
2012-02-27,470.737
2012-02-24,469.222
2012-02-23,469.966
2012-02-22,477.353
2012-02-21,472.615
2012-02-20,475.0
2012-02-17,481.386
2012-02-16,482.928
2012-02-15,491.427
2012-02-14,488.364
2012-02-13,487.941
2012-02-10,492.322
2012-02-09,485.733
2012-02-08,485.96
2012-02-07,494.976
2012-02-06,501.606
2012-02-03,503.613
2012-02-02,511.627
2012-02-01,510.569
2012-01-31,514.684
2012-01-30,506.445
2012-01-27,503.13
2012-01-26,505.784
2012-01-25,508.093
2012-01-24,506.303
2012-01-23,507.142
2012-01-20,510.894
2012-01-19,520.625
2012-01-18,527.698
2012-01-17,530.019
2012-01-16,527.584
2012-01-13,531.738
2012-01-12,524.081
2012-01-11,526.862
2012-01-10,520.072
2012-01-09,522.309
2012-01-06,523.585
2012-01-05,525.406
2012-01-04,525.035
2012-01-03,521.003
