Date,USD IG OAS
2022-10-31,183.566
2022-10-28,184.495
2022-10-27,190.219
2022-10-26,188.05
2022-10-25,186.661
2022-10-24,188.976
2022-10-21,191.853
2022-10-20,189.815
2022-10-19,191.912
2022-10-18,190.877
2022-10-17,192.386
2022-10-14,193.894
2022-10-13,192.214
2022-10-12,193.576
2022-10-11,188.651
2022-10-10,182.114
2022-10-07,183.035
2022-10-06,179.457
2022-10-05,181.169
2022-10-04,183.068
2022-10-03,184.954
2022-09-30,187.504
2022-09-29,190.67
2022-09-28,186.65
2022-09-27,187.675
2022-09-26,176.575
2022-09-23,170.314
2022-09-22,165.658
2022-09-21,163.179
2022-09-20,163.625
2022-09-19,162.189
2022-09-16,163.959
2022-09-15,161.286
2022-09-14,161.269
2022-09-13,163.549
2022-09-12,162.767
2022-09-09,164.175
2022-09-08,166.29
2022-09-07,168.376
2022-09-06,168.683
2022-09-02,167.235
2022-09-01,165.13
2022-08-31,163.129
2022-08-30,161.103
2022-08-29,160.535
2022-08-26,158.273
2022-08-25,156.642
2022-08-24,158.845
2022-08-23,160.03
2022-08-22,162.348
2022-08-19,160.774
2022-08-18,159.151
2022-08-17,158.082
2022-08-16,158.323
2022-08-15,157.11
2022-08-12,155.994
2022-08-11,160.812
2022-08-10,164.093
2022-08-09,167.759
2022-08-08,167.052
2022-08-05,165.068
2022-08-04,164.466
2022-08-03,165.19
2022-08-02,165.873
2022-08-01,168.963
2022-07-29,166.771
2022-07-28,169.393
2022-07-27,169.263
2022-07-26,172.43
2022-07-25,172.232
2022-07-22,171.219
2022-07-21,170.469
2022-07-20,170.534
2022-07-19,170.62
2022-07-18,173.473
2022-07-15,173.843
2022-07-14,175.873
2022-07-13,174.72
2022-07-12,175.657
2022-07-11,173.824
2022-07-08,170.423
2022-07-07,175.111
2022-07-06,179.53
2022-07-05,183.541
2022-07-01,180.88
2022-06-30,178.375
2022-06-29,174.964
2022-06-28,173.195
2022-06-27,170.886
2022-06-24,169.244
2022-06-23,171.865
2022-06-22,170.974
2022-06-21,165.666
2022-06-17,165.031
2022-06-16,168.569
2022-06-15,162.855
2022-06-14,161.863
2022-06-13,159.97
2022-06-10,156.008
2022-06-09,153.397
2022-06-08,150.658
2022-06-07,150.118
2022-06-06,149.055
2022-06-03,151.059
2022-06-02,150.354
2022-06-01,151.256
2022-05-31,151.302
2022-05-27,154.175
2022-05-26,156.575
2022-05-25,162.118
2022-05-24,169.009
2022-05-23,171.017
2022-05-20,172.439
2022-05-19,170.569
2022-05-18,169.79
2022-05-17,165.162
2022-05-16,166.46
2022-05-13,164.721
2022-05-12,163.351
2022-05-11,161.614
2022-05-10,160.962
2022-05-09,162.853
2022-05-06,155.771
2022-05-05,155.275
2022-05-04,153.188
2022-05-03,155.174
2022-05-02,157.837
2022-04-29,155.527
2022-04-28,154.146
2022-04-27,154.403
2022-04-26,155.258
2022-04-25,154.291
2022-04-22,154.166
2022-04-21,151.072
2022-04-20,148.345
2022-04-19,147.206
2022-04-18,147.658
2022-04-15,144.069
2022-04-14,144.014
2022-04-13,144.745
2022-04-12,144.591
2022-04-11,141.603
2022-04-08,138.31
2022-04-07,137.237
2022-04-06,137.356
2022-04-05,134.059
2022-04-04,135.016
2022-04-01,135.778
2022-03-31,137.556
2022-03-30,137.987
2022-03-29,136.43
2022-03-28,140.105
2022-03-25,141.215
2022-03-24,142.654
2022-03-23,145.715
2022-03-22,142.387
2022-03-21,144.039
2022-03-18,146.251
2022-03-17,148.544
2022-03-16,155.664
2022-03-15,164.401
2022-03-14,167.116
2022-03-11,166.432
2022-03-10,165.748
2022-03-09,161.638
2022-03-08,166.73
2022-03-07,161.857
2022-03-04,155.76
2022-03-03,148.661
2022-03-02,147.416
2022-03-01,150.046
2022-02-28,145.776
2022-02-25,143.043
2022-02-24,145.13
2022-02-23,142.897
2022-02-22,141.3
2022-02-18,140.487
2022-02-17,137.821
2022-02-16,134.147
2022-02-15,131.264
2022-02-14,131.064
2022-02-11,130.29
2022-02-10,125.681
2022-02-09,125.622
2022-02-08,126.906
2022-02-07,127.84
2022-02-04,126.965
2022-02-03,125.83
2022-02-02,124.388
2022-02-01,124.815
2022-01-31,126.432
2022-01-28,126.306
2022-01-27,124.213
2022-01-26,120.633
2022-01-25,122.848
2022-01-24,122.483
2022-01-21,120.834
2022-01-20,119.599
2022-01-19,117.523
2022-01-18,116.255
2022-01-14,115.256
2022-01-13,115.936
2022-01-12,116.614
2022-01-11,114.104
2022-01-10,112.923
2022-01-07,112.085
2022-01-06,111.455
2022-01-05,111.308
2022-01-04,113.078
2022-01-03,112.951
2021-12-31,111.895
2021-12-30,112.8
2021-12-29,112.524
2021-12-28,113.008
2021-12-27,113.636
2021-12-23,114.521
2021-12-22,114.908
2021-12-21,117.115
2021-12-20,119.913
2021-12-17,119.058
2021-12-16,113.733
2021-12-15,118.294
2021-12-14,118.505
2021-12-13,113.887
2021-12-10,116.513
2021-12-09,117.557
2021-12-08,116.646
2021-12-07,115.309
2021-12-06,119.124
2021-12-03,112.976
2021-12-02,120.878
2021-12-01,113.659
2021-11-30,120.651
2021-11-29,113.245
2021-11-26,112.933
2021-11-24,110.495
2021-11-23,112.865
2021-11-22,114.348
2021-11-19,114.27
2021-11-18,110.642
2021-11-17,107.633
2021-11-16,112.227
2021-11-15,113.71
2021-11-12,108.209
2021-11-10,115.052
2021-11-09,106.675
2021-11-08,107.92
2021-11-05,81.648
2021-11-04,82.081
2021-11-03,91.302
2021-11-02,86.222
2021-11-01,86.896
2021-10-29,85.897
2021-10-28,88.536
2021-10-27,83.708
2021-10-26,85.49
2021-10-25,85.902
2021-10-22,84.425
2021-10-21,90.749
2021-10-20,90.013
2021-10-19,89.194
2021-10-18,87.411
2021-10-15,90.178
2021-10-14,87.622
2021-10-13,88.474
2021-10-12,89.44
2021-10-08,92.78
2021-10-07,92.643
2021-10-06,90.456
2021-10-05,91.463
2021-10-04,89.026
2021-10-01,86.52
2021-09-30,84.051
2021-09-29,86.613
2021-09-28,86.19
2021-09-27,84.148
2021-09-24,87.901
2021-09-23,91.886
2021-09-22,86.751
2021-09-21,88.73
2021-09-20,89.11
2021-09-17,86.777
2021-09-16,90.182
2021-09-15,89.193
2021-09-14,88.606
2021-09-13,88.5
2021-09-10,88.645
2021-09-09,89.755
2021-09-08,90.784
2021-09-07,91.737
2021-09-03,91.36
2021-09-02,91.204
2021-09-01,91.077
2021-08-31,91.0
2021-08-30,91.505
2021-08-27,91.441
2021-08-26,92.131
2021-08-25,92.232
2021-08-24,93.804
2021-08-23,94.843
2021-08-20,95.034
2021-08-19,95.073
2021-08-18,94.237
2021-08-17,94.023
2021-08-16,93.93
2021-08-13,93.484
2021-08-12,93.189
2021-08-11,94.343
2021-08-10,94.144
2021-08-09,93.452
2021-08-06,91.899
2021-08-05,91.339
2021-08-04,91.493
2021-08-03,91.803
2021-08-02,90.544
2021-07-30,89.558
2021-07-29,88.129
2021-07-28,90.094
2021-07-27,91.713
2021-07-26,90.88
2021-07-23,91.58
2021-07-22,91.439
2021-07-21,92.085
2021-07-20,95.4
2021-07-19,97.05
2021-07-16,92.549
2021-07-15,91.982
2021-07-14,89.835
2021-07-13,88.794
2021-07-12,89.891
2021-07-09,89.084
2021-07-08,91.287
2021-07-07,89.942
2021-07-06,89.923
2021-07-02,85.71
2021-07-01,87.476
2021-06-30,87.608
2021-06-29,87.753
2021-06-28,88.362
2021-06-25,89.247
2021-06-24,89.357
2021-06-23,89.916
2021-06-22,91.378
2021-06-21,91.261
2021-06-18,91.442
2021-06-17,89.03
2021-06-16,88.236
2021-06-15,90.821
2021-06-14,90.973
2021-06-11,91.012
2021-06-10,92.408
2021-06-09,92.458
2021-06-08,92.36
2021-06-07,92.276
2021-06-04,92.065
2021-06-03,90.957
2021-06-02,90.205
2021-06-01,90.133
2021-05-28,90.674
2021-05-27,91.649
2021-05-26,91.871
2021-05-25,92.671
2021-05-24,91.744
2021-05-21,91.894
2021-05-20,92.61
2021-05-19,94.283
2021-05-18,93.781
2021-05-17,93.616
2021-05-14,93.099
2021-05-13,95.853
2021-05-12,94.579
2021-05-11,94.547
2021-05-10,93.067
2021-05-07,92.201
2021-05-06,91.037
2021-05-05,91.372
2021-05-04,91.404
2021-05-03,90.881
2021-04-30,91.121
2021-04-29,91.386
2021-04-28,91.861
2021-04-27,92.403
2021-04-26,93.122
2021-04-23,92.96
2021-04-22,94.357
2021-04-21,94.855
2021-04-20,96.003
2021-04-19,95.65
2021-04-16,93.952
2021-04-15,91.695
2021-04-14,91.501
2021-04-13,91.453
2021-04-12,89.835
2021-04-09,88.909
2021-04-08,89.353
2021-04-07,88.691
2021-04-06,88.575
2021-04-05,88.396
2021-04-01,88.448
2021-03-31,89.655
2021-03-30,93.404
2021-03-29,94.891
2021-03-26,95.835
2021-03-25,98.079
2021-03-24,98.808
2021-03-23,99.14
2021-03-22,97.687
2021-03-19,97.628
2021-03-18,100.878
2021-03-17,100.291
2021-03-16,101.527
2021-03-15,101.571
2021-03-12,101.186
2021-03-11,100.353
2021-03-10,103.547
2021-03-09,104.137
2021-03-08,101.178
2021-03-05,96.685
2021-03-04,91.899
2021-03-03,90.971
2021-03-02,91.104
2021-03-01,89.598
2021-02-26,92.129
2021-02-25,92.46
2021-02-24,91.002
2021-02-23,90.414
2021-02-22,88.414
2021-02-19,86.187
2021-02-18,85.864
2021-02-17,86.38
2021-02-16,85.535
2021-02-12,88.2
2021-02-11,88.792
2021-02-10,89.381
2021-02-09,89.398
2021-02-08,88.25
2021-02-05,90.051
2021-02-04,90.592
2021-02-03,92.535
2021-02-02,94.327
2021-02-01,95.294
2021-01-29,95.971
2021-01-28,96.459
2021-01-27,96.77
2021-01-26,95.054
2021-01-25,95.58
2021-01-22,94.89
2021-01-21,94.167
2021-01-20,93.53
2021-01-19,93.612
2021-01-15,94.65
2021-01-14,92.869
2021-01-13,94.099
2021-01-12,95.367
2021-01-11,95.956
2021-01-08,95.261
2021-01-07,96.262
2021-01-06,98.624
2021-01-05,98.741
2021-01-04,97.497
2020-12-31,95.026
2020-12-30,95.129
2020-12-29,95.326
2020-12-28,97.115
2020-12-24,98.51
2020-12-23,98.978
2020-12-22,100.889
2020-12-21,101.587
2020-12-18,100.32
2020-12-17,100.501
2020-12-16,102.358
2020-12-15,103.596
2020-12-14,105.077
2020-12-11,105.893
2020-12-10,103.328
2020-12-09,105.091
2020-12-08,102.885
2020-12-07,101.519
2020-12-04,100.922
2020-12-03,100.849
2020-12-02,102.279
2020-12-01,103.014
2020-11-30,105.219
2020-11-27,107.189
2020-11-25,107.026
2020-11-24,107.647
2020-11-23,109.676
2020-11-20,110.798
2020-11-19,110.168
2020-11-18,111.01
2020-11-17,112.927
2020-11-16,113.115
2020-11-13,115.321
2020-11-12,116.71
2020-11-10,113.5
2020-11-09,112.968
2020-11-06,117.626
2020-11-05,118.274
2020-11-04,121.766
2020-11-03,125.459
2020-11-02,127.233
2020-10-30,126.66
2020-10-29,126.229
2020-10-28,125.013
2020-10-27,123.179
2020-10-26,123.87
2020-10-23,122.983
2020-10-22,124.614
2020-10-21,124.461
2020-10-20,124.781
2020-10-19,125.069
2020-10-16,125.496
2020-10-15,125.913
2020-10-14,125.388
2020-10-13,125.441
2020-10-09,126.591
2020-10-08,127.993
2020-10-07,129.184
2020-10-06,131.65
2020-10-05,132.179
2020-10-02,134.831
2020-10-01,132.56
2020-09-30,134.838
2020-09-29,134.737
2020-09-28,135.121
2020-09-25,136.526
2020-09-24,134.942
2020-09-23,132.044
2020-09-22,130.347
2020-09-21,130.316
2020-09-18,127.376
2020-09-17,127.685
2020-09-16,127.538
2020-09-15,128.294
2020-09-14,129.767
2020-09-11,130.219
2020-09-10,130.358
2020-09-09,130.603
2020-09-08,131.27
2020-09-04,128.236
2020-09-03,124.963
2020-09-02,123.225
2020-09-01,125.765
2020-08-31,127.918
2020-08-28,129.221
2020-08-27,129.637
2020-08-26,129.642
2020-08-25,129.877
2020-08-24,130.011
2020-08-21,129.77
2020-08-20,130.716
2020-08-19,130.892
2020-08-18,131.152
2020-08-17,130.036
2020-08-14,128.081
2020-08-13,127.02
2020-08-12,124.959
2020-08-11,124.239
2020-08-10,123.887
2020-08-07,124.503
2020-08-06,124.676
2020-08-05,126.777
2020-08-04,129.491
2020-08-03,129.657
2020-07-31,131.386
2020-07-30,132.11
2020-07-29,131.236
2020-07-28,131.763
2020-07-27,130.875
2020-07-24,130.723
2020-07-23,130.385
2020-07-22,130.6
2020-07-21,131.642
2020-07-20,134.584
2020-07-17,135.47
2020-07-16,137.67
2020-07-15,138.662
2020-07-14,141.256
2020-07-13,141.926
2020-07-10,142.441
2020-07-09,142.579
2020-07-08,142.029
2020-07-07,142.551
2020-07-06,140.803
2020-07-02,143.481
2020-07-01,146.745
2020-06-30,149.863
2020-06-29,153.225
2020-06-26,153.21
2020-06-25,152.12
2020-06-24,151.387
2020-06-23,147.727
2020-06-22,147.56
2020-06-19,147.459
2020-06-18,148.577
2020-06-17,147.309
2020-06-16,145.036
2020-06-15,154.848
2020-06-12,158.615
2020-06-11,160.21
2020-06-10,149.814
2020-06-09,148.709
2020-06-08,144.188
2020-06-05,146.038
2020-06-04,156.048
2020-06-03,160.156
2020-06-02,165.813
2020-06-01,170.913
2020-05-29,173.382
2020-05-28,174.404
2020-05-27,176.907
2020-05-26,178.623
2020-05-22,182.96
2020-05-21,184.342
2020-05-20,185.639
2020-05-19,193.268
2020-05-18,195.942
2020-05-15,205.367
2020-05-14,203.226
2020-05-13,203.608
2020-05-12,204.585
2020-05-11,208.822
2020-05-08,205.508
2020-05-07,204.16
2020-05-06,201.52
2020-05-05,197.191
2020-05-04,199.388
2020-05-01,198.051
2020-04-30,195.374
2020-04-29,194.035
2020-04-28,197.443
2020-04-27,197.281
2020-04-24,195.972
2020-04-23,194.669
2020-04-22,196.585
2020-04-21,197.779
2020-04-20,191.994
2020-04-17,187.489
2020-04-16,189.714
2020-04-15,189.14
2020-04-14,183.505
2020-04-13,190.069
2020-04-09,203.416
2020-04-08,231.036
2020-04-07,242.613
2020-04-06,255.668
2020-04-03,264.887
2020-04-02,281.549
2020-04-01,278.59
2020-03-31,271.38
2020-03-30,280.817
2020-03-27,292.4
2020-03-26,300.642
2020-03-25,313.454
2020-03-24,345.167
2020-03-23,357.069
2020-03-20,350.57
2020-03-19,324.651
2020-03-18,286.918
2020-03-17,256.401
2020-03-16,240.186
2020-03-13,217.492
2020-03-12,214.695
2020-03-11,187.184
2020-03-10,168.195
2020-03-09,156.529
2020-03-06,135.993
2020-03-05,135.743
2020-03-04,129.514
2020-03-03,133.239
2020-03-02,129.102
2020-02-28,127.654
2020-02-27,124.268
2020-02-26,118.135
2020-02-25,117.868
2020-02-24,115.365
2020-02-21,110.813
2020-02-20,108.303
2020-02-19,106.24
2020-02-18,106.464
2020-02-14,105.215
2020-02-13,105.055
2020-02-12,103.714
2020-02-11,105.974
2020-02-10,106.435
2020-02-07,105.368
2020-02-06,102.985
2020-02-05,103.39
2020-02-04,106.052
2020-02-03,108.06
2020-01-31,109.288
2020-01-30,107.15
2020-01-29,105.684
2020-01-28,105.087
2020-01-27,106.493
2020-01-24,102.514
2020-01-23,100.786
2020-01-22,99.073
2020-01-21,98.963
2020-01-17,99.228
2020-01-16,101.188
2020-01-15,102.218
2020-01-14,102.633
2020-01-13,102.735
2020-01-10,102.777
2020-01-09,104.165
2020-01-08,105.195
2020-01-07,106.555
2020-01-06,106.011
2020-01-03,102.842
2020-01-02,99.249
2019-12-31,97.33
2019-12-30,98.765
2019-12-27,98.965
2019-12-26,100.508
2019-12-24,100.891
2019-12-23,101.541
2019-12-20,101.623
2019-12-19,102.625
2019-12-18,103.693
2019-12-17,104.794
2019-12-16,106.121
2019-12-13,108.61
2019-12-12,107.966
2019-12-11,112.255
2019-12-10,112.543
2019-12-09,112.296
2019-12-06,112.751
2019-12-05,113.123
2019-12-04,114.949
2019-12-03,116.73
2019-12-02,115.584
2019-11-29,115.365
2019-11-27,115.846
2019-11-26,117.536
2019-11-25,118.76
2019-11-22,120.605
2019-11-21,121.858
2019-11-20,121.308
2019-11-19,120.399
2019-11-18,119.381
2019-11-15,118.136
2019-11-14,118.329
2019-11-13,117.83
2019-11-12,116.882
2019-11-08,116.387
2019-11-07,116.275
2019-11-06,117.818
2019-11-05,118.043
2019-11-04,118.96
2019-11-01,120.255
2019-10-31,121.686
2019-10-30,120.295
2019-10-29,118.461
2019-10-28,117.131
2019-10-25,118.818
2019-10-24,119.805
2019-10-23,120.04
2019-10-22,119.775
2019-10-21,119.126
2019-10-18,120.265
2019-10-17,121.492
2019-10-16,123.085
2019-10-15,122.681
2019-10-11,125.625
2019-10-10,129.293
2019-10-09,130.672
2019-10-08,132.446
2019-10-07,129.495
2019-10-04,128.758
2019-10-03,130.491
2019-10-02,129.55
2019-10-01,127.879
2019-09-30,128.132
2019-09-27,129.212
2019-09-26,130.413
2019-09-25,130.702
2019-09-24,130.925
2019-09-23,128.319
2019-09-20,128.76
2019-09-19,130.501
2019-09-18,131.381
2019-09-17,130.859
2019-09-16,131.297
2019-09-13,130.487
2019-09-12,132.095
2019-09-11,133.549
2019-09-10,133.192
2019-09-09,132.985
2019-09-06,134.497
2019-09-05,134.522
2019-09-04,135.414
2019-09-03,136.464
2019-08-30,134.076
2019-08-29,133.464
2019-08-28,133.709
2019-08-27,131.491
2019-08-26,130.311
2019-08-23,130.617
2019-08-22,128.911
2019-08-21,130.862
2019-08-20,133.154
2019-08-19,133.691
2019-08-16,135.952
2019-08-15,137.207
2019-08-14,135.85
2019-08-13,131.768
2019-08-12,133.782
2019-08-09,131.839
2019-08-08,133.072
2019-08-07,133.704
2019-08-06,130.565
2019-08-05,132.442
2019-08-02,122.744
2019-08-01,120.509
2019-07-31,117.642
2019-07-30,118.079
2019-07-29,116.606
2019-07-26,115.907
2019-07-25,117.419
2019-07-24,117.366
2019-07-23,117.53
2019-07-22,118.779
2019-07-19,119.26
2019-07-18,121.331
2019-07-17,120.594
2019-07-16,120.184
2019-07-15,120.056
2019-07-12,119.039
2019-07-11,117.835
2019-07-10,119.301
2019-07-09,120.379
2019-07-08,119.489
2019-07-05,118.458
2019-07-03,118.026
2019-07-02,118.223
2019-07-01,117.258
2019-06-28,120.007
2019-06-27,122.8
2019-06-26,124.978
2019-06-25,126.821
2019-06-24,124.099
2019-06-21,124.815
2019-06-20,124.863
2019-06-19,130.063
2019-06-18,129.674
2019-06-17,131.257
2019-06-14,132.923
2019-06-13,131.781
2019-06-12,130.221
2019-06-11,128.475
2019-06-10,127.374
2019-06-07,128.435
2019-06-06,128.697
2019-06-05,129.789
2019-06-04,131.595
2019-06-03,133.893
2019-05-31,131.669
2019-05-30,129.096
2019-05-29,129.281
2019-05-28,127.919
2019-05-24,126.177
2019-05-23,125.662
2019-05-22,123.302
2019-05-21,122.043
2019-05-20,122.033
2019-05-17,121.525
2019-05-16,120.801
2019-05-15,121.638
2019-05-14,120.517
2019-05-13,120.705
2019-05-10,116.383
2019-05-09,117.007
2019-05-08,114.736
2019-05-07,114.379
2019-05-06,113.616
2019-05-03,111.415
2019-05-02,110.684
2019-05-01,108.69
2019-04-30,110.239
2019-04-29,110.472
2019-04-26,110.065
2019-04-25,110.408
2019-04-24,110.95
2019-04-23,111.393
2019-04-22,111.48
2019-04-18,110.244
2019-04-17,109.536
2019-04-16,109.481
2019-04-15,109.793
2019-04-12,110.806
2019-04-11,113.318
2019-04-10,114.986
2019-04-09,115.574
2019-04-08,115.778
2019-04-05,116.541
2019-04-04,116.095
2019-04-03,116.752
2019-04-02,117.193
2019-04-01,116.667
2019-03-29,117.958
2019-03-28,119.465
2019-03-27,120.824
2019-03-26,120.908
2019-03-25,125.571
2019-03-22,122.657
2019-03-21,120.674
2019-03-20,121.605
2019-03-19,120.663
2019-03-18,117.948
2019-03-15,118.178
2019-03-14,118.679
2019-03-13,118.633
2019-03-12,119.02
2019-03-11,118.729
2019-03-08,119.765
2019-03-07,119.084
2019-03-06,118.598
2019-03-05,118.391
2019-03-04,118.914
2019-03-01,119.332
2019-02-28,119.347
2019-02-27,121.326
2019-02-26,122.112
2019-02-25,122.239
2019-02-22,122.173
2019-02-21,122.877
2019-02-20,121.905
2019-02-19,121.401
2019-02-15,119.851
2019-02-14,120.816
2019-02-13,119.949
2019-02-12,120.698
2019-02-11,122.002
2019-02-08,121.904
2019-02-07,121.435
2019-02-06,118.97
2019-02-05,118.99
2019-02-04,120.773
2019-02-01,121.99
2019-01-31,121.833
2019-01-30,124.31
2019-01-29,125.437
2019-01-28,126.81
2019-01-25,126.558
2019-01-24,128.836
2019-01-23,130.053
2019-01-22,132.283
2019-01-18,132.357
2019-01-17,136.769
2019-01-16,139.59
2019-01-15,141.949
2019-01-14,142.786
2019-01-11,142.294
2019-01-10,142.547
2019-01-09,142.326
2019-01-08,145.503
2019-01-07,148.083
2019-01-04,149.07
2019-01-03,152.202
2019-01-02,147.923
2018-12-31,147.054
2018-12-28,147.046
2018-12-27,147.013
2018-12-26,144.913
2018-12-24,143.958
2018-12-21,141.11
2018-12-20,139.306
2018-12-19,138.376
2018-12-18,137.498
2018-12-17,135.695
2018-12-14,134.52
2018-12-13,134.419
2018-12-12,135.853
2018-12-11,138.13
2018-12-10,140.214
2018-12-07,137.973
2018-12-06,132.392
2018-12-04,129.186
2018-12-03,126.107
2018-11-30,128.24
2018-11-29,127.089
2018-11-28,125.657
2018-11-27,122.761
2018-11-26,120.169
2018-11-23,120.413
2018-11-21,120.043
2018-11-20,121.354
2018-11-19,119.191
2018-11-16,116.218
2018-11-15,114.425
2018-11-14,111.952
2018-11-13,109.489
2018-11-09,105.812
2018-11-08,105.302
2018-11-07,104.586
2018-11-06,106.106
2018-11-05,107.056
2018-11-02,107.326
2018-11-01,107.956
2018-10-31,107.772
2018-10-30,107.712
2018-10-29,106.879
2018-10-26,106.356
2018-10-25,105.029
2018-10-24,104.345
2018-10-23,103.24
2018-10-22,102.188
2018-10-19,102.566
2018-10-18,100.385
2018-10-17,100.105
2018-10-16,100.395
2018-10-15,101.404
2018-10-12,101.088
2018-10-11,100.875
2018-10-10,100.9
2018-10-09,98.645
2018-10-05,99.119
2018-10-04,97.88
2018-10-03,96.826
2018-10-02,96.938
2018-10-01,96.907
2018-09-28,97.413
2018-09-27,97.192
2018-09-26,97.664
2018-09-25,98.298
2018-09-24,98.813
2018-09-21,98.287
2018-09-20,97.939
2018-09-19,100.473
2018-09-18,100.522
2018-09-17,100.752
2018-09-14,100.576
2018-09-13,100.845
2018-09-12,101.842
2018-09-11,102.126
2018-09-10,103.384
2018-09-07,103.998
2018-09-06,104.128
2018-09-05,104.366
2018-09-04,104.004
2018-08-31,103.189
2018-08-30,102.847
2018-08-29,101.336
2018-08-28,101.403
2018-08-27,101.188
2018-08-24,101.915
2018-08-23,102.394
2018-08-22,101.825
2018-08-21,101.189
2018-08-20,100.85
2018-08-17,100.829
2018-08-16,101.294
2018-08-15,102.782
2018-08-14,101.546
2018-08-13,103.2
2018-08-10,102.32
2018-08-09,100.592
2018-08-08,99.388
2018-08-07,97.824
2018-08-06,97.38
2018-08-03,97.745
2018-08-02,97.921
2018-08-01,97.907
2018-07-31,98.875
2018-07-30,100.258
2018-07-27,100.74
2018-07-26,102.142
2018-07-25,103.299
2018-07-24,104.129
2018-07-23,105.799
2018-07-20,105.47
2018-07-19,105.704
2018-07-18,105.718
2018-07-17,106.256
2018-07-16,106.261
2018-07-13,106.313
2018-07-12,106.527
2018-07-11,107.568
2018-07-10,106.986
2018-07-09,107.242
2018-07-06,108.674
2018-07-05,108.547
2018-07-03,109.621
2018-07-02,109.814
2018-06-29,110.33
2018-06-28,111.352
2018-06-27,110.905
2018-06-26,111.244
2018-06-25,111.325
2018-06-22,109.619
2018-06-21,109.605
2018-06-20,107.089
2018-06-19,106.182
2018-06-18,104.881
2018-06-15,103.664
2018-06-14,102.906
2018-06-13,102.805
2018-06-12,103.605
2018-06-11,103.874
2018-06-08,103.421
2018-06-07,103.797
2018-06-06,103.356
2018-06-05,102.67
2018-06-04,102.7
2018-06-01,103.211
2018-05-31,103.705
2018-05-30,104.615
2018-05-29,104.927
2018-05-25,101.597
2018-05-24,101.076
2018-05-23,101.188
2018-05-22,100.688
2018-05-21,100.264
2018-05-18,100.559
2018-05-17,99.926
2018-05-16,99.938
2018-05-15,100.922
2018-05-14,100.719
2018-05-11,101.078
2018-05-10,100.272
2018-05-09,101.264
2018-05-08,101.459
2018-05-07,101.095
2018-05-04,101.597
2018-05-03,100.579
2018-05-02,99.915
2018-05-01,99.968
2018-04-30,98.909
2018-04-27,98.811
2018-04-26,98.397
2018-04-25,97.938
2018-04-24,98.015
2018-04-23,97.551
2018-04-20,96.422
2018-04-19,97.032
2018-04-18,96.32
2018-04-17,95.445
2018-04-16,95.407
2018-04-13,95.338
2018-04-12,95.182
2018-04-11,96.397
2018-04-10,97.305
2018-04-09,98.505
2018-04-06,99.248
2018-04-05,97.234
2018-04-04,98.662
2018-04-03,99.769
2018-04-02,100.46
2018-03-29,99.893
2018-03-28,101.788
2018-03-27,102.413
2018-03-26,99.187
2018-03-23,100.037
2018-03-22,98.144
2018-03-21,96.005
2018-03-20,95.612
2018-03-19,95.25
2018-03-16,93.769
2018-03-15,95.255
2018-03-14,93.874
2018-03-13,92.759
2018-03-12,92.562
2018-03-09,92.322
2018-03-08,92.076
2018-03-07,92.58
2018-03-06,92.339
2018-03-05,93.995
2018-03-02,94.314
2018-03-01,93.57
2018-02-28,90.056
2018-02-27,88.463
2018-02-26,88.992
2018-02-23,89.838
2018-02-22,88.036
2018-02-21,86.223
2018-02-20,88.554
2018-02-16,87.894
2018-02-15,88.039
2018-02-14,89.386
2018-02-13,91.477
2018-02-12,87.625
2018-02-09,86.803
2018-02-08,85.36
2018-02-07,82.977
2018-02-06,82.082
2018-02-05,84.055
2018-02-02,79.516
2018-02-01,79.455
2018-01-31,81.592
2018-01-30,83.015
2018-01-29,82.143
2018-01-26,83.127
2018-01-25,84.865
2018-01-24,84.762
2018-01-23,85.466
2018-01-22,84.117
2018-01-19,82.992
2018-01-18,85.781
2018-01-17,85.945
2018-01-16,86.228
2018-01-12,87.733
2018-01-11,88.517
2018-01-10,89.459
2018-01-09,89.406
2018-01-08,91.015
2018-01-05,91.143
2018-01-04,91.001
2018-01-03,91.713
2018-01-02,92.481
2017-12-29,91.5
2017-12-28,91.805
2017-12-27,92.191
2017-12-26,93.125
2017-12-22,93.345
2017-12-21,93.037
2017-12-20,93.915
2017-12-19,94.426
2017-12-18,93.599
2017-12-15,94.592
2017-12-14,94.227
2017-12-13,94.699
2017-12-12,94.535
2017-12-11,94.748
2017-12-08,95.346
2017-12-07,95.711
2017-12-06,95.57
2017-12-05,95.788
2017-12-04,95.836
2017-12-01,97.131
2017-11-30,96.445
2017-11-29,97.495
2017-11-28,97.683
2017-11-27,98.387
2017-11-24,98.265
2017-11-22,98.407
2017-11-21,98.499
2017-11-20,99.927
2017-11-17,101.0
2017-11-16,101.152
2017-11-15,102.814
2017-11-14,101.265
2017-11-13,99.474
2017-11-10,99.837
2017-11-09,99.134
2017-11-08,97.942
2017-11-07,97.107
2017-11-06,96.202
2017-11-03,94.983
2017-11-02,94.506
2017-11-01,93.985
2017-10-31,94.584
2017-10-30,93.937
2017-10-27,93.651
2017-10-26,93.198
2017-10-25,93.936
2017-10-24,93.369
2017-10-23,94.825
2017-10-20,95.195
2017-10-19,96.052
2017-10-18,95.911
2017-10-17,95.996
2017-10-16,96.588
2017-10-13,97.976
2017-10-12,98.192
2017-10-11,97.51
2017-10-10,97.203
2017-10-06,97.753
2017-10-05,97.036
2017-10-04,97.347
2017-10-03,97.762
2017-10-02,98.994
2017-09-29,100.421
2017-09-28,101.932
2017-09-27,102.408
2017-09-26,103.812
2017-09-25,104.21
2017-09-22,104.13
2017-09-21,103.937
2017-09-20,104.784
2017-09-19,105.998
2017-09-18,106.59
2017-09-15,107.528
2017-09-14,108.343
2017-09-13,110.17
2017-09-12,111.709
2017-09-11,112.239
2017-09-08,112.129
2017-09-07,111.472
2017-09-06,110.786
2017-09-05,112.154
2017-09-01,110.564
2017-08-31,110.647
2017-08-30,111.258
2017-08-29,111.553
2017-08-28,111.379
2017-08-25,110.225
2017-08-24,110.089
2017-08-23,111.052
2017-08-22,109.736
2017-08-21,110.288
2017-08-18,109.242
2017-08-17,109.084
2017-08-16,108.765
2017-08-15,108.635
2017-08-14,108.889
2017-08-11,109.294
2017-08-10,108.074
2017-08-09,106.209
2017-08-08,105.102
2017-08-07,104.25
2017-08-04,102.632
2017-08-03,101.368
2017-08-02,101.379
2017-08-01,102.164
2017-07-31,101.89
2017-07-28,102.14
2017-07-27,101.918
2017-07-26,102.904
2017-07-25,102.006
2017-07-24,102.54
2017-07-21,102.021
2017-07-20,102.26
2017-07-19,103.546
2017-07-18,104.992
2017-07-17,105.635
2017-07-14,105.565
2017-07-13,106.267
2017-07-12,106.29
2017-07-11,106.885
2017-07-10,106.295
2017-07-07,106.56
2017-07-06,105.238
2017-07-05,106.195
2017-07-03,107.417
2017-06-30,107.234
2017-06-29,108.84
2017-06-28,110.027
2017-06-27,111.366
2017-06-26,111.518
2017-06-23,112.739
2017-06-22,114.582
2017-06-21,113.712
2017-06-20,112.273
2017-06-19,112.187
2017-06-16,113.67
2017-06-15,113.371
2017-06-14,113.187
2017-06-13,113.787
2017-06-12,116.302
2017-06-09,115.75
2017-06-08,116.454
2017-06-07,115.824
2017-06-06,116.143
2017-06-05,116.4
2017-06-02,116.256
2017-06-01,115.724
2017-05-31,116.031
2017-05-30,116.12
2017-05-26,114.783
2017-05-25,114.736
2017-05-24,116.163
2017-05-23,115.322
2017-05-22,115.632
2017-05-19,116.422
2017-05-18,117.628
2017-05-17,118.187
2017-05-16,116.514
2017-05-15,117.349
2017-05-12,116.753
2017-05-11,116.791
2017-05-10,117.521
2017-05-09,116.655
2017-05-08,116.445
2017-05-05,116.944
2017-05-04,115.389
2017-05-03,115.38
2017-05-02,115.707
2017-05-01,115.51
2017-04-28,115.324
2017-04-27,115.505
2017-04-26,115.46
2017-04-25,114.852
2017-04-24,116.443
2017-04-21,117.148
2017-04-20,117.848
2017-04-19,119.639
2017-04-18,119.42
2017-04-17,117.836
2017-04-13,117.128
2017-04-12,118.097
2017-04-11,117.653
2017-04-10,116.81
2017-04-07,115.882
2017-04-06,115.547
2017-04-05,116.065
2017-04-04,115.074
2017-04-03,115.083
2017-03-31,113.519
2017-03-30,113.661
2017-03-29,115.243
2017-03-28,115.384
2017-03-27,116.483
2017-03-24,114.547
2017-03-23,114.793
2017-03-22,116.253
2017-03-21,116.192
2017-03-20,115.988
2017-03-17,115.392
2017-03-16,115.568
2017-03-15,117.2
2017-03-14,116.312
2017-03-13,114.935
2017-03-10,114.745
2017-03-09,115.46
2017-03-08,115.821
2017-03-07,114.7
2017-03-06,112.591
2017-03-03,111.433
2017-03-02,109.894
2017-03-01,111.491
2017-02-28,110.366
2017-02-27,111.352
2017-02-24,112.027
2017-02-23,112.984
2017-02-22,113.801
2017-02-21,113.087
2017-02-17,115.309
2017-02-16,116.426
2017-02-15,117.86
2017-02-14,119.247
2017-02-13,119.432
2017-02-10,120.619
2017-02-09,121.326
2017-02-08,122.265
2017-02-07,120.111
2017-02-06,119.911
2017-02-03,120.608
2017-02-02,120.04
2017-02-01,120.952
2017-01-31,121.263
2017-01-30,120.421
2017-01-27,119.347
2017-01-26,119.948
2017-01-25,120.959
2017-01-24,121.962
2017-01-23,122.047
2017-01-20,122.36
2017-01-19,123.102
2017-01-18,123.757
2017-01-17,125.429
2017-01-13,124.181
2017-01-12,124.691
2017-01-11,125.475
2017-01-10,125.784
2017-01-09,126.37
2017-01-06,125.247
2017-01-05,124.938
2017-01-04,126.044
2017-01-03,125.656
2016-12-30,123.652
2016-12-29,124.249
2016-12-28,125.681
2016-12-27,124.948
2016-12-23,124.689
2016-12-22,125.386
2016-12-21,126.209
2016-12-20,127.276
2016-12-19,126.986
2016-12-16,127.066
2016-12-15,128.336
2016-12-14,129.143
2016-12-13,133.463
2016-12-12,133.481
2016-12-09,134.13
2016-12-08,134.915
2016-12-07,136.784
2016-12-06,137.381
2016-12-05,138.175
2016-12-02,139.532
2016-12-01,138.05
2016-11-30,139.078
2016-11-29,140.97
2016-11-28,140.673
2016-11-25,135.724
2016-11-23,142.082
2016-11-22,141.412
2016-11-21,140.718
2016-11-18,138.37
2016-11-17,137.533
2016-11-16,137.546
2016-11-15,137.05
2016-11-14,135.335
2016-11-10,135.175
2016-11-09,136.525
2016-11-08,139.829
2016-11-07,140.338
2016-11-04,142.032
2016-11-03,140.985
2016-11-02,141.008
2016-11-01,140.386
2016-10-31,139.501
2016-10-28,138.961
2016-10-27,138.317
2016-10-26,138.422
2016-10-25,138.478
2016-10-24,138.305
2016-10-21,138.48
2016-10-20,137.766
2016-10-19,138.544
2016-10-18,139.638
2016-10-17,140.062
2016-10-14,140.049
2016-10-13,140.492
2016-10-12,140.748
2016-10-11,140.541
2016-10-07,141.893
2016-10-06,139.032
2016-10-05,140.34
2016-10-04,141.128
2016-10-03,141.501
2016-09-30,141.113
2016-09-29,141.853
2016-09-28,142.506
2016-09-27,142.859
2016-09-26,142.346
2016-09-23,141.772
2016-09-22,142.122
2016-09-21,142.634
2016-09-20,142.762
2016-09-19,143.525
2016-09-16,144.423
2016-09-15,144.713
2016-09-14,144.808
2016-09-13,144.274
2016-09-12,143.574
2016-09-09,141.432
2016-09-08,140.679
2016-09-07,140.649
2016-09-06,140.05
2016-09-02,138.952
2016-09-01,137.853
2016-08-31,137.699
2016-08-30,138.404
2016-08-29,139.097
2016-08-26,137.98
2016-08-25,138.649
2016-08-24,139.496
2016-08-23,139.191
2016-08-22,139.732
2016-08-19,139.422
2016-08-18,139.508
2016-08-17,140.78
2016-08-16,141.996
2016-08-15,141.291
2016-08-12,141.652
2016-08-11,141.335
2016-08-10,141.041
2016-08-09,140.724
2016-08-08,141.101
2016-08-05,142.714
2016-08-04,142.81
2016-08-03,143.864
2016-08-02,144.106
2016-08-01,143.303
2016-07-29,143.79
2016-07-28,143.217
2016-07-27,142.165
2016-07-26,141.633
2016-07-25,139.268
2016-07-22,139.081
2016-07-21,139.601
2016-07-20,143.228
2016-07-19,145.34
2016-07-18,146.816
2016-07-15,147.307
2016-07-14,148.243
2016-07-13,149.957
2016-07-12,148.49
2016-07-11,150.615
2016-07-08,154.013
2016-07-07,153.997
2016-07-06,155.306
2016-07-05,155.266
2016-07-01,156.108
2016-06-30,157.911
2016-06-29,158.383
2016-06-28,161.812
2016-06-27,163.676
2016-06-24,158.302
2016-06-23,151.383
2016-06-22,155.025
2016-06-21,155.445
2016-06-20,156.385
2016-06-17,159.267
2016-06-16,160.68
2016-06-15,159.966
2016-06-14,159.379
2016-06-13,157.69
2016-06-10,156.015
2016-06-09,154.622
2016-06-08,154.501
2016-06-07,154.751
2016-06-06,154.302
2016-06-03,155.882
2016-06-02,154.216
2016-06-01,154.793
2016-05-31,155.391
2016-05-27,154.668
2016-05-26,156.272
2016-05-25,157.184
2016-05-24,158.216
2016-05-23,158.946
2016-05-20,158.753
2016-05-19,158.98
2016-05-18,159.024
2016-05-17,157.982
2016-05-16,158.363
2016-05-13,158.388
2016-05-12,157.852
2016-05-11,158.373
2016-05-10,158.39
2016-05-09,158.835
2016-05-06,156.435
2016-05-05,155.349
2016-05-04,153.889
2016-05-03,152.087
2016-05-02,150.06
2016-04-29,151.135
2016-04-28,151.953
2016-04-27,153.25
2016-04-26,153.451
2016-04-25,153.58
2016-04-22,154.539
2016-04-21,156.007
2016-04-20,156.499
2016-04-19,160.257
2016-04-18,163.419
2016-04-15,164.553
2016-04-14,165.227
2016-04-13,166.389
2016-04-12,167.069
2016-04-11,167.287
2016-04-08,167.374
2016-04-07,169.475
2016-04-06,168.527
2016-04-05,169.917
2016-04-04,169.355
2016-04-01,169.056
2016-03-31,171.303
2016-03-30,172.803
2016-03-29,173.462
2016-03-28,171.574
2016-03-24,172.778
2016-03-23,173.087
2016-03-22,172.982
2016-03-21,175.461
2016-03-18,178.261
2016-03-17,179.861
2016-03-16,183.358
2016-03-15,181.734
2016-03-14,184.515
2016-03-11,188.02
2016-03-10,193.602
2016-03-09,196.654
2016-03-08,197.507
2016-03-07,198.116
2016-03-04,203.419
2016-03-03,206.568
2016-03-02,208.801
2016-03-01,210.99
2016-02-29,214.181
2016-02-26,216.24
2016-02-25,217.453
2016-02-24,218.459
2016-02-23,218.889
2016-02-22,217.896
2016-02-19,218.563
2016-02-18,219.298
2016-02-17,220.578
2016-02-16,223.322
2016-02-12,222.345
2016-02-11,224.305
2016-02-10,219.769
2016-02-09,215.292
2016-02-08,210.258
2016-02-05,207.385
2016-02-04,208.165
2016-02-03,209.974
2016-02-02,208.297
2016-02-01,204.595
2016-01-29,203.577
2016-01-28,202.153
2016-01-27,200.822
2016-01-26,200.657
2016-01-25,199.426
2016-01-22,196.734
2016-01-21,197.714
2016-01-20,198.061
2016-01-19,193.74
2016-01-15,190.88
2016-01-14,187.366
2016-01-13,184.341
2016-01-12,183.299
2016-01-11,180.839
2016-01-08,178.363
2016-01-07,175.856
2016-01-06,172.955
2016-01-05,171.315
2016-01-04,169.503
2015-12-31,168.202
2015-12-30,169.374
2015-12-29,169.087
2015-12-28,169.678
2015-12-24,169.707
2015-12-23,170.438
2015-12-22,170.349
2015-12-21,170.076
2015-12-18,170.025
2015-12-17,171.196
2015-12-16,172.076
2015-12-15,172.549
2015-12-14,172.584
2015-12-11,165.953
2015-12-10,163.925
2015-12-09,165.174
2015-12-08,165.111
2015-12-07,163.635
2015-12-04,163.716
2015-12-03,165.124
2015-12-02,165.047
2015-12-01,160.376
2015-11-30,164.181
2015-11-27,167.222
2015-11-25,166.892
2015-11-24,166.424
2015-11-23,166.397
2015-11-20,169.731
2015-11-19,166.619
2015-11-18,166.629
2015-11-17,163.343
2015-11-16,165.986
2015-11-13,164.816
2015-11-12,164.601
2015-11-10,164.402
2015-11-09,162.473
2015-11-06,162.831
2015-11-05,165.051
2015-11-04,164.542
2015-11-03,163.687
2015-11-02,162.668
2015-10-30,162.299
2015-10-29,164.239
2015-10-28,164.288
2015-10-27,165.033
2015-10-26,162.915
2015-10-23,162.008
2015-10-22,164.01
2015-10-21,164.191
2015-10-20,167.11
2015-10-19,165.328
2015-10-16,167.81
2015-10-15,167.944
2015-10-14,161.083
2015-10-13,164.193
2015-10-09,163.893
2015-10-08,166.8
2015-10-07,165.975
2015-10-06,166.994
2015-10-05,171.157
2015-10-02,173.351
2015-10-01,176.227
2015-09-30,174.689
2015-09-29,173.402
2015-09-28,171.637
2015-09-25,167.174
2015-09-24,169.029
2015-09-23,166.638
2015-09-22,163.446
2015-09-21,165.09
2015-09-18,162.273
2015-09-17,156.605
2015-09-16,165.532
2015-09-15,172.316
2015-09-14,165.439
2015-09-11,163.056
2015-09-10,164.661
2015-09-09,163.025
2015-09-08,163.954
2015-09-04,161.698
2015-09-03,160.866
2015-09-02,164.647
2015-09-01,162.199
2015-08-31,165.201
2015-08-28,164.247
2015-08-27,164.132
2015-08-26,167.847
2015-08-25,163.042
2015-08-24,165.653
2015-08-21,154.223
2015-08-20,153.091
2015-08-19,149.704
2015-08-18,155.262
2015-08-17,151.158
2015-08-14,152.362
2015-08-13,153.467
2015-08-12,153.994
2015-08-11,147.489
2015-08-10,149.635
2015-08-07,144.181
2015-08-06,143.073
2015-08-05,147.682
2015-08-04,149.892
2015-08-03,142.0
2015-07-31,137.877
2015-07-30,142.464
2015-07-29,145.155
2015-07-28,143.566
2015-07-27,142.561
2015-07-24,140.503
2015-07-23,138.429
2015-07-22,140.763
2015-07-21,134.996
2015-07-20,140.882
2015-07-17,138.959
2015-07-16,136.522
2015-07-15,136.995
2015-07-14,138.761
2015-07-13,137.332
2015-07-10,138.601
2015-07-09,139.468
2015-07-08,132.837
2015-07-07,135.695
2015-07-06,131.389
2015-07-02,131.098
2015-07-01,133.71
2015-06-30,132.509
2015-06-29,131.525
2015-06-26,136.091
2015-06-25,134.317
2015-06-24,130.723
2015-06-23,132.733
2015-06-22,135.674
2015-06-19,131.723
2015-06-18,132.197
2015-06-17,132.308
2015-06-16,130.611
2015-06-15,129.617
2015-06-12,127.938
2015-06-11,129.107
2015-06-10,128.586
2015-06-09,127.873
2015-06-08,127.891
2015-06-05,126.432
2015-06-04,126.389
2015-06-03,125.75
2015-06-02,127.215
2015-06-01,126.257
2015-05-29,124.976
2015-05-28,125.152
2015-05-27,124.98
2015-05-26,124.326
2015-05-22,123.793
2015-05-21,125.619
2015-05-20,125.459
2015-05-19,123.477
2015-05-18,121.836
2015-05-15,122.117
2015-05-14,122.32
2015-05-13,121.44
2015-05-12,121.534
2015-05-11,119.87
2015-05-08,120.66
2015-05-07,120.051
2015-05-06,119.532
2015-05-05,119.594
2015-05-04,119.239
2015-05-01,119.222
2015-04-30,120.716
2015-04-29,120.752
2015-04-28,118.709
2015-04-27,118.855
2015-04-24,119.172
2015-04-23,118.917
2015-04-22,118.201
2015-04-21,118.613
2015-04-20,118.603
2015-04-17,118.653
2015-04-16,118.47
2015-04-15,117.967
2015-04-14,118.012
2015-04-13,118.216
2015-04-10,117.568
2015-04-09,117.843
2015-04-08,118.635
2015-04-07,118.854
2015-04-06,119.049
2015-04-02,119.38
2015-04-01,120.42
2015-03-31,121.277
2015-03-30,122.263
2015-03-27,122.677
2015-03-26,122.416
2015-03-25,122.307
2015-03-24,122.723
2015-03-23,122.223
2015-03-20,122.001
2015-03-19,122.689
2015-03-18,124.096
2015-03-17,120.561
2015-03-16,118.868
2015-03-13,116.33
2015-03-12,114.712
2015-03-11,114.609
2015-03-10,113.864
2015-03-09,113.358
2015-03-06,111.928
2015-03-05,112.363
2015-03-04,113.146
2015-03-03,112.606
2015-03-02,113.023
2015-02-27,113.885
2015-02-26,113.022
2015-02-25,113.267
2015-02-24,113.597
2015-02-23,113.362
2015-02-20,113.332
2015-02-19,113.826
2015-02-18,116.574
2015-02-17,116.067
2015-02-13,118.096
2015-02-12,119.032
2015-02-11,119.135
2015-02-10,119.356
2015-02-09,119.508
2015-02-06,120.11
2015-02-05,121.193
2015-02-04,123.484
2015-02-03,123.063
2015-02-02,125.983
2015-01-30,126.028
2015-01-29,124.859
2015-01-28,124.995
2015-01-27,122.819
2015-01-26,123.023
2015-01-23,124.315
2015-01-22,125.205
2015-01-21,126.299
2015-01-20,127.086
2015-01-16,126.579
2015-01-15,128.327
2015-01-14,125.763
2015-01-13,124.674
2015-01-12,123.203
2015-01-09,121.713
2015-01-08,120.357
2015-01-07,121.426
2015-01-06,122.381
2015-01-05,120.357
2015-01-02,118.101
2014-12-31,118.223
2014-12-30,119.073
2014-12-29,119.317
2014-12-26,118.979
2014-12-24,118.517
2014-12-23,118.288
2014-12-22,119.23
2014-12-19,120.381
2014-12-18,121.442
2014-12-17,123.319
2014-12-16,124.587
2014-12-15,121.346
2014-12-12,119.743
2014-12-11,117.827
2014-12-10,118.091
2014-12-09,115.457
2014-12-08,114.49
2014-12-05,113.89
2014-12-04,112.988
2014-12-03,112.779
2014-12-02,112.622
2014-12-01,111.652
2014-11-28,110.435
2014-11-26,111.055
2014-11-25,112.075
2014-11-24,112.399
2014-11-21,113.413
2014-11-20,114.414
2014-11-19,114.747
2014-11-18,114.243
2014-11-17,112.452
2014-11-14,110.476
2014-11-13,109.64
2014-11-12,108.406
2014-11-10,107.419
2014-11-07,107.538
2014-11-06,105.643
2014-11-05,105.447
2014-11-04,105.567
2014-11-03,104.924
2014-10-31,104.021
2014-10-30,104.673
2014-10-29,104.356
2014-10-28,103.585
2014-10-27,103.255
2014-10-24,102.769
2014-10-23,102.679
2014-10-22,103.831
2014-10-21,102.471
2014-10-20,102.81
2014-10-17,101.519
2014-10-16,101.19
2014-10-15,100.156
2014-10-14,99.284
2014-10-10,98.174
2014-10-09,96.728
2014-10-08,96.108
2014-10-07,94.06
2014-10-06,93.365
2014-10-03,93.824
2014-10-02,94.335
2014-10-01,95.236
2014-09-30,94.843
2014-09-29,95.208
2014-09-26,94.19
2014-09-25,93.157
2014-09-24,92.124
2014-09-23,92.463
2014-09-22,91.603
2014-09-19,90.395
2014-09-18,90.672
2014-09-17,90.196
2014-09-16,90.952
2014-09-15,90.838
2014-09-12,90.44
2014-09-11,90.085
2014-09-10,90.568
2014-09-09,90.581
2014-09-08,90.087
2014-09-05,90.387
2014-09-04,88.896
2014-09-03,89.033
2014-09-02,87.714
2014-08-29,86.048
2014-08-28,86.589
2014-08-27,87.338
2014-08-26,87.593
2014-08-25,87.774
2014-08-22,87.475
2014-08-21,87.954
2014-08-20,87.908
2014-08-19,88.695
2014-08-18,88.706
2014-08-15,88.876
2014-08-14,89.337
2014-08-13,89.719
2014-08-12,88.948
2014-08-11,88.1
2014-08-08,87.607
2014-08-07,88.119
2014-08-06,88.225
2014-08-05,87.754
2014-08-04,87.227
2014-08-01,87.066
2014-07-31,85.993
2014-07-30,85.644
2014-07-29,86.529
2014-07-28,86.405
2014-07-25,86.816
2014-07-24,86.45
2014-07-23,86.888
2014-07-22,87.107
2014-07-21,86.671
2014-07-18,87.238
2014-07-17,87.394
2014-07-16,87.52
2014-07-15,87.45
2014-07-14,87.802
2014-07-11,87.726
2014-07-10,87.495
2014-07-09,88.355
2014-07-08,87.603
2014-07-07,87.492
2014-07-03,87.581
2014-07-02,87.472
2014-07-01,88.021
2014-06-30,88.179
2014-06-27,87.242
2014-06-26,87.508
2014-06-25,86.708
2014-06-24,86.958
2014-06-23,87.099
2014-06-20,87.969
2014-06-19,88.01
2014-06-18,88.702
2014-06-17,88.235
2014-06-16,88.305
2014-06-13,88.36
2014-06-12,88.083
2014-06-11,88.356
2014-06-10,87.595
2014-06-09,87.89
2014-06-06,88.46
2014-06-05,88.655
2014-06-04,89.161
2014-06-03,89.093
2014-06-02,89.519
2014-05-30,89.548
2014-05-29,90.067
2014-05-28,90.892
2014-05-27,90.648
2014-05-23,90.959
2014-05-22,90.853
2014-05-21,91.014
2014-05-20,90.279
2014-05-19,89.113
2014-05-16,89.202
2014-05-15,89.983
2014-05-14,89.179
2014-05-13,89.122
2014-05-12,88.875
2014-05-09,89.25
2014-05-08,89.234
2014-05-07,89.269
2014-05-06,88.764
2014-05-05,88.121
2014-05-02,88.662
2014-05-01,89.06
2014-04-30,90.629
2014-04-29,90.652
2014-04-28,90.498
2014-04-25,90.15
2014-04-24,89.825
2014-04-23,89.513
2014-04-22,90.103
2014-04-21,90.143
2014-04-17,90.253
2014-04-16,90.347
2014-04-15,91.02
2014-04-14,91.405
2014-04-11,92.007
2014-04-10,90.761
2014-04-09,92.367
2014-04-08,91.588
2014-04-07,91.528
2014-04-04,92.32
2014-04-03,91.262
2014-04-02,92.341
2014-04-01,93.193
2014-03-31,94.246
2014-03-28,95.219
2014-03-27,95.66
2014-03-26,95.93
2014-03-25,95.791
2014-03-24,96.831
2014-03-21,97.82
2014-03-20,98.438
2014-03-19,98.037
2014-03-18,100.822
2014-03-17,100.895
2014-03-14,101.468
2014-03-13,101.052
2014-03-12,100.301
2014-03-11,99.416
2014-03-10,98.913
2014-03-07,97.3
2014-03-06,96.996
2014-03-05,96.625
2014-03-04,96.04
2014-03-03,97.137
2014-02-28,97.066
2014-02-27,98.163
2014-02-26,99.266
2014-02-25,99.756
2014-02-24,100.061
2014-02-21,100.326
2014-02-20,100.054
2014-02-19,99.138
2014-02-18,99.761
2014-02-14,100.439
2014-02-13,101.459
2014-02-12,101.983
2014-02-11,102.537
2014-02-10,103.862
2014-02-07,104.57
2014-02-06,100.548
2014-02-05,100.969
2014-02-04,101.819
2014-01-31,99.836
2014-01-30,99.526
2014-01-29,99.839
2014-01-28,98.454
2014-01-27,97.672
2014-01-24,98.133
2014-01-23,95.67
2014-01-22,94.432
2014-01-21,94.998
2014-01-17,95.24
2014-01-16,94.857
2014-01-15,95.042
2014-01-14,96.14
2014-01-13,96.844
2014-01-10,96.52
2014-01-09,96.537
2014-01-08,96.622
2014-01-07,96.865
2014-01-06,96.239
2014-01-03,96.172
2014-01-02,95.916
2013-12-31,95.269
2013-12-30,96.901
2013-12-27,98.285
2013-12-26,97.042
2013-12-24,98.091
2013-12-23,99.841
2013-12-20,103.048
2013-12-19,104.568
2013-12-18,107.744
2013-12-17,109.218
2013-12-16,108.814
2013-12-13,110.338
2013-12-12,110.232
2013-12-11,110.886
2013-12-10,112.349
2013-12-09,113.799
2013-12-06,113.408
2013-12-05,113.284
2013-12-04,113.26
2013-12-03,112.271
2013-12-02,112.157
2013-11-29,112.027
2013-11-27,113.423
2013-11-26,114.38
2013-11-25,115.462
2013-11-22,117.377
2013-11-21,118.887
2013-11-20,118.481
2013-11-19,120.373
2013-11-18,119.901
2013-11-15,121.347
2013-11-14,120.369
2013-11-13,121.323
2013-11-12,119.345
2013-11-08,118.492
2013-11-07,118.806
2013-11-06,118.244
2013-11-05,116.98
2013-11-04,117.1
2013-11-01,117.145
2013-10-31,117.242
2013-10-30,117.538
2013-10-29,118.543
2013-10-28,117.99
2013-10-25,118.065
2013-10-24,118.049
2013-10-23,118.013
2013-10-22,117.871
2013-10-21,117.853
2013-10-18,118.614
2013-10-17,120.05
2013-10-16,120.936
2013-10-15,122.246
2013-10-11,123.055
2013-10-10,124.192
2013-10-09,124.68
2013-10-08,125.374
2013-10-07,124.118
2013-10-04,123.45
2013-10-03,124.275
2013-10-02,124.645
2013-10-01,124.816
2013-09-30,124.494
2013-09-27,123.203
2013-09-26,122.633
2013-09-25,122.535
2013-09-24,121.335
2013-09-23,121.68
2013-09-20,120.588
2013-09-19,120.696
2013-09-18,124.21
2013-09-17,123.788
2013-09-16,122.389
2013-09-13,122.868
2013-09-12,123.115
2013-09-11,122.718
2013-09-10,122.558
2013-09-09,122.07
2013-09-06,120.608
2013-09-05,118.887
2013-09-04,120.059
2013-09-03,120.053
2013-08-30,119.156
2013-08-29,120.954
2013-08-28,121.842
2013-08-27,121.885
2013-08-26,121.006
2013-08-23,120.479
2013-08-22,121.04
2013-08-21,121.705
2013-08-20,122.519
2013-08-19,120.981
2013-08-16,121.086
2013-08-15,121.337
2013-08-14,120.809
2013-08-13,119.182
2013-08-12,119.436
2013-08-09,119.868
2013-08-08,118.526
2013-08-07,119.043
2013-08-06,118.366
2013-08-05,118.561
2013-08-02,119.162
2013-08-01,117.245
2013-07-31,119.345
2013-07-30,119.497
2013-07-29,119.276
2013-07-26,118.948
2013-07-25,119.787
2013-07-24,118.051
2013-07-23,117.541
2013-07-22,118.57
2013-07-19,120.842
2013-07-18,121.179
2013-07-17,122.458
2013-07-16,122.138
2013-07-15,123.331
2013-07-12,122.849
2013-07-11,124.857
2013-07-10,127.105
2013-07-09,125.017
2013-07-08,124.637
2013-07-05,121.303
2013-07-03,127.15
2013-07-02,130.255
2013-07-01,131.98
2013-06-28,134.168
2013-06-27,136.211
2013-06-26,136.989
2013-06-25,135.858
2013-06-24,135.17
2013-06-21,128.132
2013-06-20,126.671
2013-06-19,126.551
2013-06-18,129.171
2013-06-17,127.014
2013-06-14,126.485
2013-06-13,129.99
2013-06-12,126.677
2013-06-11,126.91
2013-06-10,122.909
2013-06-07,121.45
2013-06-06,123.813
2013-06-05,121.668
2013-06-04,118.662
2013-06-03,117.732
2013-05-31,115.271
2013-05-30,114.761
2013-05-29,114.273
2013-05-28,108.908
2013-05-24,113.278
2013-05-23,115.018
2013-05-22,113.683
2013-05-21,115.652
2013-05-20,114.941
2013-05-17,114.728
2013-05-16,115.978
2013-05-15,115.763
2013-05-14,114.111
2013-05-13,115.221
2013-05-10,115.295
2013-05-09,115.93
2013-05-08,116.067
2013-05-07,116.049
2013-05-06,116.286
2013-05-03,117.226
2013-05-02,119.192
2013-05-01,119.21
2013-04-30,119.588
2013-04-29,120.059
2013-04-26,119.744
2013-04-25,119.821
2013-04-24,119.69
2013-04-23,119.594
2013-04-22,121.288
2013-04-19,122.075
2013-04-18,121.763
2013-04-17,121.701
2013-04-16,120.496
2013-04-15,121.02
2013-04-12,119.953
2013-04-11,119.777
2013-04-10,119.589
2013-04-09,120.145
2013-04-08,119.625
2013-04-05,121.678
2013-04-04,122.145
2013-04-03,123.254
2013-04-02,123.184
2013-04-01,123.689
2013-03-28,122.365
2013-03-27,122.255
2013-03-26,121.152
2013-03-25,121.626
2013-03-22,121.693
2013-03-21,121.697
2013-03-20,120.993
2013-03-19,120.986
2013-03-18,121.595
2013-03-15,121.514
2013-03-14,121.313
2013-03-13,122.448
2013-03-12,122.284
2013-03-11,121.617
2013-03-08,121.908
2013-03-07,122.344
2013-03-06,123.743
2013-03-05,124.539
2013-03-04,124.796
2013-03-01,125.049
2013-02-28,124.341
2013-02-27,123.792
2013-02-26,123.701
2013-02-25,123.393
2013-02-22,124.14
2013-02-21,123.927
2013-02-20,123.533
2013-02-19,122.666
2013-02-15,123.66
2013-02-14,124.216
2013-02-13,123.495
2013-02-12,124.66
2013-02-11,124.779
2013-02-08,125.174
2013-02-07,125.105
2013-02-06,124.342
2013-02-05,123.229
2013-02-04,123.957
2013-02-01,122.698
2013-01-31,122.947
2013-01-30,122.433
2013-01-29,122.286
2013-01-28,122.664
2013-01-25,122.569
2013-01-24,125.348
2013-01-23,125.81
2013-01-22,125.693
2013-01-18,125.118
2013-01-17,124.486
2013-01-16,126.817
2013-01-15,126.641
2013-01-14,124.79
2013-01-11,123.474
2013-01-10,124.064
2013-01-09,124.798
2013-01-08,124.375
2013-01-07,123.425
2013-01-04,123.845
2013-01-03,122.56
2013-01-02,125.162
2012-12-31,126.732
2012-12-28,129.783
2012-12-27,129.272
2012-12-26,129.583
2012-12-24,130.413
2012-12-21,131.407
2012-12-20,131.417
2012-12-19,132.217
2012-12-18,133.23
2012-12-17,134.689
2012-12-14,136.954
2012-12-13,136.987
2012-12-12,137.319
2012-12-11,138.312
2012-12-10,138.911
2012-12-07,138.815
2012-12-06,138.068
2012-12-05,137.986
2012-12-04,138.65
2012-12-03,139.809
2012-11-30,139.237
2012-11-29,139.468
2012-11-28,139.951
2012-11-27,139.673
2012-11-26,138.559
2012-11-23,137.868
2012-11-21,139.938
2012-11-20,139.647
2012-11-19,139.937
2012-11-16,139.988
2012-11-15,139.952
2012-11-14,138.31
2012-11-13,136.689
2012-11-12,134.214
2012-11-09,134.314
2012-11-08,134.059
2012-11-07,131.961
2012-11-06,129.718
2012-11-05,129.973
2012-11-02,128.283
2012-11-01,128.11
2012-10-31,125.837
2012-10-30,125.66
2012-10-29,127.178
2012-10-26,126.91
2012-10-25,125.082
2012-10-24,127.595
2012-10-23,126.476
2012-10-22,124.374
2012-10-19,124.464
2012-10-18,121.581
2012-10-17,122.638
2012-10-16,127.896
2012-10-15,130.189
2012-10-12,130.697
2012-10-11,132.669
2012-10-10,134.502
2012-10-09,133.517
2012-10-08,129.545
2012-10-05,132.301
2012-10-04,136.793
2012-10-03,139.284
2012-10-02,139.187
2012-10-01,140.641
2012-09-28,142.578
2012-09-27,143.664
2012-09-26,143.497
2012-09-25,144.215
2012-09-24,143.764
2012-09-21,144.003
2012-09-20,143.634
2012-09-19,143.46
2012-09-18,141.86
2012-09-17,140.49
2012-09-14,143.619
2012-09-13,147.933
2012-09-12,147.807
2012-09-11,150.227
2012-09-10,151.273
2012-09-07,151.273
2012-09-06,154.782
2012-09-05,157.611
2012-09-04,157.222
2012-09-03,155.983
2012-08-31,156.438
2012-08-30,156.403
2012-08-29,156.472
2012-08-28,156.891
2012-08-27,156.074
2012-08-24,155.103
2012-08-23,154.443
2012-08-22,154.471
2012-08-21,152.915
2012-08-20,153.098
2012-08-17,154.003
2012-08-16,153.274
2012-08-15,153.569
2012-08-14,155.635
2012-08-13,155.784
2012-08-10,153.612
2012-08-09,154.472
2012-08-08,154.385
2012-08-07,153.204
2012-08-06,154.901
2012-08-03,155.486
2012-08-02,157.008
2012-08-01,159.034
2012-07-31,161.486
2012-07-30,161.842
2012-07-27,163.728
2012-07-26,165.117
2012-07-25,164.003
2012-07-24,164.245
2012-07-23,163.356
2012-07-20,162.974
2012-07-19,161.016
2012-07-18,161.139
2012-07-17,166.792
2012-07-16,170.319
2012-07-13,171.77
2012-07-12,174.82
2012-07-11,174.369
2012-07-10,174.672
2012-07-09,173.883
2012-07-06,169.419
2012-07-05,168.161
2012-07-04,170.243
2012-07-03,170.703
2012-07-02,175.001
2012-06-29,177.818
2012-06-28,180.536
2012-06-27,180.51
2012-06-26,180.411
2012-06-25,179.657
2012-06-22,176.609
2012-06-21,178.161
2012-06-20,180.538
2012-06-19,181.426
2012-06-18,184.896
2012-06-15,184.757
2012-06-14,184.314
2012-06-13,184.616
2012-06-12,183.518
2012-06-11,180.389
2012-06-08,179.684
2012-06-07,179.978
2012-06-06,184.844
2012-06-05,185.324
2012-06-04,183.388
2012-06-01,181.954
2012-05-31,181.334
2012-05-30,180.629
2012-05-29,179.728
2012-05-28,178.369
2012-05-25,178.998
2012-05-24,179.389
2012-05-23,177.95
2012-05-22,175.338
2012-05-21,167.39
2012-05-18,159.925
2012-05-17,161.867
2012-05-16,162.811
2012-05-15,163.847
2012-05-14,163.737
2012-05-11,162.482
2012-05-10,163.036
2012-05-09,163.661
2012-05-08,162.856
2012-05-07,162.704
2012-05-04,162.158
2012-05-03,161.287
2012-05-02,163.146
2012-05-01,163.804
2012-04-30,164.26
2012-04-27,163.942
2012-04-26,164.566
2012-04-25,164.649
2012-04-24,163.923
2012-04-23,163.77
2012-04-20,164.144
2012-04-19,163.553
2012-04-18,163.863
2012-04-17,162.465
2012-04-16,161.755
2012-04-13,160.112
2012-04-12,159.745
2012-04-11,158.611
2012-04-10,154.08
2012-04-09,153.452
2012-04-06,154.682
2012-04-05,155.298
2012-04-04,154.93
2012-04-03,154.274
2012-04-02,156.334
2012-03-30,155.331
2012-03-29,156.027
2012-03-28,156.108
2012-03-27,155.95
2012-03-26,154.635
2012-03-23,153.49
2012-03-22,152.468
2012-03-21,150.365
2012-03-20,149.052
2012-03-19,146.223
2012-03-16,152.793
2012-03-15,152.688
2012-03-14,154.692
2012-03-13,158.835
2012-03-12,160.879
2012-03-09,158.358
2012-03-08,158.522
2012-03-07,158.539
2012-03-06,158.445
2012-03-05,157.844
2012-03-02,155.413
2012-03-01,155.945
2012-02-29,158.003
2012-02-28,160.608
2012-02-27,160.386
2012-02-24,160.581
2012-02-23,162.505
2012-02-22,164.43
2012-02-21,162.519
2012-02-20,161.086
2012-02-17,164.258
2012-02-16,162.382
2012-02-15,164.586
2012-02-14,164.027
2012-02-13,161.024
2012-02-10,164.02
2012-02-09,162.337
2012-02-08,162.308
2012-02-07,160.838
2012-02-06,165.231
2012-02-03,165.792
2012-02-02,174.107
2012-02-01,175.28
2012-01-31,171.604
2012-01-30,169.352
2012-01-27,169.076
2012-01-26,167.961
2012-01-25,172.474
2012-01-24,170.788
2012-01-23,170.762
2012-01-20,172.128
2012-01-19,171.5
2012-01-18,179.068
2012-01-17,181.753
2012-01-16,185.15
2012-01-13,183.519
2012-01-12,182.264
2012-01-11,180.869
2012-01-10,178.92
2012-01-09,182.827
2012-01-06,182.282
2012-01-05,181.335
2012-01-04,179.059
2012-01-03,170.316
